txn_id,account_id,txn_date,txn_type,merchant,amount_usd,currency,signed_amount_usd
9000000,10687,2025-08-04,DEBIT,CVS,346.75,USD,-346.75
9000001,11387,2025-11-04,DEBIT,Starbucks,374.23,USD,-374.23
9000002,11877,2025-08-30,DEBIT,Costco,102.7,USD,-102.7
9000003,10987,2024-01-16,DEBIT,Walmart,467.4,USD,-467.4
9000004,11200,2024-08-17,DEBIT,Netflix,263.84,USD,-263.84
9000005,11825,2024-09-23,CREDIT,Shell,47.13,USD,47.13
9000006,10143,2024-11-01,DEBIT,Target,199.14,USD,-199.14
9000007,10522,2024-01-06,CREDIT,Amazon,301.22,USD,301.22
9000008,11504,2024-04-19,CREDIT,Walmart,177.06,USD,177.06
9000009,11515,2024-05-22,DEBIT,CVS,349.9,USD,-349.9
9000010,11509,2025-10-28,CREDIT,Starbucks,441.14,USD,441.14
9000011,10658,2024-07-25,CREDIT,Costco,386.17,USD,386.17
9000012,11883,2025-03-04,CREDIT,Starbucks,321.69,USD,321.69
9000013,11948,2024-06-14,CREDIT,Amazon,256.57,USD,256.57
9000014,10484,2024-09-16,DEBIT,Amazon,127.98,USD,-127.98
9000015,10821,2025-11-15,DEBIT,Walmart,228.02,USD,-228.02
9000016,11460,2025-01-28,DEBIT,Amazon,147.18,USD,-147.18
9000017,10194,2024-04-30,CREDIT,Shell,467.08,USD,467.08
9000018,10465,2025-02-16,DEBIT,Walmart,453.75,USD,-453.75
9000019,10977,2024-05-19,DEBIT,Shell,78.76,USD,-78.76
9000020,11099,2024-06-16,CREDIT,Starbucks,411.49,USD,411.49
9000021,11183,2024-03-24,DEBIT,Amazon,351.75,USD,-351.75
9000022,10489,2025-02-24,DEBIT,Uber,487.63,USD,-487.63
9000023,10099,2025-12-06,CREDIT,Walmart,232.19,USD,232.19
9000024,10115,2024-09-24,CREDIT,Apple,361.37,USD,361.37
9000025,10379,2024-02-07,DEBIT,Starbucks,259.42,USD,-259.42
9000026,11618,2024-10-29,DEBIT,Costco,35.63,USD,-35.63
9000027,10823,2024-12-03,DEBIT,Target,24.34,USD,-24.34
9000028,10062,2024-11-25,DEBIT,Starbucks,61.93,USD,-61.93
9000029,10131,2024-07-17,DEBIT,CVS,148.8,USD,-148.8
9000030,11271,2024-01-05,DEBIT,Netflix,130.3,USD,-130.3
9000031,10394,2025-03-07,DEBIT,Costco,364.44,USD,-364.44
9000032,10642,2025-01-05,DEBIT,Target,358.25,USD,-358.25
9000033,11434,2024-04-12,DEBIT,Uber,485.73,USD,-485.73
9000034,11902,2025-03-10,CREDIT,Amazon,155.89,USD,155.89
9000035,10975,2025-10-11,CREDIT,Walmart,469.29,USD,469.29
9000036,11451,2025-01-15,DEBIT,Target,306.81,USD,-306.81
9000037,10913,2024-03-06,DEBIT,CVS,248.16,USD,-248.16
9000038,10669,2025-08-01,CREDIT,Netflix,334.25,USD,334.25
9000039,10727,2024-09-26,CREDIT,Netflix,351.67,USD,351.67
9000040,11349,2024-02-16,DEBIT,Amazon,86.79,USD,-86.79
9000041,11966,2024-12-30,CREDIT,Costco,376.11,USD,376.11
9000042,10545,2024-06-28,DEBIT,Target,362.86,USD,-362.86
9000043,10374,2024-03-08,CREDIT,Target,498.77,USD,498.77
9000044,10843,2024-04-24,CREDIT,Walmart,456.06,USD,456.06
9000045,10297,2024-01-26,CREDIT,Target,342.65,USD,342.65
9000046,11302,2025-07-12,CREDIT,Apple,356.47,USD,356.47
9000047,10995,2024-07-25,DEBIT,CVS,473.05,USD,-473.05
9000048,10295,2024-03-13,DEBIT,Uber,483.62,USD,-483.62
9000049,11550,2024-09-15,DEBIT,Walmart,413.66,USD,-413.66
9000050,10114,2025-01-20,DEBIT,Shell,383.93,USD,-383.93
9000051,11999,2024-01-30,CREDIT,Amazon,56.57,USD,56.57
9000052,10492,2025-02-24,CREDIT,CVS,415.33,USD,415.33
9000053,11080,2024-01-03,CREDIT,Shell,127.34,USD,127.34
9000054,10878,2025-06-04,DEBIT,Walmart,282.33,USD,-282.33
9000055,11165,2025-06-03,CREDIT,Costco,203.28,USD,203.28
9000056,10718,2025-06-04,DEBIT,Uber,173.46,USD,-173.46
9000057,10651,2025-02-04,DEBIT,Uber,155.81,USD,-155.81
9000058,10618,2025-10-25,DEBIT,Netflix,427.86,USD,-427.86
9000059,11908,2025-10-15,DEBIT,Target,384.8,USD,-384.8
9000060,11826,2024-09-30,CREDIT,CVS,262.2,USD,262.2
9000061,10408,2025-04-16,DEBIT,Target,332.58,USD,-332.58
9000062,11101,2025-01-06,DEBIT,Uber,492.28,USD,-492.28
9000063,11025,2025-03-06,CREDIT,CVS,199.37,USD,199.37
9000064,10785,2025-06-22,DEBIT,Target,276.0,USD,-276.0
9000065,10034,2024-12-13,DEBIT,CVS,267.23,USD,-267.23
9000066,11800,2024-03-11,DEBIT,Shell,468.05,USD,-468.05
9000067,10394,2025-04-26,DEBIT,Costco,176.43,USD,-176.43
9000068,11241,2025-12-31,DEBIT,Starbucks,493.14,USD,-493.14
9000069,11090,2024-09-12,CREDIT,Target,153.04,USD,153.04
9000070,11092,2024-04-12,CREDIT,Netflix,55.34,USD,55.34
9000071,11247,2024-05-26,DEBIT,Target,96.5,USD,-96.5
9000072,10360,2025-10-31,DEBIT,Apple,213.68,USD,-213.68
9000073,10457,2024-05-19,CREDIT,Uber,325.23,USD,325.23
9000074,10293,2025-10-16,CREDIT,Netflix,258.9,USD,258.9
9000075,11349,2025-09-12,CREDIT,Apple,188.76,USD,188.76
9000076,11226,2025-02-26,CREDIT,Netflix,281.45,USD,281.45
9000077,10592,2024-03-04,CREDIT,Uber,419.56,USD,419.56
9000078,10954,2024-09-27,CREDIT,Apple,419.63,USD,419.63
9000079,11601,2025-11-28,CREDIT,CVS,363.39,USD,363.39
9000080,10296,2025-05-27,DEBIT,Netflix,476.27,USD,-476.27
9000081,11815,2024-01-07,DEBIT,CVS,295.51,USD,-295.51
9000082,10945,2025-01-27,CREDIT,Shell,4.82,USD,4.82
9000083,10260,2024-01-01,DEBIT,CVS,146.17,USD,-146.17
9000084,10788,2024-09-17,DEBIT,Costco,164.78,USD,-164.78
9000085,11541,2024-02-16,CREDIT,Target,274.12,USD,274.12
9000086,11155,2024-01-02,DEBIT,Starbucks,452.54,USD,-452.54
9000087,11800,2025-06-18,DEBIT,CVS,419.22,USD,-419.22
9000088,11348,2024-12-24,DEBIT,Target,116.85,USD,-116.85
9000089,11091,2025-04-21,DEBIT,Starbucks,260.18,USD,-260.18
9000090,11149,2025-02-25,CREDIT,Walmart,329.92,USD,329.92
9000091,11416,2025-08-18,CREDIT,Target,493.77,USD,493.77
9000092,10401,2024-07-22,CREDIT,Netflix,16.62,USD,16.62
9000093,10826,2024-08-14,DEBIT,Shell,232.47,USD,-232.47
9000094,11706,2024-05-30,DEBIT,Starbucks,494.07,USD,-494.07
9000095,10335,2024-09-03,DEBIT,Target,488.63,USD,-488.63
9000096,10961,2024-01-17,DEBIT,Uber,166.03,USD,-166.03
9000097,10028,2024-10-30,CREDIT,Target,1.01,USD,1.01
9000098,11711,2025-05-28,DEBIT,Target,293.78,USD,-293.78
9000099,11842,2024-07-15,DEBIT,Costco,433.6,USD,-433.6
9000100,11961,2025-03-21,DEBIT,Uber,162.82,USD,-162.82
9000101,10803,2024-12-06,DEBIT,Apple,467.2,USD,-467.2
9000102,10843,2024-03-01,CREDIT,Target,167.02,USD,167.02
9000103,11640,2024-09-23,DEBIT,Shell,305.49,USD,-305.49
9000104,10044,2024-04-06,DEBIT,Uber,361.3,USD,-361.3
9000105,11124,2024-10-09,DEBIT,Shell,173.36,USD,-173.36
9000106,11249,2024-09-03,DEBIT,Walmart,176.75,USD,-176.75
9000107,10418,2024-02-04,DEBIT,Costco,235.53,USD,-235.53
9000108,10615,2025-04-13,CREDIT,Walmart,417.78,USD,417.78
9000109,10261,2024-03-08,CREDIT,Target,51.32,USD,51.32
9000110,10764,2024-07-07,DEBIT,Target,316.11,USD,-316.11
9000111,11700,2024-02-10,DEBIT,Starbucks,339.0,USD,-339.0
9000112,10291,2025-08-30,CREDIT,Target,279.38,USD,279.38
9000113,11235,2025-11-13,CREDIT,Shell,467.98,USD,467.98
9000114,11679,2024-03-07,DEBIT,CVS,301.39,USD,-301.39
9000115,11479,2024-11-03,DEBIT,Netflix,317.65,USD,-317.65
9000116,11259,2024-04-28,DEBIT,Amazon,300.28,USD,-300.28
9000117,10533,2025-11-13,CREDIT,Apple,361.29,USD,361.29
9000118,11092,2024-07-04,CREDIT,Walmart,68.57,USD,68.57
9000119,11604,2024-03-10,CREDIT,Shell,447.24,USD,447.24
9000120,11269,2025-11-01,DEBIT,CVS,22.2,USD,-22.2
9000121,10574,2024-10-10,CREDIT,Shell,320.73,USD,320.73
9000122,10236,2025-09-10,CREDIT,Netflix,308.12,USD,308.12
9000123,11354,2025-07-01,DEBIT,Shell,104.85,USD,-104.85
9000124,10362,2024-12-13,CREDIT,Amazon,21.31,USD,21.31
9000125,10530,2024-07-13,CREDIT,Shell,70.28,USD,70.28
9000126,10742,2025-04-28,DEBIT,Amazon,136.56,USD,-136.56
9000127,10464,2025-08-10,DEBIT,Target,441.17,USD,-441.17
9000128,11252,2024-10-06,DEBIT,Uber,428.01,USD,-428.01
9000129,11893,2024-12-13,CREDIT,Target,32.86,USD,32.86
9000130,11532,2025-08-14,DEBIT,Walmart,145.34,USD,-145.34
9000131,10381,2025-04-22,DEBIT,Target,444.77,USD,-444.77
9000132,10126,2024-04-07,DEBIT,Costco,119.09,USD,-119.09
9000133,10657,2024-10-08,CREDIT,Walmart,497.99,USD,497.99
9000134,11905,2025-09-21,DEBIT,Starbucks,129.16,USD,-129.16
9000135,11864,2025-02-22,DEBIT,Target,369.82,USD,-369.82
9000136,11137,2024-08-10,DEBIT,Costco,209.11,USD,-209.11
9000137,10242,2024-09-08,DEBIT,Netflix,68.99,USD,-68.99
9000138,11168,2024-03-20,CREDIT,CVS,128.32,USD,128.32
9000139,10552,2025-11-12,DEBIT,Target,337.88,USD,-337.88
9000140,11696,2025-02-16,DEBIT,Walmart,169.19,USD,-169.19
9000141,10438,2025-10-30,DEBIT,Walmart,302.46,USD,-302.46
9000142,11361,2025-01-27,DEBIT,Starbucks,103.56,USD,-103.56
9000143,10407,2024-11-29,DEBIT,Costco,224.84,USD,-224.84
9000144,10588,2024-11-23,DEBIT,Walmart,256.61,USD,-256.61
9000145,11191,2024-01-02,DEBIT,Walmart,206.98,USD,-206.98
9000146,10795,2024-07-21,CREDIT,Shell,99.76,USD,99.76
9000147,11645,2024-09-14,CREDIT,Target,231.32,USD,231.32
9000148,11730,2025-01-01,CREDIT,Target,346.76,USD,346.76
9000149,11763,2024-05-25,DEBIT,Apple,482.49,USD,-482.49
9000150,11994,2025-01-12,DEBIT,Apple,394.97,USD,-394.97
9000151,11190,2025-03-16,CREDIT,Apple,81.57,USD,81.57
9000152,11556,2025-03-30,DEBIT,Starbucks,137.08,USD,-137.08
9000153,11188,2025-02-10,CREDIT,Uber,40.33,USD,40.33
9000154,10641,2024-01-19,DEBIT,Costco,68.69,USD,-68.69
9000155,11285,2025-03-08,DEBIT,Uber,126.09,USD,-126.09
9000156,10563,2025-03-04,CREDIT,Amazon,100.56,USD,100.56
9000157,11284,2024-09-08,DEBIT,Shell,107.61,USD,-107.61
9000158,11198,2025-07-15,CREDIT,Shell,116.15,USD,116.15
9000159,10810,2025-10-10,CREDIT,Target,151.04,USD,151.04
9000160,11119,2024-08-08,DEBIT,Costco,63.67,USD,-63.67
9000161,11380,2024-04-22,DEBIT,Netflix,139.64,USD,-139.64
9000162,10369,2024-05-28,CREDIT,Netflix,344.52,USD,344.52
9000163,11575,2025-07-13,DEBIT,Starbucks,118.96,USD,-118.96
9000164,10906,2024-02-27,DEBIT,Target,86.75,USD,-86.75
9000165,11744,2024-07-15,DEBIT,CVS,34.78,USD,-34.78
9000166,11165,2025-10-10,CREDIT,Starbucks,250.49,USD,250.49
9000167,10769,2025-12-07,CREDIT,Target,421.15,USD,421.15
9000168,11190,2025-12-18,CREDIT,Target,30.45,USD,30.45
9000169,11726,2024-01-18,CREDIT,Amazon,271.62,USD,271.62
9000170,11342,2024-08-02,CREDIT,Uber,325.66,USD,325.66
9000171,11654,2025-12-18,DEBIT,Costco,296.64,USD,-296.64
9000172,10657,2025-09-27,DEBIT,Apple,438.93,USD,-438.93
9000173,10992,2024-01-16,DEBIT,Apple,433.33,USD,-433.33
9000174,11885,2025-11-07,CREDIT,Apple,29.6,USD,29.6
9000175,11358,2025-10-21,DEBIT,Starbucks,181.11,USD,-181.11
9000176,10988,2025-02-02,CREDIT,Walmart,335.74,USD,335.74
9000177,11497,2024-08-20,CREDIT,Starbucks,476.27,USD,476.27
9000178,11664,2024-01-25,DEBIT,CVS,402.54,USD,-402.54
9000179,11168,2025-02-04,DEBIT,Target,89.12,USD,-89.12
9000180,11077,2024-12-30,DEBIT,CVS,140.33,USD,-140.33
9000181,10121,2024-10-21,CREDIT,Walmart,382.03,USD,382.03
9000182,11147,2025-03-12,DEBIT,Uber,236.27,USD,-236.27
9000183,10166,2024-03-11,CREDIT,CVS,274.1,USD,274.1
9000184,10943,2025-12-12,CREDIT,Costco,304.88,USD,304.88
9000185,10833,2025-07-12,DEBIT,Netflix,52.54,USD,-52.54
9000186,11678,2024-01-25,CREDIT,CVS,428.13,USD,428.13
9000187,10021,2025-12-25,DEBIT,Costco,431.7,USD,-431.7
9000188,11299,2025-01-08,DEBIT,Target,234.65,USD,-234.65
9000189,11884,2025-06-28,DEBIT,Walmart,313.8,USD,-313.8
9000190,11962,2025-04-02,CREDIT,Costco,330.29,USD,330.29
9000191,11975,2024-08-01,DEBIT,Apple,95.67,USD,-95.67
9000192,10407,2024-07-29,DEBIT,CVS,57.18,USD,-57.18
9000193,10481,2025-06-24,CREDIT,Uber,11.32,USD,11.32
9000194,10298,2024-02-08,DEBIT,Uber,456.53,USD,-456.53
9000195,10276,2024-09-16,DEBIT,CVS,173.51,USD,-173.51
9000196,10815,2025-11-07,CREDIT,CVS,43.83,USD,43.83
9000197,10321,2024-04-04,DEBIT,Apple,233.43,USD,-233.43
9000198,10114,2025-01-24,DEBIT,Netflix,38.74,USD,-38.74
9000199,10271,2024-08-07,DEBIT,CVS,43.54,USD,-43.54
9000200,11191,2024-09-24,CREDIT,Starbucks,244.95,USD,244.95
9000201,11812,2025-05-08,DEBIT,Shell,254.91,USD,-254.91
9000202,11459,2025-09-21,DEBIT,CVS,290.49,USD,-290.49
9000203,11892,2024-03-06,CREDIT,Amazon,328.5,USD,328.5
9000204,10263,2025-01-21,DEBIT,Amazon,334.47,USD,-334.47
9000205,10249,2024-07-11,CREDIT,Uber,217.07,USD,217.07
9000206,11485,2024-11-15,CREDIT,Shell,322.12,USD,322.12
9000207,10877,2025-06-30,DEBIT,Shell,153.07,USD,-153.07
9000208,10438,2024-06-23,DEBIT,Apple,221.21,USD,-221.21
9000209,11790,2024-04-21,DEBIT,Starbucks,197.27,USD,-197.27
9000210,11365,2024-11-03,CREDIT,CVS,165.23,USD,165.23
9000211,11489,2024-12-05,DEBIT,CVS,120.05,USD,-120.05
9000212,11081,2024-03-20,CREDIT,Walmart,40.15,USD,40.15
9000213,10004,2025-04-22,DEBIT,Starbucks,253.45,USD,-253.45
9000214,11961,2024-04-20,DEBIT,Starbucks,269.11,USD,-269.11
9000215,11646,2025-05-01,DEBIT,Walmart,168.74,USD,-168.74
9000216,11900,2025-03-28,DEBIT,Shell,487.95,USD,-487.95
9000217,11821,2025-02-16,DEBIT,CVS,278.92,USD,-278.92
9000218,10862,2025-08-26,DEBIT,Starbucks,444.62,USD,-444.62
9000219,10264,2024-07-04,CREDIT,Starbucks,285.47,USD,285.47
9000220,11272,2025-07-06,DEBIT,Amazon,95.77,USD,-95.77
9000221,10094,2024-03-27,CREDIT,Amazon,487.34,USD,487.34
9000222,11886,2024-08-11,DEBIT,Amazon,442.78,USD,-442.78
9000223,11832,2024-02-20,DEBIT,Shell,236.17,USD,-236.17
9000224,10818,2024-05-05,CREDIT,CVS,122.29,USD,122.29
9000225,10696,2024-05-25,DEBIT,Walmart,112.11,USD,-112.11
9000226,11480,2024-02-10,DEBIT,Shell,403.2,USD,-403.2
9000227,10740,2024-12-20,DEBIT,Apple,35.49,USD,-35.49
9000228,10316,2025-03-20,DEBIT,Starbucks,319.39,USD,-319.39
9000229,10773,2024-12-28,CREDIT,Apple,320.43,USD,320.43
9000230,10118,2025-06-19,DEBIT,Uber,92.04,USD,-92.04
9000231,11769,2024-10-10,DEBIT,Target,352.75,USD,-352.75
9000232,10793,2024-02-05,CREDIT,Uber,353.0,USD,353.0
9000233,10201,2024-10-03,DEBIT,Costco,175.67,USD,-175.67
9000234,11797,2025-11-26,CREDIT,Shell,242.2,USD,242.2
9000235,11076,2024-11-20,DEBIT,Shell,416.55,USD,-416.55
9000236,10316,2025-10-27,DEBIT,Amazon,262.05,USD,-262.05
9000237,11696,2024-06-30,CREDIT,Starbucks,309.46,USD,309.46
9000238,11267,2025-04-15,DEBIT,Apple,206.97,USD,-206.97
9000239,11964,2025-02-20,CREDIT,Costco,75.65,USD,75.65
9000240,11117,2025-10-27,CREDIT,CVS,499.04,USD,499.04
9000241,11575,2024-05-29,DEBIT,CVS,266.24,USD,-266.24
9000242,11303,2025-02-07,DEBIT,Apple,168.89,USD,-168.89
9000243,11115,2025-05-28,DEBIT,Amazon,357.18,USD,-357.18
9000244,10812,2025-07-19,CREDIT,Amazon,310.79,USD,310.79
9000245,10037,2025-03-16,CREDIT,Netflix,117.22,USD,117.22
9000246,10412,2024-09-02,DEBIT,Target,438.59,USD,-438.59
9000247,10242,2024-02-15,DEBIT,Netflix,36.38,USD,-36.38
9000248,11387,2024-03-15,DEBIT,Starbucks,303.24,USD,-303.24
9000249,11998,2024-05-28,DEBIT,Amazon,239.47,USD,-239.47
9000250,11671,2025-02-09,CREDIT,Shell,159.78,USD,159.78
9000251,11087,2024-01-03,CREDIT,Costco,413.36,USD,413.36
9000252,10854,2024-01-09,DEBIT,Apple,328.48,USD,-328.48
9000253,11898,2025-05-28,DEBIT,Walmart,379.99,USD,-379.99
9000254,10200,2024-08-25,DEBIT,Costco,207.91,USD,-207.91
9000255,10306,2025-06-23,DEBIT,Walmart,471.26,USD,-471.26
9000256,11994,2024-10-16,CREDIT,Apple,173.02,USD,173.02
9000257,11797,2024-06-29,DEBIT,CVS,265.99,USD,-265.99
9000258,10174,2024-11-10,DEBIT,Uber,466.89,USD,-466.89
9000259,11712,2024-09-22,DEBIT,Apple,42.51,USD,-42.51
9000260,10971,2024-03-23,DEBIT,Uber,55.3,USD,-55.3
9000261,11015,2024-09-14,DEBIT,Target,497.1,USD,-497.1
9000262,10993,2025-07-13,CREDIT,Shell,485.72,USD,485.72
9000263,10596,2025-10-07,CREDIT,Starbucks,386.08,USD,386.08
9000264,10671,2024-07-17,DEBIT,Amazon,242.61,USD,-242.61
9000265,10693,2024-10-18,DEBIT,Shell,253.52,USD,-253.52
9000266,10547,2025-10-09,CREDIT,Target,129.35,USD,129.35
9000267,11880,2024-03-23,CREDIT,Uber,216.93,USD,216.93
9000268,11122,2024-09-22,CREDIT,Costco,216.24,USD,216.24
9000269,11249,2025-02-20,DEBIT,Target,19.01,USD,-19.01
9000270,11938,2025-12-31,DEBIT,Starbucks,227.13,USD,-227.13
9000271,10548,2024-01-19,DEBIT,Shell,240.42,USD,-240.42
9000272,10272,2025-06-13,DEBIT,Apple,333.23,USD,-333.23
9000273,10975,2025-01-05,DEBIT,Target,258.71,USD,-258.71
9000274,10783,2025-11-21,CREDIT,Shell,430.98,USD,430.98
9000275,11209,2024-01-23,CREDIT,Starbucks,184.41,USD,184.41
9000276,10939,2025-01-19,DEBIT,Apple,205.45,USD,-205.45
9000277,10451,2025-09-10,DEBIT,Target,286.17,USD,-286.17
9000278,10560,2025-10-04,DEBIT,Shell,102.16,USD,-102.16
9000279,11528,2025-06-05,CREDIT,Uber,197.36,USD,197.36
9000280,10093,2025-01-13,DEBIT,Costco,343.4,USD,-343.4
9000281,11330,2025-12-11,DEBIT,Starbucks,206.49,USD,-206.49
9000282,11761,2024-03-30,DEBIT,Amazon,453.4,USD,-453.4
9000283,10516,2024-05-23,CREDIT,Costco,308.03,USD,308.03
9000284,11888,2025-09-12,DEBIT,Shell,77.73,USD,-77.73
9000285,10953,2024-07-22,DEBIT,Starbucks,244.23,USD,-244.23
9000286,10173,2025-07-09,CREDIT,Target,382.62,USD,382.62
9000287,10694,2025-06-03,CREDIT,Costco,322.03,USD,322.03
9000288,11096,2025-01-26,DEBIT,Netflix,442.75,USD,-442.75
9000289,11168,2024-10-27,CREDIT,Shell,375.24,USD,375.24
9000290,10907,2025-05-19,DEBIT,Target,31.75,USD,-31.75
9000291,11687,2024-06-01,DEBIT,Apple,57.14,USD,-57.14
9000292,10055,2025-06-12,CREDIT,Uber,325.22,USD,325.22
9000293,10694,2024-12-04,CREDIT,Target,119.97,USD,119.97
9000294,10633,2025-05-26,DEBIT,Uber,294.33,USD,-294.33
9000295,10243,2024-11-30,CREDIT,Walmart,396.32,USD,396.32
9000296,10893,2025-05-23,DEBIT,Starbucks,288.89,USD,-288.89
9000297,10203,2024-02-25,CREDIT,Shell,208.33,USD,208.33
9000298,11614,2025-07-09,DEBIT,Starbucks,323.49,USD,-323.49
9000299,10015,2025-07-04,DEBIT,Walmart,72.67,USD,-72.67
9000300,10125,2024-05-09,DEBIT,Netflix,361.88,USD,-361.88
9000301,10598,2024-04-07,CREDIT,Shell,348.82,USD,348.82
9000302,10465,2025-02-25,CREDIT,Uber,257.69,USD,257.69
9000303,10789,2024-03-20,CREDIT,Target,140.13,USD,140.13
9000304,11901,2024-10-14,DEBIT,Shell,398.98,USD,-398.98
9000305,11451,2024-06-17,DEBIT,CVS,255.76,USD,-255.76
9000306,11374,2024-03-19,DEBIT,Walmart,30.53,USD,-30.53
9000307,11578,2024-03-11,DEBIT,Netflix,459.39,USD,-459.39
9000308,10078,2024-09-19,DEBIT,CVS,384.09,USD,-384.09
9000309,11524,2025-12-12,CREDIT,Shell,292.82,USD,292.82
9000310,10788,2025-12-23,CREDIT,Starbucks,218.98,USD,218.98
9000311,11402,2025-06-13,DEBIT,Netflix,479.99,USD,-479.99
9000312,10263,2024-07-28,CREDIT,Costco,387.74,USD,387.74
9000313,10304,2024-04-26,CREDIT,Shell,267.96,USD,267.96
9000314,11511,2025-09-07,DEBIT,Starbucks,326.92,USD,-326.92
9000315,10739,2024-03-17,CREDIT,Uber,141.09,USD,141.09
9000316,10124,2024-11-10,DEBIT,Target,98.66,USD,-98.66
9000317,10617,2024-01-11,CREDIT,Apple,137.39,USD,137.39
9000318,10741,2024-02-20,DEBIT,Uber,147.27,USD,-147.27
9000319,11669,2024-01-07,DEBIT,Uber,370.13,USD,-370.13
9000320,10080,2025-07-02,DEBIT,Netflix,70.89,USD,-70.89
9000321,10871,2024-09-17,CREDIT,CVS,389.02,USD,389.02
9000322,11644,2025-07-27,DEBIT,Starbucks,262.17,USD,-262.17
9000323,10174,2025-05-26,DEBIT,Amazon,192.9,USD,-192.9
9000324,10675,2024-07-18,CREDIT,Starbucks,150.9,USD,150.9
9000325,11148,2024-11-25,DEBIT,Apple,257.09,USD,-257.09
9000326,10347,2024-03-30,DEBIT,Amazon,159.44,USD,-159.44
9000327,11912,2025-08-13,DEBIT,Target,215.3,USD,-215.3
9000328,11390,2024-02-24,DEBIT,Apple,369.77,USD,-369.77
9000329,11558,2024-08-08,CREDIT,Netflix,313.37,USD,313.37
9000330,11438,2024-04-01,CREDIT,Netflix,374.24,USD,374.24
9000331,10877,2025-08-08,CREDIT,Netflix,356.77,USD,356.77
9000332,10842,2024-02-25,DEBIT,Costco,407.72,USD,-407.72
9000333,10573,2024-06-27,DEBIT,Walmart,101.64,USD,-101.64
9000334,10723,2024-03-01,DEBIT,Target,497.57,USD,-497.57
9000335,11275,2024-04-26,DEBIT,Netflix,238.41,USD,-238.41
9000336,10607,2025-08-12,CREDIT,Apple,359.4,USD,359.4
9000337,11744,2024-08-23,DEBIT,Amazon,339.2,USD,-339.2
9000338,10568,2024-02-02,DEBIT,CVS,283.51,USD,-283.51
9000339,10233,2025-07-20,CREDIT,Netflix,497.91,USD,497.91
9000340,10357,2024-08-30,DEBIT,Walmart,109.44,USD,-109.44
9000341,11349,2024-03-14,CREDIT,Uber,211.44,USD,211.44
9000342,11088,2024-01-21,DEBIT,Netflix,64.74,USD,-64.74
9000343,10292,2025-12-13,CREDIT,Uber,91.74,USD,91.74
9000344,11347,2024-06-02,CREDIT,Apple,356.77,USD,356.77
9000345,10990,2024-09-10,DEBIT,Costco,3.42,USD,-3.42
9000346,11354,2024-07-25,DEBIT,Starbucks,445.02,USD,-445.02
9000347,10528,2024-05-28,CREDIT,Target,316.96,USD,316.96
9000348,10134,2025-11-25,DEBIT,Apple,221.01,USD,-221.01
9000349,10819,2024-10-28,DEBIT,Uber,166.35,USD,-166.35
9000350,11442,2024-10-23,CREDIT,Costco,64.01,USD,64.01
9000351,10129,2025-05-05,DEBIT,Walmart,460.86,USD,-460.86
9000352,11959,2024-02-13,DEBIT,CVS,356.45,USD,-356.45
9000353,11572,2024-05-23,DEBIT,Starbucks,168.86,USD,-168.86
9000354,11785,2024-08-31,DEBIT,Costco,36.4,USD,-36.4
9000355,10568,2025-02-22,CREDIT,CVS,163.52,USD,163.52
9000356,11380,2025-05-31,DEBIT,Netflix,93.13,USD,-93.13
9000357,10521,2024-03-02,CREDIT,Starbucks,393.35,USD,393.35
9000358,10459,2025-06-21,CREDIT,Shell,360.08,USD,360.08
9000359,10592,2024-11-12,CREDIT,Walmart,249.58,USD,249.58
9000360,10941,2025-03-10,DEBIT,Uber,443.03,USD,-443.03
9000361,11625,2025-11-26,DEBIT,Apple,91.16,USD,-91.16
9000362,10900,2025-01-15,DEBIT,Netflix,226.53,USD,-226.53
9000363,11924,2024-02-05,DEBIT,Shell,355.6,USD,-355.6
9000364,11655,2025-06-25,CREDIT,Uber,34.83,USD,34.83
9000365,10613,2025-08-03,CREDIT,Costco,186.97,USD,186.97
9000366,11518,2024-08-19,DEBIT,Netflix,286.26,USD,-286.26
9000367,10538,2025-11-18,DEBIT,Walmart,184.03,USD,-184.03
9000368,10260,2024-02-02,DEBIT,Costco,240.62,USD,-240.62
9000369,11596,2025-08-03,DEBIT,Netflix,304.45,USD,-304.45
9000370,11159,2024-12-17,CREDIT,Starbucks,184.83,USD,184.83
9000371,11950,2024-09-11,DEBIT,Target,53.9,USD,-53.9
9000372,10608,2024-02-19,CREDIT,Costco,70.58,USD,70.58
9000373,11684,2024-01-23,CREDIT,Netflix,263.97,USD,263.97
9000374,11250,2024-09-10,CREDIT,Target,88.2,USD,88.2
9000375,11812,2025-01-28,DEBIT,Starbucks,445.03,USD,-445.03
9000376,11842,2025-11-06,CREDIT,Target,417.26,USD,417.26
9000377,11870,2024-09-29,CREDIT,Target,175.17,USD,175.17
9000378,10227,2025-11-23,DEBIT,Netflix,415.66,USD,-415.66
9000379,11850,2024-09-06,DEBIT,Costco,267.06,USD,-267.06
9000380,10760,2024-08-24,CREDIT,Starbucks,80.37,USD,80.37
9000381,10257,2024-08-19,DEBIT,Uber,307.49,USD,-307.49
9000382,11437,2025-03-03,DEBIT,Uber,340.05,USD,-340.05
9000383,10825,2025-09-25,DEBIT,Target,42.86,USD,-42.86
9000384,11243,2024-08-29,DEBIT,Shell,157.91,USD,-157.91
9000385,11259,2024-05-13,DEBIT,CVS,3.69,USD,-3.69
9000386,11043,2024-03-11,CREDIT,Amazon,158.9,USD,158.9
9000387,10423,2025-04-09,DEBIT,Target,168.39,USD,-168.39
9000388,10412,2025-02-24,CREDIT,Walmart,315.47,USD,315.47
9000389,11412,2024-11-05,DEBIT,Netflix,100.32,USD,-100.32
9000390,10344,2024-10-05,DEBIT,Apple,16.02,USD,-16.02
9000391,10649,2024-08-06,DEBIT,Amazon,158.5,USD,-158.5
9000392,10466,2025-11-27,CREDIT,Target,412.98,USD,412.98
9000393,10188,2024-11-02,DEBIT,Uber,200.17,USD,-200.17
9000394,11640,2024-11-09,CREDIT,CVS,208.13,USD,208.13
9000395,11391,2025-02-06,DEBIT,Netflix,235.04,USD,-235.04
9000396,11408,2025-12-29,CREDIT,Target,376.14,USD,376.14
9000397,11966,2025-05-02,CREDIT,Uber,240.53,USD,240.53
9000398,11121,2025-02-08,DEBIT,Netflix,46.55,USD,-46.55
9000399,10952,2025-01-13,CREDIT,Uber,103.99,USD,103.99
9000400,10269,2024-10-07,DEBIT,Costco,94.76,USD,-94.76
9000401,10664,2025-09-28,CREDIT,Apple,254.42,USD,254.42
9000402,11241,2025-11-21,CREDIT,Walmart,15.93,USD,15.93
9000403,10020,2024-11-22,DEBIT,Amazon,142.52,USD,-142.52
9000404,11295,2024-02-04,CREDIT,Shell,303.99,USD,303.99
9000405,10713,2024-03-10,DEBIT,Target,177.97,USD,-177.97
9000406,11183,2024-12-25,DEBIT,Netflix,354.15,USD,-354.15
9000407,11515,2025-11-20,DEBIT,Uber,196.22,USD,-196.22
9000408,10428,2025-02-11,DEBIT,Target,489.65,USD,-489.65
9000409,10575,2025-07-14,DEBIT,Costco,482.71,USD,-482.71
9000410,10595,2025-08-02,DEBIT,Apple,400.12,USD,-400.12
9000411,10584,2025-06-02,DEBIT,Apple,477.24,USD,-477.24
9000412,11595,2025-08-28,CREDIT,Apple,103.18,USD,103.18
9000413,11017,2025-01-18,CREDIT,Target,375.71,USD,375.71
9000414,11889,2024-03-21,CREDIT,Apple,161.51,USD,161.51
9000415,10990,2025-03-13,DEBIT,Uber,362.92,USD,-362.92
9000416,10658,2024-09-06,DEBIT,Walmart,187.57,USD,-187.57
9000417,11070,2024-02-07,CREDIT,Target,145.42,USD,145.42
9000418,10222,2024-02-14,DEBIT,Uber,479.44,USD,-479.44
9000419,10959,2024-12-24,DEBIT,Amazon,105.73,USD,-105.73
9000420,10157,2024-05-16,DEBIT,Netflix,379.53,USD,-379.53
9000421,11070,2025-04-05,DEBIT,Starbucks,337.66,USD,-337.66
9000422,10800,2025-01-01,CREDIT,Costco,152.44,USD,152.44
9000423,10721,2024-10-31,CREDIT,Apple,229.71,USD,229.71
9000424,11556,2024-08-16,DEBIT,Shell,72.33,USD,-72.33
9000425,11374,2024-07-01,CREDIT,Costco,460.68,USD,460.68
9000426,10318,2025-04-11,DEBIT,Apple,484.09,USD,-484.09
9000427,11254,2024-07-22,CREDIT,Netflix,366.5,USD,366.5
9000428,10297,2025-09-14,DEBIT,Apple,424.86,USD,-424.86
9000429,10444,2024-03-08,DEBIT,Apple,42.23,USD,-42.23
9000430,10104,2025-07-03,DEBIT,Walmart,192.6,USD,-192.6
9000431,11661,2025-12-10,CREDIT,Starbucks,166.07,USD,166.07
9000432,10882,2024-10-31,DEBIT,Apple,282.91,USD,-282.91
9000433,11322,2025-08-26,CREDIT,CVS,92.49,USD,92.49
9000434,11091,2025-09-19,DEBIT,Starbucks,282.13,USD,-282.13
9000435,10537,2024-04-04,DEBIT,Uber,327.53,USD,-327.53
9000436,10672,2025-12-25,CREDIT,Apple,67.04,USD,67.04
9000437,11643,2024-09-02,DEBIT,Apple,66.73,USD,-66.73
9000438,10800,2025-11-15,DEBIT,Shell,18.68,USD,-18.68
9000439,10816,2024-03-19,CREDIT,Shell,380.69,USD,380.69
9000440,11619,2025-03-08,DEBIT,CVS,166.17,USD,-166.17
9000441,11064,2024-10-06,DEBIT,Amazon,113.48,USD,-113.48
9000442,11223,2025-10-22,DEBIT,Walmart,389.27,USD,-389.27
9000443,11571,2025-01-03,DEBIT,Amazon,72.48,USD,-72.48
9000444,10967,2024-10-05,DEBIT,CVS,214.16,USD,-214.16
9000445,10862,2024-12-16,CREDIT,Netflix,372.65,USD,372.65
9000446,11398,2024-08-13,DEBIT,Shell,287.34,USD,-287.34
9000447,11429,2025-02-09,DEBIT,Target,277.45,USD,-277.45
9000448,11257,2025-03-21,DEBIT,Target,79.57,USD,-79.57
9000449,11531,2024-11-18,DEBIT,Netflix,91.29,USD,-91.29
9000450,10241,2025-09-21,DEBIT,Shell,291.7,USD,-291.7
9000451,10942,2024-03-13,CREDIT,Apple,12.76,USD,12.76
9000452,11362,2025-06-01,DEBIT,Shell,434.69,USD,-434.69
9000453,10019,2024-11-16,DEBIT,Walmart,175.88,USD,-175.88
9000454,11878,2024-01-22,CREDIT,Netflix,208.89,USD,208.89
9000455,11687,2024-06-27,DEBIT,Starbucks,129.96,USD,-129.96
9000456,10893,2025-12-08,DEBIT,Apple,438.46,USD,-438.46
9000457,11194,2024-04-18,DEBIT,Netflix,321.61,USD,-321.61
9000458,11239,2025-01-06,DEBIT,Costco,225.5,USD,-225.5
9000459,11891,2025-11-27,DEBIT,Netflix,293.07,USD,-293.07
9000460,10840,2025-03-31,DEBIT,Amazon,190.8,USD,-190.8
9000461,10743,2025-07-20,DEBIT,Starbucks,233.33,USD,-233.33
9000462,11039,2024-08-16,DEBIT,Uber,179.46,USD,-179.46
9000463,11306,2025-06-14,DEBIT,Shell,205.93,USD,-205.93
9000464,10300,2024-12-29,DEBIT,Netflix,158.17,USD,-158.17
9000465,10164,2025-02-28,CREDIT,Uber,39.74,USD,39.74
9000466,10780,2024-08-03,CREDIT,Target,19.64,USD,19.64
9000467,11714,2024-02-17,DEBIT,Apple,87.88,USD,-87.88
9000468,11281,2025-04-09,DEBIT,Shell,126.57,USD,-126.57
9000469,11611,2025-11-02,CREDIT,Target,445.35,USD,445.35
9000470,11640,2024-09-29,DEBIT,Starbucks,306.01,USD,-306.01
9000471,10352,2025-08-30,CREDIT,CVS,479.19,USD,479.19
9000472,11110,2024-01-30,DEBIT,Amazon,170.48,USD,-170.48
9000473,11850,2025-09-24,DEBIT,CVS,201.47,USD,-201.47
9000474,11020,2024-07-08,CREDIT,CVS,360.16,USD,360.16
9000475,11549,2024-05-31,CREDIT,Shell,289.37,USD,289.37
9000476,10870,2025-01-10,DEBIT,Netflix,264.41,USD,-264.41
9000477,11968,2024-09-11,CREDIT,Shell,288.21,USD,288.21
9000478,11821,2025-12-03,DEBIT,Walmart,292.48,USD,-292.48
9000479,10758,2025-10-15,CREDIT,Netflix,383.1,USD,383.1
9000480,10877,2024-02-03,DEBIT,Uber,334.37,USD,-334.37
9000481,10752,2024-07-05,DEBIT,Walmart,478.7,USD,-478.7
9000482,10865,2025-03-24,CREDIT,Costco,474.03,USD,474.03
9000483,11032,2024-03-26,DEBIT,Starbucks,211.54,USD,-211.54
9000484,11486,2025-11-03,DEBIT,Netflix,18.83,USD,-18.83
9000485,11559,2024-04-27,DEBIT,Uber,6.53,USD,-6.53
9000486,11647,2025-09-14,DEBIT,CVS,62.47,USD,-62.47
9000487,11320,2024-02-27,DEBIT,Uber,38.37,USD,-38.37
9000488,11979,2024-01-18,DEBIT,Target,187.31,USD,-187.31
9000489,11240,2024-05-19,DEBIT,Amazon,27.38,USD,-27.38
9000490,10227,2025-04-02,CREDIT,Walmart,312.83,USD,312.83
9000491,11055,2025-12-06,DEBIT,Costco,95.9,USD,-95.9
9000492,10430,2025-10-03,DEBIT,Amazon,257.47,USD,-257.47
9000493,10788,2024-07-30,CREDIT,Starbucks,52.44,USD,52.44
9000494,10169,2025-04-30,DEBIT,Walmart,414.04,USD,-414.04
9000495,11254,2024-04-29,DEBIT,Uber,390.2,USD,-390.2
9000496,10069,2025-07-07,DEBIT,Netflix,193.86,USD,-193.86
9000497,11134,2024-01-03,CREDIT,Starbucks,455.39,USD,455.39
9000498,11112,2024-08-16,DEBIT,Amazon,93.66,USD,-93.66
9000499,10001,2024-08-16,CREDIT,Target,407.15,USD,407.15
9000500,11950,2024-12-08,CREDIT,CVS,273.38,USD,273.38
9000501,11079,2024-05-20,DEBIT,Costco,165.46,USD,-165.46
9000502,10669,2024-02-26,CREDIT,Amazon,43.1,USD,43.1
9000503,11982,2024-08-03,DEBIT,CVS,86.48,USD,-86.48
9000504,10270,2025-10-04,DEBIT,Uber,431.57,USD,-431.57
9000505,11297,2024-04-23,DEBIT,Starbucks,303.84,USD,-303.84
9000506,10543,2025-12-03,DEBIT,CVS,119.31,USD,-119.31
9000507,10269,2024-10-20,CREDIT,Target,248.43,USD,248.43
9000508,10189,2024-01-28,CREDIT,Target,54.81,USD,54.81
9000509,10721,2025-06-21,DEBIT,Amazon,50.32,USD,-50.32
9000510,11506,2025-08-18,DEBIT,Apple,453.97,USD,-453.97
9000511,11331,2024-11-16,CREDIT,Uber,229.47,USD,229.47
9000512,10021,2025-12-14,DEBIT,Shell,181.42,USD,-181.42
9000513,10013,2025-07-26,DEBIT,Apple,474.59,USD,-474.59
9000514,11509,2025-11-27,DEBIT,Target,200.1,USD,-200.1
9000515,11741,2025-05-27,CREDIT,Netflix,168.78,USD,168.78
9000516,11569,2024-02-01,DEBIT,Target,137.22,USD,-137.22
9000517,11877,2025-02-14,DEBIT,Costco,282.97,USD,-282.97
9000518,11487,2025-01-31,DEBIT,Shell,279.65,USD,-279.65
9000519,10567,2024-01-17,CREDIT,Target,9.08,USD,9.08
9000520,11775,2025-08-23,DEBIT,Walmart,327.38,USD,-327.38
9000521,11972,2024-02-21,CREDIT,Target,394.37,USD,394.37
9000522,11456,2025-01-04,DEBIT,Uber,308.37,USD,-308.37
9000523,10574,2024-06-12,CREDIT,Target,435.07,USD,435.07
9000524,11423,2024-10-29,CREDIT,Costco,138.93,USD,138.93
9000525,10591,2025-03-25,CREDIT,CVS,96.8,USD,96.8
9000526,10551,2025-06-27,CREDIT,Walmart,348.94,USD,348.94
9000527,10805,2025-12-10,DEBIT,Shell,95.09,USD,-95.09
9000528,10913,2025-05-16,CREDIT,Netflix,46.46,USD,46.46
9000529,10278,2024-12-16,DEBIT,Amazon,49.21,USD,-49.21
9000530,10767,2025-01-13,DEBIT,Apple,384.43,USD,-384.43
9000531,11133,2025-03-14,DEBIT,Apple,15.34,USD,-15.34
9000532,10047,2024-07-19,CREDIT,Costco,145.44,USD,145.44
9000533,10743,2024-04-16,DEBIT,CVS,65.46,USD,-65.46
9000534,11105,2025-05-19,DEBIT,Shell,377.7,USD,-377.7
9000535,10685,2025-01-18,CREDIT,Netflix,252.24,USD,252.24
9000536,10624,2024-10-22,DEBIT,Netflix,103.54,USD,-103.54
9000537,11301,2024-01-28,DEBIT,Starbucks,375.46,USD,-375.46
9000538,10380,2024-12-02,CREDIT,Walmart,375.43,USD,375.43
9000539,10309,2024-10-13,CREDIT,CVS,261.99,USD,261.99
9000540,10551,2025-09-22,DEBIT,Starbucks,138.65,USD,-138.65
9000541,10541,2024-12-08,CREDIT,Amazon,293.55,USD,293.55
9000542,10766,2024-01-31,DEBIT,CVS,466.83,USD,-466.83
9000543,11263,2025-10-27,DEBIT,Apple,26.77,USD,-26.77
9000544,11206,2025-05-01,CREDIT,Walmart,134.21,USD,134.21
9000545,10183,2025-09-10,CREDIT,Amazon,143.2,USD,143.2
9000546,11577,2024-09-07,CREDIT,Amazon,316.27,USD,316.27
9000547,11961,2024-12-28,CREDIT,Amazon,325.93,USD,325.93
9000548,11981,2024-04-16,CREDIT,Uber,103.95,USD,103.95
9000549,10465,2025-05-20,DEBIT,Starbucks,108.83,USD,-108.83
9000550,10638,2025-03-17,DEBIT,Starbucks,464.18,USD,-464.18
9000551,11460,2024-04-26,CREDIT,Amazon,378.39,USD,378.39
9000552,10593,2024-09-01,CREDIT,Apple,467.2,USD,467.2
9000553,11256,2024-03-19,DEBIT,Target,415.0,USD,-415.0
9000554,11844,2025-04-30,DEBIT,Uber,201.66,USD,-201.66
9000555,10703,2024-01-23,CREDIT,Starbucks,61.83,USD,61.83
9000556,10000,2024-07-15,CREDIT,Uber,315.15,USD,315.15
9000557,11528,2024-12-26,CREDIT,Uber,176.64,USD,176.64
9000558,11007,2025-11-30,DEBIT,CVS,213.28,USD,-213.28
9000559,10361,2025-03-02,DEBIT,Amazon,213.51,USD,-213.51
9000560,10718,2024-08-04,CREDIT,Walmart,468.32,USD,468.32
9000561,11732,2025-10-27,DEBIT,Walmart,35.36,USD,-35.36
9000562,10282,2025-12-07,CREDIT,Walmart,97.36,USD,97.36
9000563,11552,2025-09-19,DEBIT,CVS,304.36,USD,-304.36
9000564,10830,2024-07-14,CREDIT,Amazon,442.0,USD,442.0
9000565,11919,2025-07-20,CREDIT,CVS,459.05,USD,459.05
9000566,10168,2025-11-17,CREDIT,Shell,279.79,USD,279.79
9000567,10888,2025-03-18,CREDIT,Amazon,18.25,USD,18.25
9000568,11209,2025-04-03,CREDIT,Shell,182.08,USD,182.08
9000569,10121,2025-04-03,CREDIT,Amazon,459.5,USD,459.5
9000570,10440,2025-04-28,CREDIT,CVS,250.47,USD,250.47
9000571,11759,2024-05-23,CREDIT,Target,363.58,USD,363.58
9000572,10638,2024-11-09,CREDIT,Costco,135.33,USD,135.33
9000573,11701,2025-12-29,CREDIT,Shell,13.48,USD,13.48
9000574,10473,2024-09-13,DEBIT,Walmart,289.6,USD,-289.6
9000575,11145,2025-09-30,CREDIT,Uber,417.66,USD,417.66
9000576,11857,2025-04-18,CREDIT,Shell,495.14,USD,495.14
9000577,10731,2025-11-15,CREDIT,Costco,423.47,USD,423.47
9000578,10940,2025-08-28,DEBIT,Netflix,277.44,USD,-277.44
9000579,11814,2025-05-13,DEBIT,Amazon,304.76,USD,-304.76
9000580,10659,2024-08-06,DEBIT,Shell,412.26,USD,-412.26
9000581,10291,2025-07-17,DEBIT,Amazon,10.89,USD,-10.89
9000582,10937,2025-06-14,DEBIT,Costco,475.87,USD,-475.87
9000583,10246,2024-12-23,CREDIT,Shell,266.08,USD,266.08
9000584,11941,2024-08-24,CREDIT,Uber,476.07,USD,476.07
9000585,10187,2025-11-13,DEBIT,CVS,382.49,USD,-382.49
9000586,11546,2024-10-01,CREDIT,Uber,77.01,USD,77.01
9000587,11307,2025-11-02,CREDIT,Uber,83.46,USD,83.46
9000588,10556,2025-07-30,DEBIT,Apple,177.47,USD,-177.47
9000589,11147,2024-08-04,CREDIT,Walmart,132.73,USD,132.73
9000590,10889,2025-07-12,DEBIT,Uber,220.21,USD,-220.21
9000591,10246,2025-01-31,CREDIT,Uber,302.35,USD,302.35
9000592,11429,2024-03-14,CREDIT,Shell,218.85,USD,218.85
9000593,11360,2025-11-06,CREDIT,Walmart,29.15,USD,29.15
9000594,10958,2025-12-10,CREDIT,Shell,487.84,USD,487.84
9000595,11182,2024-11-23,DEBIT,CVS,213.14,USD,-213.14
9000596,11290,2025-02-11,CREDIT,Walmart,425.69,USD,425.69
9000597,10291,2024-05-27,DEBIT,Costco,37.9,USD,-37.9
9000598,11613,2024-03-26,CREDIT,Costco,405.22,USD,405.22
9000599,11826,2025-06-04,CREDIT,Apple,87.53,USD,87.53
9000600,10894,2025-05-17,DEBIT,CVS,340.02,USD,-340.02
9000601,10150,2024-08-19,CREDIT,Starbucks,331.24,USD,331.24
9000602,11308,2025-05-12,DEBIT,Netflix,454.99,USD,-454.99
9000603,10150,2025-02-26,CREDIT,Shell,161.02,USD,161.02
9000604,10123,2025-04-11,CREDIT,Shell,55.37,USD,55.37
9000605,11763,2024-09-03,CREDIT,Target,432.42,USD,432.42
9000606,10271,2025-01-04,CREDIT,Target,166.46,USD,166.46
9000607,11894,2025-05-27,DEBIT,Starbucks,117.03,USD,-117.03
9000608,11363,2024-04-14,DEBIT,Starbucks,243.62,USD,-243.62
9000609,11752,2024-08-21,CREDIT,Walmart,73.92,USD,73.92
9000610,10658,2025-04-02,CREDIT,Starbucks,149.18,USD,149.18
9000611,11753,2024-09-13,DEBIT,Amazon,193.26,USD,-193.26
9000612,10607,2025-04-19,CREDIT,Netflix,139.35,USD,139.35
9000613,11470,2025-08-15,CREDIT,Netflix,225.68,USD,225.68
9000614,11585,2025-09-26,DEBIT,Amazon,192.94,USD,-192.94
9000615,10980,2024-06-20,DEBIT,Target,387.52,USD,-387.52
9000616,11480,2024-09-29,DEBIT,Shell,459.29,USD,-459.29
9000617,10554,2024-07-12,DEBIT,Costco,51.36,USD,-51.36
9000618,10530,2024-04-21,CREDIT,Target,411.83,USD,411.83
9000619,11136,2024-01-23,DEBIT,Apple,465.95,USD,-465.95
9000620,11912,2024-11-10,DEBIT,Apple,343.62,USD,-343.62
9000621,10724,2024-07-20,CREDIT,Apple,498.21,USD,498.21
9000622,11553,2025-05-15,CREDIT,Starbucks,168.19,USD,168.19
9000623,10645,2025-09-09,CREDIT,Apple,415.32,USD,415.32
9000624,11826,2025-08-28,DEBIT,Apple,337.18,USD,-337.18
9000625,11549,2024-01-25,CREDIT,CVS,162.39,USD,162.39
9000626,10063,2025-10-18,DEBIT,Apple,352.63,USD,-352.63
9000627,11416,2025-05-22,DEBIT,Shell,255.3,USD,-255.3
9000628,11698,2024-12-31,DEBIT,Apple,95.3,USD,-95.3
9000629,11793,2025-06-14,CREDIT,Target,87.77,USD,87.77
9000630,11522,2025-12-22,DEBIT,Netflix,356.99,USD,-356.99
9000631,10517,2025-08-16,CREDIT,Apple,356.25,USD,356.25
9000632,11378,2024-02-15,DEBIT,Costco,265.86,USD,-265.86
9000633,11656,2024-02-04,DEBIT,Uber,251.21,USD,-251.21
9000634,11176,2024-07-20,DEBIT,Amazon,90.84,USD,-90.84
9000635,10328,2025-06-18,DEBIT,Apple,215.21,USD,-215.21
9000636,10689,2024-12-30,CREDIT,Costco,435.83,USD,435.83
9000637,10478,2025-04-14,DEBIT,Shell,427.51,USD,-427.51
9000638,10390,2024-10-26,DEBIT,Walmart,330.8,USD,-330.8
9000639,10574,2025-02-19,CREDIT,Target,498.68,USD,498.68
9000640,10411,2024-12-11,DEBIT,Shell,446.7,USD,-446.7
9000641,11281,2024-12-14,DEBIT,Costco,73.47,USD,-73.47
9000642,11600,2025-11-29,DEBIT,Shell,200.17,USD,-200.17
9000643,10868,2024-07-08,CREDIT,CVS,66.84,USD,66.84
9000644,10506,2025-02-06,DEBIT,Amazon,233.58,USD,-233.58
9000645,11722,2024-12-14,CREDIT,Target,388.42,USD,388.42
9000646,11943,2025-01-07,CREDIT,Shell,78.74,USD,78.74
9000647,10957,2025-09-30,DEBIT,Amazon,440.33,USD,-440.33
9000648,11762,2025-05-19,DEBIT,Netflix,284.96,USD,-284.96
9000649,11734,2024-10-17,CREDIT,Uber,374.72,USD,374.72
9000650,10293,2024-04-20,DEBIT,Netflix,23.53,USD,-23.53
9000651,10762,2025-07-08,DEBIT,Uber,47.83,USD,-47.83
9000652,11500,2025-05-17,DEBIT,Shell,310.81,USD,-310.81
9000653,11853,2024-10-27,DEBIT,Apple,419.26,USD,-419.26
9000654,11728,2025-10-07,DEBIT,CVS,437.06,USD,-437.06
9000655,10507,2024-01-13,DEBIT,CVS,344.5,USD,-344.5
9000656,10118,2025-06-06,CREDIT,Shell,101.27,USD,101.27
9000657,11714,2024-04-11,CREDIT,Amazon,98.32,USD,98.32
9000658,10477,2024-07-15,DEBIT,Costco,440.8,USD,-440.8
9000659,10563,2025-01-25,DEBIT,Costco,57.5,USD,-57.5
9000660,11645,2024-02-24,CREDIT,Apple,343.35,USD,343.35
9000661,11759,2024-07-01,DEBIT,Costco,267.22,USD,-267.22
9000662,10841,2024-01-19,CREDIT,Apple,211.29,USD,211.29
9000663,11633,2024-12-28,CREDIT,Apple,220.73,USD,220.73
9000664,11342,2025-04-17,DEBIT,Uber,472.66,USD,-472.66
9000665,11418,2024-01-09,DEBIT,Target,430.86,USD,-430.86
9000666,11071,2025-10-21,DEBIT,Target,432.63,USD,-432.63
9000667,11636,2024-01-25,DEBIT,Walmart,203.9,USD,-203.9
9000668,11461,2024-11-01,CREDIT,Uber,54.38,USD,54.38
9000669,10474,2025-08-06,CREDIT,Costco,498.92,USD,498.92
9000670,10945,2025-03-09,DEBIT,Netflix,73.53,USD,-73.53
9000671,10751,2025-02-25,CREDIT,Target,258.28,USD,258.28
9000672,11609,2024-02-26,DEBIT,Shell,133.04,USD,-133.04
9000673,10549,2025-06-17,DEBIT,Costco,255.86,USD,-255.86
9000674,10727,2025-07-01,DEBIT,Amazon,153.16,USD,-153.16
9000675,10135,2024-06-27,CREDIT,Amazon,448.55,USD,448.55
9000676,10517,2024-03-08,CREDIT,Costco,484.2,USD,484.2
9000677,10758,2025-05-10,DEBIT,Costco,205.62,USD,-205.62
9000678,10323,2024-01-01,CREDIT,Netflix,36.02,USD,36.02
9000679,11220,2024-02-17,DEBIT,Target,332.0,USD,-332.0
9000680,11925,2025-02-20,DEBIT,Uber,188.94,USD,-188.94
9000681,10110,2025-10-25,CREDIT,Netflix,493.0,USD,493.0
9000682,11823,2024-07-15,DEBIT,Costco,45.6,USD,-45.6
9000683,11573,2025-07-23,DEBIT,Shell,60.44,USD,-60.44
9000684,11138,2024-02-17,DEBIT,Shell,350.01,USD,-350.01
9000685,11720,2024-12-20,DEBIT,Amazon,379.57,USD,-379.57
9000686,10723,2024-08-21,CREDIT,Apple,236.08,USD,236.08
9000687,10487,2025-03-12,CREDIT,Apple,139.36,USD,139.36
9000688,10364,2025-11-30,CREDIT,Starbucks,155.6,USD,155.6
9000689,11507,2025-09-17,DEBIT,Amazon,169.65,USD,-169.65
9000690,10766,2024-03-30,CREDIT,Target,113.42,USD,113.42
9000691,10831,2025-01-03,DEBIT,Uber,425.47,USD,-425.47
9000692,11333,2024-06-17,CREDIT,CVS,33.47,USD,33.47
9000693,10112,2024-12-28,CREDIT,Netflix,204.23,USD,204.23
9000694,11293,2024-06-25,DEBIT,Starbucks,374.05,USD,-374.05
9000695,10319,2025-05-14,DEBIT,Walmart,2.91,USD,-2.91
9000696,11969,2025-12-04,DEBIT,Target,439.14,USD,-439.14
9000697,10174,2024-05-12,DEBIT,Amazon,353.44,USD,-353.44
9000698,11845,2024-06-20,DEBIT,Apple,37.61,USD,-37.61
9000699,11042,2025-06-13,DEBIT,Shell,447.6,USD,-447.6
9000700,11226,2025-03-16,DEBIT,Uber,244.17,USD,-244.17
9000701,11958,2024-04-21,DEBIT,Walmart,326.47,USD,-326.47
9000702,11984,2024-02-09,CREDIT,Uber,441.13,USD,441.13
9000703,10125,2024-04-11,DEBIT,CVS,440.7,USD,-440.7
9000704,10994,2025-01-03,DEBIT,Uber,204.96,USD,-204.96
9000705,11490,2024-06-22,DEBIT,Starbucks,119.61,USD,-119.61
9000706,10253,2024-12-06,CREDIT,Target,129.45,USD,129.45
9000707,11851,2024-07-14,CREDIT,Costco,383.2,USD,383.2
9000708,10928,2025-08-06,DEBIT,Netflix,464.79,USD,-464.79
9000709,10766,2024-06-30,CREDIT,Costco,37.04,USD,37.04
9000710,11823,2024-11-18,DEBIT,Netflix,8.49,USD,-8.49
9000711,10291,2024-04-22,CREDIT,CVS,411.64,USD,411.64
9000712,11175,2025-11-05,DEBIT,Uber,193.91,USD,-193.91
9000713,11962,2025-07-04,DEBIT,Starbucks,138.95,USD,-138.95
9000714,10198,2024-08-22,DEBIT,Netflix,95.0,USD,-95.0
9000715,11222,2025-05-19,DEBIT,Apple,173.89,USD,-173.89
9000716,11837,2024-03-11,CREDIT,Costco,485.76,USD,485.76
9000717,10686,2024-08-06,CREDIT,Target,488.56,USD,488.56
9000718,11476,2025-05-31,CREDIT,Shell,166.43,USD,166.43
9000719,10781,2024-06-13,CREDIT,CVS,481.88,USD,481.88
9000720,10940,2025-05-27,CREDIT,Uber,150.63,USD,150.63
9000721,11203,2025-01-15,DEBIT,Costco,427.39,USD,-427.39
9000722,10217,2024-07-02,CREDIT,Amazon,106.79,USD,106.79
9000723,10629,2025-01-03,CREDIT,Starbucks,413.42,USD,413.42
9000724,10817,2025-03-23,CREDIT,Uber,177.51,USD,177.51
9000725,10832,2024-01-08,CREDIT,Starbucks,98.67,USD,98.67
9000726,11868,2025-09-11,CREDIT,Apple,467.46,USD,467.46
9000727,11343,2025-01-16,DEBIT,Amazon,107.88,USD,-107.88
9000728,10022,2025-01-16,DEBIT,Shell,495.93,USD,-495.93
9000729,10636,2025-03-23,DEBIT,Target,55.18,USD,-55.18
9000730,11107,2025-11-27,CREDIT,Netflix,6.0,USD,6.0
9000731,10710,2024-06-02,DEBIT,Netflix,435.53,USD,-435.53
9000732,11349,2024-02-03,CREDIT,Costco,293.72,USD,293.72
9000733,10698,2025-05-11,CREDIT,Netflix,211.39,USD,211.39
9000734,10328,2024-01-22,CREDIT,Shell,41.9,USD,41.9
9000735,11627,2025-01-14,CREDIT,Uber,287.87,USD,287.87
9000736,11353,2024-05-27,DEBIT,CVS,197.47,USD,-197.47
9000737,11717,2025-10-24,DEBIT,Uber,242.33,USD,-242.33
9000738,11762,2025-08-01,CREDIT,CVS,315.57,USD,315.57
9000739,10710,2025-08-12,CREDIT,Shell,320.33,USD,320.33
9000740,10472,2025-07-04,CREDIT,Uber,480.34,USD,480.34
9000741,10477,2025-11-07,CREDIT,Uber,327.87,USD,327.87
9000742,11258,2024-04-08,DEBIT,CVS,170.36,USD,-170.36
9000743,10921,2025-10-02,CREDIT,Target,165.49,USD,165.49
9000744,10555,2025-06-14,DEBIT,Target,239.1,USD,-239.1
9000745,10587,2024-09-27,CREDIT,Uber,130.4,USD,130.4
9000746,11676,2024-01-01,DEBIT,Walmart,188.84,USD,-188.84
9000747,10693,2024-10-13,DEBIT,Target,421.21,USD,-421.21
9000748,10118,2024-06-28,CREDIT,Walmart,430.02,USD,430.02
9000749,11063,2024-09-12,CREDIT,Apple,314.27,USD,314.27
9000750,10259,2024-06-22,CREDIT,Target,291.84,USD,291.84
9000751,10948,2024-02-19,CREDIT,Walmart,214.12,USD,214.12
9000752,10755,2025-06-15,DEBIT,Costco,318.31,USD,-318.31
9000753,11664,2025-09-08,DEBIT,Shell,403.22,USD,-403.22
9000754,10005,2024-07-08,CREDIT,Starbucks,369.19,USD,369.19
9000755,10310,2024-02-12,CREDIT,Costco,18.69,USD,18.69
9000756,10065,2025-05-31,CREDIT,Starbucks,365.83,USD,365.83
9000757,11397,2024-03-06,DEBIT,Starbucks,360.25,USD,-360.25
9000758,10730,2025-01-30,DEBIT,Uber,50.4,USD,-50.4
9000759,11169,2024-09-07,CREDIT,Target,75.97,USD,75.97
9000760,11257,2024-05-07,DEBIT,CVS,394.17,USD,-394.17
9000761,10028,2025-11-27,DEBIT,Costco,279.94,USD,-279.94
9000762,11844,2024-07-06,DEBIT,Uber,410.99,USD,-410.99
9000763,11696,2024-07-01,CREDIT,Netflix,93.19,USD,93.19
9000764,11666,2025-08-05,DEBIT,Starbucks,16.28,USD,-16.28
9000765,10659,2025-07-31,CREDIT,Netflix,81.81,USD,81.81
9000766,10899,2025-10-28,CREDIT,Shell,226.83,USD,226.83
9000767,11617,2025-02-15,DEBIT,Shell,262.12,USD,-262.12
9000768,10903,2024-03-19,DEBIT,CVS,428.99,USD,-428.99
9000769,11493,2024-01-19,DEBIT,Apple,358.38,USD,-358.38
9000770,10360,2025-04-22,DEBIT,Starbucks,495.2,USD,-495.2
9000771,11877,2024-02-14,DEBIT,Walmart,40.28,USD,-40.28
9000772,11618,2024-08-09,DEBIT,Shell,65.98,USD,-65.98
9000773,11947,2024-05-08,DEBIT,Starbucks,43.09,USD,-43.09
9000774,10961,2025-09-09,DEBIT,Shell,269.69,USD,-269.69
9000775,11608,2025-09-24,CREDIT,Apple,134.16,USD,134.16
9000776,11378,2024-08-17,CREDIT,Shell,342.13,USD,342.13
9000777,11749,2024-08-14,DEBIT,Amazon,67.21,USD,-67.21
9000778,10025,2025-01-31,CREDIT,Costco,52.49,USD,52.49
9000779,11313,2024-10-01,DEBIT,Costco,230.62,USD,-230.62
9000780,10070,2024-05-17,DEBIT,Target,188.57,USD,-188.57
9000781,11885,2024-06-21,DEBIT,Starbucks,414.75,USD,-414.75
9000782,11712,2024-11-22,CREDIT,Netflix,418.94,USD,418.94
9000783,11112,2024-08-02,DEBIT,Shell,59.6,USD,-59.6
9000784,10176,2024-08-15,DEBIT,Netflix,406.35,USD,-406.35
9000785,11992,2024-04-16,CREDIT,Target,282.52,USD,282.52
9000786,10026,2024-06-07,DEBIT,Netflix,252.28,USD,-252.28
9000787,11984,2024-05-15,DEBIT,Amazon,48.29,USD,-48.29
9000788,11312,2024-01-30,CREDIT,Starbucks,370.08,USD,370.08
9000789,10839,2024-04-07,DEBIT,Costco,30.76,USD,-30.76
9000790,10816,2025-08-31,DEBIT,Walmart,139.57,USD,-139.57
9000791,10574,2025-06-06,DEBIT,Target,48.62,USD,-48.62
9000792,11951,2024-12-07,CREDIT,Costco,265.85,USD,265.85
9000793,10999,2024-06-16,DEBIT,Target,322.97,USD,-322.97
9000794,10530,2024-07-29,CREDIT,Shell,445.54,USD,445.54
9000795,11507,2025-11-14,CREDIT,Apple,367.2,USD,367.2
9000796,11457,2025-09-23,CREDIT,Netflix,480.59,USD,480.59
9000797,10492,2024-07-03,DEBIT,Starbucks,380.71,USD,-380.71
9000798,10277,2025-03-07,CREDIT,CVS,149.74,USD,149.74
9000799,10998,2025-02-27,DEBIT,Netflix,274.24,USD,-274.24
9000800,11369,2024-02-08,CREDIT,CVS,229.51,USD,229.51
9000801,11602,2025-01-21,CREDIT,CVS,283.42,USD,283.42
9000802,11261,2025-03-26,DEBIT,Target,286.47,USD,-286.47
9000803,11160,2024-04-24,CREDIT,Starbucks,351.35,USD,351.35
9000804,11186,2025-02-04,CREDIT,Apple,42.44,USD,42.44
9000805,10838,2024-10-30,DEBIT,Costco,373.63,USD,-373.63
9000806,10846,2025-08-25,CREDIT,Uber,72.73,USD,72.73
9000807,10899,2024-11-04,CREDIT,Shell,14.08,USD,14.08
9000808,10292,2025-07-26,CREDIT,Shell,259.93,USD,259.93
9000809,11051,2024-04-12,DEBIT,CVS,291.16,USD,-291.16
9000810,10255,2025-12-27,CREDIT,Apple,18.39,USD,18.39
9000811,10904,2024-04-11,CREDIT,Shell,258.17,USD,258.17
9000812,11826,2025-10-16,DEBIT,Starbucks,267.75,USD,-267.75
9000813,11647,2024-03-30,CREDIT,Amazon,27.19,USD,27.19
9000814,11775,2024-04-27,DEBIT,Uber,356.08,USD,-356.08
9000815,11778,2024-05-18,DEBIT,Apple,105.93,USD,-105.93
9000816,10664,2024-10-29,CREDIT,Costco,397.44,USD,397.44
9000817,10264,2025-10-09,CREDIT,Uber,156.1,USD,156.1
9000818,11980,2025-05-31,CREDIT,Apple,239.47,USD,239.47
9000819,11587,2024-07-27,DEBIT,CVS,446.03,USD,-446.03
9000820,11504,2024-03-27,DEBIT,Starbucks,403.28,USD,-403.28
9000821,10400,2024-11-14,CREDIT,Costco,391.15,USD,391.15
9000822,10459,2025-09-24,CREDIT,CVS,81.06,USD,81.06
9000823,10776,2024-09-01,CREDIT,Apple,25.02,USD,25.02
9000824,11589,2024-03-30,DEBIT,Target,303.27,USD,-303.27
9000825,11156,2025-04-22,CREDIT,Walmart,205.94,USD,205.94
9000826,11020,2025-10-13,CREDIT,Target,454.63,USD,454.63
9000827,11214,2024-04-21,DEBIT,Apple,175.45,USD,-175.45
9000828,11147,2025-01-28,DEBIT,CVS,205.86,USD,-205.86
9000829,11454,2024-08-27,CREDIT,Shell,263.47,USD,263.47
9000830,11241,2024-09-28,DEBIT,Shell,398.4,USD,-398.4
9000831,11900,2024-05-22,DEBIT,Starbucks,134.88,USD,-134.88
9000832,10402,2025-12-19,DEBIT,Amazon,470.97,USD,-470.97
9000833,10994,2024-04-28,DEBIT,Amazon,270.42,USD,-270.42
9000834,11345,2025-08-18,DEBIT,Netflix,420.65,USD,-420.65
9000835,10300,2024-09-07,DEBIT,Walmart,263.28,USD,-263.28
9000836,11094,2024-10-04,DEBIT,Uber,386.22,USD,-386.22
9000837,11992,2024-06-11,CREDIT,CVS,26.66,USD,26.66
9000838,10213,2025-10-15,DEBIT,Starbucks,399.81,USD,-399.81
9000839,10873,2024-12-15,DEBIT,Shell,262.46,USD,-262.46
9000840,11568,2024-01-31,DEBIT,CVS,225.26,USD,-225.26
9000841,10373,2025-04-02,CREDIT,Costco,56.69,USD,56.69
9000842,11359,2024-03-31,DEBIT,Amazon,371.04,USD,-371.04
9000843,11194,2024-05-07,DEBIT,Costco,66.45,USD,-66.45
9000844,10343,2025-07-01,DEBIT,Starbucks,96.97,USD,-96.97
9000845,11479,2025-12-25,CREDIT,Uber,64.09,USD,64.09
9000846,10861,2025-05-23,CREDIT,CVS,4.28,USD,4.28
9000847,11433,2024-08-24,DEBIT,Starbucks,331.29,USD,-331.29
9000848,10300,2025-06-16,CREDIT,Costco,136.15,USD,136.15
9000849,11519,2025-08-30,DEBIT,Shell,75.59,USD,-75.59
9000850,11314,2024-02-20,DEBIT,CVS,160.67,USD,-160.67
9000851,10748,2025-04-13,DEBIT,Starbucks,250.04,USD,-250.04
9000852,11872,2025-01-22,DEBIT,CVS,252.2,USD,-252.2
9000853,10436,2024-03-02,CREDIT,Starbucks,184.23,USD,184.23
9000854,10101,2024-12-08,DEBIT,Amazon,247.97,USD,-247.97
9000855,10009,2024-06-01,CREDIT,Costco,214.24,USD,214.24
9000856,11064,2025-10-15,DEBIT,Target,411.51,USD,-411.51
9000857,10369,2024-02-10,DEBIT,Amazon,15.78,USD,-15.78
9000858,10125,2025-04-30,CREDIT,Starbucks,434.15,USD,434.15
9000859,10784,2025-11-08,CREDIT,CVS,122.71,USD,122.71
9000860,10382,2025-12-02,DEBIT,Target,361.17,USD,-361.17
9000861,10326,2025-07-10,DEBIT,Apple,203.11,USD,-203.11
9000862,10449,2025-12-20,CREDIT,Netflix,147.87,USD,147.87
9000863,10522,2025-01-16,CREDIT,Uber,308.06,USD,308.06
9000864,11854,2024-04-05,DEBIT,Uber,384.67,USD,-384.67
9000865,11009,2024-10-19,DEBIT,Walmart,225.52,USD,-225.52
9000866,11730,2024-08-22,CREDIT,Walmart,233.81,USD,233.81
9000867,10941,2024-12-06,DEBIT,Netflix,30.37,USD,-30.37
9000868,11555,2025-12-19,DEBIT,Starbucks,462.07,USD,-462.07
9000869,11932,2025-06-21,DEBIT,Starbucks,423.6,USD,-423.6
9000870,10982,2024-12-15,CREDIT,Walmart,199.6,USD,199.6
9000871,10272,2024-07-25,CREDIT,Netflix,382.71,USD,382.71
9000872,10501,2025-05-05,DEBIT,Walmart,157.33,USD,-157.33
9000873,11770,2025-01-15,DEBIT,Starbucks,365.48,USD,-365.48
9000874,11510,2024-05-20,CREDIT,Starbucks,258.83,USD,258.83
9000875,11951,2025-08-21,CREDIT,Target,230.92,USD,230.92
9000876,11250,2025-09-01,DEBIT,Walmart,29.2,USD,-29.2
9000877,11250,2024-01-23,DEBIT,Target,482.75,USD,-482.75
9000878,10865,2024-12-29,CREDIT,Starbucks,418.87,USD,418.87
9000879,10340,2024-05-27,DEBIT,Apple,396.9,USD,-396.9
9000880,10271,2025-07-19,DEBIT,Uber,153.15,USD,-153.15
9000881,11814,2025-07-04,CREDIT,Netflix,145.51,USD,145.51
9000882,10394,2025-05-19,CREDIT,Walmart,287.02,USD,287.02
9000883,11147,2024-08-05,CREDIT,Apple,423.27,USD,423.27
9000884,10909,2025-04-26,DEBIT,Costco,467.38,USD,-467.38
9000885,10194,2025-02-19,CREDIT,CVS,135.2,USD,135.2
9000886,11606,2024-11-20,DEBIT,Starbucks,304.1,USD,-304.1
9000887,11767,2025-05-03,DEBIT,Uber,362.23,USD,-362.23
9000888,11196,2025-02-11,DEBIT,Costco,113.97,USD,-113.97
9000889,11226,2024-05-23,DEBIT,Apple,204.33,USD,-204.33
9000890,11056,2024-07-29,DEBIT,Uber,94.55,USD,-94.55
9000891,10210,2025-10-27,DEBIT,Amazon,349.75,USD,-349.75
9000892,10812,2024-09-15,DEBIT,Costco,432.03,USD,-432.03
9000893,10693,2024-08-14,DEBIT,CVS,438.89,USD,-438.89
9000894,10752,2025-08-16,CREDIT,Target,335.37,USD,335.37
9000895,11000,2025-01-06,CREDIT,Apple,174.23,USD,174.23
9000896,11074,2025-01-25,DEBIT,Amazon,330.86,USD,-330.86
9000897,11906,2024-03-28,CREDIT,Apple,432.27,USD,432.27
9000898,10891,2025-02-03,CREDIT,Target,313.3,USD,313.3
9000899,11878,2024-11-04,DEBIT,Target,207.03,USD,-207.03
9000900,11430,2024-01-04,CREDIT,Netflix,459.98,USD,459.98
9000901,10540,2024-06-21,DEBIT,Costco,417.77,USD,-417.77
9000902,10517,2025-06-27,CREDIT,Apple,441.34,USD,441.34
9000903,10934,2024-08-13,CREDIT,Amazon,451.69,USD,451.69
9000904,10132,2024-12-04,CREDIT,Costco,197.51,USD,197.51
9000905,10095,2024-07-24,DEBIT,Starbucks,429.96,USD,-429.96
9000906,10423,2024-04-11,CREDIT,Walmart,285.6,USD,285.6
9000907,10857,2024-02-27,DEBIT,Target,20.04,USD,-20.04
9000908,10973,2024-05-29,DEBIT,Starbucks,318.28,USD,-318.28
9000909,10081,2024-09-08,DEBIT,Walmart,235.84,USD,-235.84
9000910,10788,2025-04-23,DEBIT,Target,138.3,USD,-138.3
9000911,10314,2025-07-09,CREDIT,Shell,485.22,USD,485.22
9000912,11752,2025-03-03,CREDIT,Apple,28.48,USD,28.48
9000913,10915,2025-06-25,CREDIT,Walmart,472.99,USD,472.99
9000914,11303,2025-06-07,DEBIT,Walmart,80.47,USD,-80.47
9000915,11666,2025-05-05,CREDIT,Amazon,189.12,USD,189.12
9000916,11109,2025-06-09,CREDIT,Netflix,209.2,USD,209.2
9000917,11863,2024-10-18,DEBIT,Apple,365.78,USD,-365.78
9000918,10365,2024-02-14,DEBIT,Apple,108.59,USD,-108.59
9000919,11848,2024-07-18,DEBIT,Starbucks,493.06,USD,-493.06
9000920,10365,2024-01-24,CREDIT,Target,374.76,USD,374.76
9000921,11116,2025-09-22,CREDIT,Shell,395.19,USD,395.19
9000922,10070,2025-01-21,CREDIT,Target,54.11,USD,54.11
9000923,10325,2025-08-12,DEBIT,Starbucks,238.68,USD,-238.68
9000924,11530,2025-03-10,DEBIT,Shell,472.86,USD,-472.86
9000925,11349,2024-08-29,CREDIT,Target,135.76,USD,135.76
9000926,10843,2024-07-21,DEBIT,Starbucks,73.55,USD,-73.55
9000927,11214,2024-08-24,DEBIT,Apple,243.21,USD,-243.21
9000928,10213,2024-10-20,DEBIT,Amazon,465.27,USD,-465.27
9000929,11070,2024-12-13,CREDIT,Walmart,243.91,USD,243.91
9000930,11753,2024-03-27,DEBIT,Netflix,203.01,USD,-203.01
9000931,10088,2024-07-28,DEBIT,Costco,325.49,USD,-325.49
9000932,11810,2025-08-31,CREDIT,CVS,468.51,USD,468.51
9000933,10995,2024-01-02,DEBIT,Uber,25.48,USD,-25.48
9000934,11250,2024-08-16,CREDIT,Starbucks,77.54,USD,77.54
9000935,11420,2025-02-13,DEBIT,Uber,67.24,USD,-67.24
9000936,10216,2024-08-30,CREDIT,Target,43.58,USD,43.58
9000937,11775,2025-04-12,CREDIT,CVS,151.75,USD,151.75
9000938,10300,2025-04-02,CREDIT,Walmart,115.43,USD,115.43
9000939,11439,2025-07-07,CREDIT,Target,274.8,USD,274.8
9000940,10925,2024-07-31,DEBIT,Walmart,164.32,USD,-164.32
9000941,10852,2025-01-20,DEBIT,Shell,203.2,USD,-203.2
9000942,10893,2025-02-15,DEBIT,Amazon,470.99,USD,-470.99
9000943,10169,2025-05-29,DEBIT,Starbucks,78.67,USD,-78.67
9000944,11388,2025-06-11,CREDIT,Amazon,194.84,USD,194.84
9000945,11255,2025-01-22,DEBIT,Starbucks,129.28,USD,-129.28
9000946,10619,2024-10-05,DEBIT,Target,275.03,USD,-275.03
9000947,11351,2024-04-11,DEBIT,Costco,368.43,USD,-368.43
9000948,11256,2025-08-11,CREDIT,Amazon,408.68,USD,408.68
9000949,10681,2025-01-24,DEBIT,CVS,258.13,USD,-258.13
9000950,11670,2024-07-20,CREDIT,Amazon,427.6,USD,427.6
9000951,10642,2025-07-20,DEBIT,Shell,392.75,USD,-392.75
9000952,10036,2025-12-21,CREDIT,Target,79.35,USD,79.35
9000953,10770,2025-01-26,CREDIT,Netflix,123.47,USD,123.47
9000954,11425,2024-12-19,DEBIT,CVS,336.19,USD,-336.19
9000955,11010,2025-08-15,CREDIT,Starbucks,487.42,USD,487.42
9000956,10635,2024-08-22,CREDIT,Walmart,188.69,USD,188.69
9000957,10425,2024-04-23,CREDIT,Netflix,115.67,USD,115.67
9000958,11928,2024-03-07,DEBIT,Netflix,434.7,USD,-434.7
9000959,11976,2024-02-09,DEBIT,Target,100.61,USD,-100.61
9000960,10407,2024-04-12,CREDIT,Apple,349.01,USD,349.01
9000961,10774,2025-02-14,CREDIT,Starbucks,18.09,USD,18.09
9000962,10864,2024-10-21,DEBIT,Amazon,10.47,USD,-10.47
9000963,10216,2025-07-18,CREDIT,Amazon,226.33,USD,226.33
9000964,10169,2025-07-17,CREDIT,Walmart,328.61,USD,328.61
9000965,10609,2024-02-06,DEBIT,Netflix,72.07,USD,-72.07
9000966,10357,2024-03-07,DEBIT,Target,382.18,USD,-382.18
9000967,10185,2025-02-06,DEBIT,Costco,65.24,USD,-65.24
9000968,10724,2025-11-04,CREDIT,Target,267.32,USD,267.32
9000969,10869,2024-07-24,DEBIT,CVS,154.84,USD,-154.84
9000970,10823,2024-12-06,DEBIT,Uber,376.37,USD,-376.37
9000971,11767,2024-02-21,CREDIT,Shell,402.25,USD,402.25
9000972,11977,2025-03-01,DEBIT,Uber,33.98,USD,-33.98
9000973,11937,2024-07-27,DEBIT,Netflix,97.11,USD,-97.11
9000974,10678,2025-05-28,DEBIT,Starbucks,446.43,USD,-446.43
9000975,11841,2025-10-02,DEBIT,Apple,208.39,USD,-208.39
9000976,11184,2024-06-26,DEBIT,Shell,238.89,USD,-238.89
9000977,10283,2025-11-06,DEBIT,Uber,84.84,USD,-84.84
9000978,10183,2024-01-22,CREDIT,Apple,497.45,USD,497.45
9000979,11560,2025-01-03,DEBIT,CVS,461.6,USD,-461.6
9000980,10141,2024-03-22,CREDIT,Walmart,2.01,USD,2.01
9000981,11718,2024-06-12,CREDIT,Costco,275.82,USD,275.82
9000982,11619,2025-01-11,DEBIT,Costco,436.26,USD,-436.26
9000983,10230,2024-01-03,DEBIT,CVS,215.84,USD,-215.84
9000984,11491,2025-11-14,DEBIT,CVS,218.97,USD,-218.97
9000985,11926,2024-04-27,DEBIT,Apple,190.29,USD,-190.29
9000986,10387,2025-10-17,CREDIT,Apple,15.39,USD,15.39
9000987,10734,2025-01-29,CREDIT,CVS,395.35,USD,395.35
9000988,10157,2024-09-22,CREDIT,Netflix,228.94,USD,228.94
9000989,11341,2025-03-10,CREDIT,Uber,266.0,USD,266.0
9000990,11208,2025-11-12,DEBIT,Netflix,128.59,USD,-128.59
9000991,11444,2025-12-25,DEBIT,CVS,392.28,USD,-392.28
9000992,11206,2024-08-14,DEBIT,Amazon,397.08,USD,-397.08
9000993,11620,2025-01-10,DEBIT,Netflix,276.91,USD,-276.91
9000994,10576,2024-09-18,DEBIT,Amazon,452.41,USD,-452.41
9000995,11075,2024-12-31,DEBIT,Shell,58.83,USD,-58.83
9000996,11026,2025-03-03,DEBIT,CVS,393.53,USD,-393.53
9000997,10076,2024-01-08,DEBIT,Apple,279.73,USD,-279.73
9000998,11670,2024-02-10,DEBIT,Amazon,116.28,USD,-116.28
9000999,11861,2024-09-13,DEBIT,Amazon,67.02,USD,-67.02
