customer_id,first_name,last_name,email,signup_date,state,loyalty_tier
1,Sophia,Patel,user1@example.com,2024-09-28,IL,Silver
2,Noah,Singh,user2@example.com,2024-04-03,NC,Silver
3,Lucas,Kim,user3@example.com,2025-09-25,NC,Silver
4,Olivia,Kim,user4@example.com,2024-11-30,NY,Silver
5,Sophia,Garcia,user5@example.com,2023-10-29,WA,Bronze
6,Mason,Singh,user6@example.com,2024-07-07,GA,Bronze
7,Mia,Garcia,user7@example.com,2023-10-15,NJ,Silver
8,Sophia,Singh,user8@example.com,2024-09-12,WA,Silver
9,Lucas,Davis,user9@example.com,2025-10-02,MA,Bronze
10,Olivia,Patel,user10@example.com,2023-02-05,MA,Gold
11,Noah,Davis,user11@example.com,2025-01-13,NC,Gold
12,Lucas,Lopez,user12@example.com,2023-12-19,NJ,Silver
13,Lucas,Brown,user13@example.com,2023-03-14,CA,Bronze
14,Mia,Johnson,user14@example.com,2024-10-09,IL,Gold
15,Ethan,Singh,user15@example.com,2025-12-29,TX,Silver
16,Olivia,Lopez,user16@example.com,2024-02-29,NJ,Gold
17,Liam,Brown,user17@example.com,2025-09-25,TX,Gold
18,Lucas,Chen,user18@example.com,2024-12-08,WA,Gold
19,Ethan,Patel,user19@example.com,2024-07-14,WA,Silver
20,Liam,Garcia,user20@example.com,2025-04-07,TX,Bronze
21,Olivia,Garcia,user21@example.com,2025-08-13,IL,Silver
22,Ava,Davis,user22@example.com,2024-05-31,NJ,Silver
23,Mason,Kim,user23@example.com,2024-03-03,CA,Silver
24,Ethan,Brown,user24@example.com,2023-06-09,NC,Bronze
25,Isabella,Chen,user25@example.com,2023-05-29,NY,Bronze
26,Ava,Lopez,user26@example.com,2025-02-14,WA,Gold
27,Mason,Patel,user27@example.com,2023-03-08,MA,Silver
28,Mia,Brown,user28@example.com,2025-10-10,IL,Gold
29,Sophia,Chen,user29@example.com,2024-01-16,NY,Gold
30,Noah,Johnson,user30@example.com,2023-02-27,CA,Silver
31,Isabella,Singh,user31@example.com,2023-12-08,FL,Silver
32,Mia,Garcia,user32@example.com,2024-12-27,NC,Gold
33,Olivia,Lopez,user33@example.com,2025-02-08,WA,Silver
34,Mia,Garcia,user34@example.com,2024-09-05,NC,Silver
35,Sophia,Lopez,user35@example.com,2023-12-20,NY,Bronze
36,Olivia,Davis,user36@example.com,2023-04-26,NC,Silver
37,Isabella,Kim,user37@example.com,2024-10-23,FL,Silver
38,Sophia,Lopez,user38@example.com,2024-03-28,NY,Bronze
39,Liam,Garcia,user39@example.com,2023-10-14,WA,Bronze
40,Noah,Davis,user40@example.com,2025-10-13,NJ,Bronze
41,Isabella,Lopez,user41@example.com,2023-11-07,MA,Bronze
42,Liam,Johnson,user42@example.com,2023-07-27,NY,Bronze
43,Mason,Kim,user43@example.com,2024-09-09,GA,Bronze
44,Isabella,Lopez,user44@example.com,2024-03-21,FL,Gold
45,Mason,Davis,user45@example.com,2024-10-31,NY,Silver
46,Olivia,Brown,user46@example.com,2024-09-24,NY,Bronze
47,Liam,Smith,user47@example.com,2023-02-24,GA,Bronze
48,Noah,Chen,user48@example.com,2025-06-30,WA,Silver
49,Sophia,Smith,user49@example.com,2025-11-01,NY,Bronze
50,Lucas,Smith,user50@example.com,2024-10-18,MA,Gold
51,Mia,Patel,user51@example.com,2025-09-06,NC,Silver
52,Ava,Johnson,user52@example.com,2024-05-29,WA,Gold
53,Noah,Brown,user53@example.com,2023-08-25,MA,Bronze
54,Liam,Singh,user54@example.com,2023-12-14,WA,Silver
55,Lucas,Lopez,user55@example.com,2024-09-18,MA,Bronze
56,Noah,Chen,user56@example.com,2024-09-21,FL,Gold
57,Liam,Kim,user57@example.com,2023-12-30,MA,Silver
58,Ethan,Brown,user58@example.com,2023-11-17,TX,Bronze
59,Ethan,Garcia,user59@example.com,2023-10-13,MA,Bronze
60,Mason,Singh,user60@example.com,2023-05-29,NJ,Bronze
61,Noah,Patel,user61@example.com,2024-02-10,NJ,Silver
62,Ethan,Patel,user62@example.com,2025-09-04,IL,Bronze
63,Liam,Brown,user63@example.com,2024-03-31,TX,Silver
64,Mason,Davis,user64@example.com,2025-03-10,TX,Bronze
65,Liam,Smith,user65@example.com,2025-10-09,NC,Silver
66,Mason,Garcia,user66@example.com,2025-02-22,TX,Gold
67,Noah,Patel,user67@example.com,2024-04-04,NC,Gold
68,Lucas,Chen,user68@example.com,2025-01-07,IL,Gold
69,Sophia,Patel,user69@example.com,2024-05-23,IL,Bronze
70,Isabella,Kim,user70@example.com,2024-04-25,FL,Bronze
71,Lucas,Lopez,user71@example.com,2023-04-24,NJ,Silver
72,Olivia,Patel,user72@example.com,2025-01-18,MA,Bronze
73,Liam,Kim,user73@example.com,2023-12-27,MA,Bronze
74,Olivia,Brown,user74@example.com,2023-12-07,GA,Bronze
75,Lucas,Brown,user75@example.com,2025-02-08,GA,Bronze
76,Mason,Singh,user76@example.com,2025-01-30,CA,Bronze
77,Isabella,Patel,user77@example.com,2025-08-26,WA,Gold
78,Isabella,Chen,user78@example.com,2024-03-24,FL,Bronze
79,Ava,Patel,user79@example.com,2025-04-14,CA,Silver
80,Isabella,Chen,user80@example.com,2023-11-07,CA,Bronze
81,Sophia,Johnson,user81@example.com,2023-09-19,NY,Silver
82,Isabella,Singh,user82@example.com,2024-02-10,NY,Bronze
83,Lucas,Johnson,user83@example.com,2023-05-23,CA,Gold
84,Ava,Patel,user84@example.com,2023-12-08,TX,Gold
85,Lucas,Singh,user85@example.com,2023-09-01,WA,Bronze
86,Lucas,Johnson,user86@example.com,2024-05-04,FL,Gold
87,Mia,Smith,user87@example.com,2023-01-12,CA,Platinum
88,Ava,Patel,user88@example.com,2024-07-14,MA,Gold
89,Lucas,Johnson,user89@example.com,2023-02-11,WA,Gold
90,Mia,Smith,user90@example.com,2024-11-08,NY,Bronze
91,Mia,Smith,user91@example.com,2024-08-16,MA,Silver
92,Ava,Brown,user92@example.com,2023-05-14,NY,Bronze
93,Olivia,Patel,user93@example.com,2025-12-26,NY,Bronze
94,Mason,Smith,user94@example.com,2025-10-27,WA,Platinum
95,Sophia,Brown,user95@example.com,2025-08-05,NY,Bronze
96,Mason,Johnson,user96@example.com,2023-03-14,IL,Silver
97,Isabella,Kim,user97@example.com,2024-02-03,NJ,Gold
98,Sophia,Patel,user98@example.com,2024-07-31,IL,Gold
99,Isabella,Singh,user99@example.com,2025-05-08,NJ,Platinum
100,Lucas,Chen,user100@example.com,2023-05-10,GA,Bronze
101,Liam,Chen,user101@example.com,2025-07-19,GA,Bronze
102,Ava,Johnson,user102@example.com,2023-09-23,NY,Bronze
103,Sophia,Davis,user103@example.com,2025-03-03,FL,Bronze
104,Sophia,Davis,user104@example.com,2023-09-10,FL,Bronze
105,Lucas,Johnson,user105@example.com,2025-04-01,NJ,Bronze
106,Olivia,Smith,user106@example.com,2023-06-13,MA,Gold
107,Mia,Patel,user107@example.com,2023-04-05,WA,Silver
108,Lucas,Chen,user108@example.com,2025-04-12,NY,Bronze
109,Ethan,Chen,user109@example.com,2023-12-02,WA,Silver
110,Mia,Smith,user110@example.com,2025-04-01,IL,Bronze
111,Ava,Chen,user111@example.com,2023-08-26,FL,Bronze
112,Mia,Singh,user112@example.com,2024-01-16,TX,Gold
113,Olivia,Patel,user113@example.com,2025-06-17,IL,Silver
114,Mia,Lopez,user114@example.com,2024-04-27,IL,Gold
115,Ava,Chen,user115@example.com,2025-06-20,NJ,Bronze
116,Olivia,Johnson,user116@example.com,2025-11-14,NC,Gold
117,Mason,Singh,user117@example.com,2024-04-26,IL,Silver
118,Sophia,Chen,user118@example.com,2025-07-05,NY,Silver
119,Sophia,Singh,user119@example.com,2025-09-20,CA,Silver
120,Isabella,Brown,user120@example.com,2025-08-21,CA,Gold
121,Mason,Lopez,user121@example.com,2024-06-20,NY,Silver
122,Mason,Garcia,user122@example.com,2025-11-01,NC,Silver
123,Mia,Johnson,user123@example.com,2023-05-08,NC,Platinum
124,Sophia,Johnson,user124@example.com,2023-04-02,NJ,Gold
125,Ava,Patel,user125@example.com,2024-06-26,FL,Bronze
126,Noah,Singh,user126@example.com,2025-04-25,WA,Silver
127,Noah,Smith,user127@example.com,2025-09-15,NC,Bronze
128,Olivia,Johnson,user128@example.com,2024-03-22,TX,Bronze
129,Sophia,Singh,user129@example.com,2024-01-25,NJ,Silver
130,Sophia,Singh,user130@example.com,2024-11-02,GA,Gold
131,Noah,Kim,user131@example.com,2023-02-12,MA,Gold
132,Sophia,Kim,user132@example.com,2023-09-11,GA,Bronze
133,Mia,Garcia,user133@example.com,2025-12-19,NJ,Silver
134,Ethan,Brown,user134@example.com,2024-10-24,IL,Bronze
135,Liam,Garcia,user135@example.com,2024-04-11,WA,Platinum
136,Mason,Chen,user136@example.com,2023-10-14,MA,Platinum
137,Isabella,Smith,user137@example.com,2025-10-07,GA,Silver
138,Olivia,Chen,user138@example.com,2025-02-16,MA,Gold
139,Ethan,Davis,user139@example.com,2023-12-11,TX,Silver
140,Noah,Chen,user140@example.com,2024-10-03,TX,Silver
141,Mason,Patel,user141@example.com,2024-01-17,TX,Bronze
142,Sophia,Chen,user142@example.com,2024-11-20,NJ,Silver
143,Isabella,Garcia,user143@example.com,2025-12-15,WA,Silver
144,Sophia,Johnson,user144@example.com,2024-04-01,NJ,Silver
145,Ava,Johnson,user145@example.com,2025-09-09,CA,Bronze
146,Ava,Kim,user146@example.com,2023-03-24,IL,Gold
147,Isabella,Smith,user147@example.com,2023-05-29,IL,Bronze
148,Isabella,Smith,user148@example.com,2023-07-09,TX,Silver
149,Noah,Patel,user149@example.com,2025-06-01,CA,Silver
150,Isabella,Garcia,user150@example.com,2023-09-20,NC,Silver
151,Mia,Kim,user151@example.com,2024-02-04,NC,Silver
152,Sophia,Davis,user152@example.com,2025-02-02,TX,Bronze
153,Ethan,Smith,user153@example.com,2024-08-31,GA,Bronze
154,Lucas,Johnson,user154@example.com,2025-02-23,NJ,Silver
155,Isabella,Chen,user155@example.com,2023-04-11,TX,Silver
156,Olivia,Chen,user156@example.com,2025-03-30,FL,Bronze
157,Ava,Kim,user157@example.com,2025-03-30,MA,Silver
158,Mia,Garcia,user158@example.com,2024-02-24,IL,Silver
159,Mason,Garcia,user159@example.com,2023-05-04,NC,Silver
160,Lucas,Brown,user160@example.com,2024-02-26,NY,Gold
161,Ethan,Lopez,user161@example.com,2025-12-22,NC,Bronze
162,Lucas,Smith,user162@example.com,2025-02-06,IL,Bronze
163,Isabella,Garcia,user163@example.com,2024-04-27,MA,Gold
164,Noah,Johnson,user164@example.com,2024-06-02,IL,Silver
165,Ava,Kim,user165@example.com,2023-06-04,NY,Silver
166,Ava,Davis,user166@example.com,2023-04-02,TX,Gold
167,Mason,Brown,user167@example.com,2025-09-08,CA,Gold
168,Noah,Singh,user168@example.com,2024-03-30,NY,Platinum
169,Sophia,Patel,user169@example.com,2024-08-20,IL,Silver
170,Liam,Davis,user170@example.com,2024-05-24,IL,Silver
171,Mia,Singh,user171@example.com,2024-01-21,FL,Bronze
172,Ava,Chen,user172@example.com,2024-02-09,FL,Bronze
173,Olivia,Patel,user173@example.com,2023-09-03,WA,Silver
174,Ava,Smith,user174@example.com,2025-01-11,FL,Bronze
175,Lucas,Johnson,user175@example.com,2024-10-22,NJ,Gold
176,Ava,Patel,user176@example.com,2024-10-11,CA,Silver
177,Ava,Lopez,user177@example.com,2025-06-19,MA,Silver
178,Liam,Singh,user178@example.com,2023-03-06,NY,Bronze
179,Liam,Smith,user179@example.com,2025-11-02,IL,Bronze
180,Ethan,Lopez,user180@example.com,2023-08-01,WA,Bronze
181,Sophia,Chen,user181@example.com,2023-08-30,WA,Bronze
182,Olivia,Lopez,user182@example.com,2024-05-07,MA,Bronze
183,Ava,Brown,user183@example.com,2023-12-04,CA,Silver
184,Ava,Brown,user184@example.com,2023-06-22,NY,Gold
185,Mia,Kim,user185@example.com,2024-11-02,NC,Gold
186,Liam,Davis,user186@example.com,2023-06-13,FL,Silver
187,Olivia,Davis,user187@example.com,2024-04-09,TX,Bronze
188,Mason,Smith,user188@example.com,2025-09-21,WA,Gold
189,Ethan,Chen,user189@example.com,2024-05-11,FL,Gold
190,Sophia,Garcia,user190@example.com,2024-11-30,FL,Bronze
191,Noah,Brown,user191@example.com,2024-01-30,NJ,Silver
192,Sophia,Smith,user192@example.com,2024-12-03,CA,Bronze
193,Lucas,Garcia,user193@example.com,2023-11-04,TX,Gold
194,Ava,Davis,user194@example.com,2023-07-02,NC,Platinum
195,Ethan,Kim,user195@example.com,2024-09-20,IL,Bronze
196,Lucas,Lopez,user196@example.com,2024-05-24,NJ,Gold
197,Olivia,Brown,user197@example.com,2024-06-29,FL,Silver
198,Noah,Smith,user198@example.com,2024-09-15,FL,Platinum
199,Liam,Patel,user199@example.com,2024-08-16,GA,Silver
200,Ethan,Garcia,user200@example.com,2025-01-13,TX,Gold
201,Ethan,Lopez,user201@example.com,2024-07-07,TX,Bronze
202,Ava,Brown,user202@example.com,2023-01-21,GA,Bronze
203,Isabella,Davis,user203@example.com,2024-07-07,TX,Bronze
204,Ethan,Chen,user204@example.com,2024-02-01,FL,Platinum
205,Mia,Garcia,user205@example.com,2024-09-16,WA,Gold
206,Noah,Davis,user206@example.com,2023-04-15,NY,Gold
207,Noah,Brown,user207@example.com,2023-07-11,FL,Gold
208,Mia,Garcia,user208@example.com,2023-01-17,NJ,Bronze
209,Mason,Lopez,user209@example.com,2024-01-28,CA,Bronze
210,Mia,Brown,user210@example.com,2024-02-29,GA,Bronze
211,Mia,Singh,user211@example.com,2023-05-09,NC,Bronze
212,Noah,Smith,user212@example.com,2024-07-25,IL,Bronze
213,Sophia,Lopez,user213@example.com,2023-01-29,NC,Silver
214,Noah,Garcia,user214@example.com,2025-10-30,FL,Bronze
215,Isabella,Chen,user215@example.com,2023-08-30,NJ,Bronze
216,Ava,Davis,user216@example.com,2023-08-20,FL,Bronze
217,Lucas,Patel,user217@example.com,2025-02-27,CA,Bronze
218,Sophia,Davis,user218@example.com,2024-12-15,WA,Platinum
219,Liam,Garcia,user219@example.com,2025-01-28,IL,Gold
220,Lucas,Davis,user220@example.com,2025-03-12,CA,Platinum
221,Ava,Smith,user221@example.com,2025-02-14,GA,Bronze
222,Isabella,Brown,user222@example.com,2024-12-26,GA,Bronze
223,Isabella,Patel,user223@example.com,2023-07-19,FL,Gold
224,Liam,Johnson,user224@example.com,2025-08-02,NJ,Bronze
225,Sophia,Garcia,user225@example.com,2023-03-20,CA,Bronze
226,Mason,Kim,user226@example.com,2025-08-13,MA,Bronze
227,Mia,Johnson,user227@example.com,2025-05-05,NJ,Bronze
228,Sophia,Davis,user228@example.com,2024-04-11,WA,Bronze
229,Mason,Garcia,user229@example.com,2024-08-03,GA,Bronze
230,Isabella,Singh,user230@example.com,2025-07-28,FL,Silver
231,Noah,Kim,user231@example.com,2024-03-24,TX,Bronze
232,Ava,Patel,user232@example.com,2023-03-28,GA,Bronze
233,Liam,Chen,user233@example.com,2023-04-11,IL,Gold
234,Ava,Singh,user234@example.com,2025-10-28,NY,Bronze
235,Olivia,Johnson,user235@example.com,2025-04-24,TX,Bronze
236,Olivia,Brown,user236@example.com,2023-03-28,FL,Gold
237,Sophia,Smith,user237@example.com,2023-02-12,MA,Bronze
238,Isabella,Chen,user238@example.com,2024-02-12,TX,Bronze
239,Isabella,Singh,user239@example.com,2024-10-25,IL,Silver
240,Mia,Brown,user240@example.com,2025-11-06,NJ,Bronze
241,Mia,Brown,user241@example.com,2023-05-28,MA,Silver
242,Mia,Garcia,user242@example.com,2023-10-04,GA,Gold
243,Noah,Singh,user243@example.com,2023-08-20,MA,Bronze
244,Lucas,Patel,user244@example.com,2024-01-01,CA,Silver
245,Ethan,Davis,user245@example.com,2024-03-11,IL,Silver
246,Lucas,Kim,user246@example.com,2024-02-03,TX,Bronze
247,Ava,Kim,user247@example.com,2024-05-13,CA,Silver
248,Lucas,Johnson,user248@example.com,2024-06-23,MA,Bronze
249,Noah,Johnson,user249@example.com,2024-07-16,CA,Silver
250,Ava,Kim,user250@example.com,2024-03-17,NC,Bronze
251,Lucas,Patel,user251@example.com,2025-02-11,IL,Silver
252,Noah,Smith,user252@example.com,2023-12-16,WA,Bronze
253,Ethan,Lopez,user253@example.com,2024-06-03,NJ,Gold
254,Lucas,Davis,user254@example.com,2023-05-18,MA,Bronze
255,Noah,Smith,user255@example.com,2025-09-18,IL,Bronze
256,Mia,Garcia,user256@example.com,2024-01-03,WA,Silver
257,Isabella,Lopez,user257@example.com,2023-12-26,WA,Silver
258,Mia,Lopez,user258@example.com,2025-07-09,FL,Silver
259,Isabella,Singh,user259@example.com,2023-11-25,CA,Silver
260,Liam,Patel,user260@example.com,2025-08-19,WA,Gold
261,Liam,Patel,user261@example.com,2024-04-07,NC,Gold
262,Liam,Lopez,user262@example.com,2025-08-03,IL,Bronze
263,Ethan,Singh,user263@example.com,2025-08-20,NY,Silver
264,Mia,Davis,user264@example.com,2025-04-15,NY,Gold
265,Isabella,Lopez,user265@example.com,2023-06-18,MA,Platinum
266,Noah,Chen,user266@example.com,2023-08-05,GA,Gold
267,Ava,Johnson,user267@example.com,2024-01-13,CA,Bronze
268,Noah,Johnson,user268@example.com,2023-04-29,GA,Bronze
269,Ava,Smith,user269@example.com,2023-07-09,WA,Silver
270,Olivia,Garcia,user270@example.com,2025-02-05,IL,Silver
271,Noah,Johnson,user271@example.com,2024-01-05,MA,Silver
272,Lucas,Brown,user272@example.com,2023-05-29,TX,Silver
273,Lucas,Smith,user273@example.com,2024-10-13,WA,Gold
274,Sophia,Johnson,user274@example.com,2025-02-08,CA,Bronze
275,Mia,Garcia,user275@example.com,2024-01-09,NY,Gold
276,Ava,Patel,user276@example.com,2025-02-19,FL,Bronze
277,Ava,Patel,user277@example.com,2023-06-09,IL,Bronze
278,Mia,Davis,user278@example.com,2023-12-17,NJ,Silver
279,Ethan,Lopez,user279@example.com,2025-06-10,GA,Gold
280,Sophia,Chen,user280@example.com,2024-06-06,MA,Bronze
281,Ethan,Patel,user281@example.com,2024-06-05,GA,Bronze
282,Ethan,Singh,user282@example.com,2025-02-21,IL,Platinum
283,Ethan,Johnson,user283@example.com,2023-09-30,GA,Bronze
284,Mia,Singh,user284@example.com,2025-07-24,IL,Silver
285,Ethan,Garcia,user285@example.com,2023-07-02,GA,Silver
286,Lucas,Patel,user286@example.com,2024-05-02,NC,Silver
287,Liam,Chen,user287@example.com,2025-04-25,TX,Silver
288,Olivia,Garcia,user288@example.com,2023-05-04,WA,Bronze
289,Ava,Brown,user289@example.com,2025-09-11,WA,Silver
290,Ava,Brown,user290@example.com,2025-02-28,CA,Bronze
291,Olivia,Singh,user291@example.com,2024-02-18,NJ,Silver
292,Mia,Lopez,user292@example.com,2024-11-16,NJ,Bronze
293,Noah,Smith,user293@example.com,2023-04-23,CA,Silver
294,Mia,Lopez,user294@example.com,2025-06-06,FL,Bronze
295,Ava,Davis,user295@example.com,2023-05-02,WA,Bronze
296,Ava,Lopez,user296@example.com,2023-02-08,FL,Bronze
297,Olivia,Davis,user297@example.com,2024-05-11,IL,Bronze
298,Ethan,Davis,user298@example.com,2025-02-18,IL,Gold
299,Mia,Chen,user299@example.com,2025-07-31,NY,Bronze
300,Isabella,Patel,user300@example.com,2023-05-29,GA,Gold
301,Olivia,Chen,user301@example.com,2025-10-18,NJ,Platinum
302,Lucas,Davis,user302@example.com,2024-10-22,NY,Silver
303,Ava,Garcia,user303@example.com,2023-10-29,TX,Bronze
304,Olivia,Brown,user304@example.com,2023-08-26,CA,Bronze
305,Mia,Davis,user305@example.com,2024-10-08,CA,Gold
306,Ava,Chen,user306@example.com,2024-10-24,IL,Bronze
307,Noah,Garcia,user307@example.com,2023-08-24,WA,Bronze
308,Olivia,Chen,user308@example.com,2023-07-22,FL,Silver
309,Sophia,Lopez,user309@example.com,2023-09-13,NJ,Gold
310,Ava,Johnson,user310@example.com,2024-08-20,NY,Gold
311,Mia,Singh,user311@example.com,2024-10-23,FL,Bronze
312,Liam,Smith,user312@example.com,2023-08-23,NY,Silver
313,Isabella,Chen,user313@example.com,2024-06-17,GA,Bronze
314,Mason,Smith,user314@example.com,2025-05-09,TX,Bronze
315,Ethan,Kim,user315@example.com,2025-02-08,TX,Gold
316,Mason,Chen,user316@example.com,2024-06-24,FL,Bronze
317,Mia,Johnson,user317@example.com,2023-08-01,FL,Bronze
318,Lucas,Smith,user318@example.com,2024-04-07,FL,Bronze
319,Lucas,Davis,user319@example.com,2024-03-11,NY,Gold
320,Liam,Chen,user320@example.com,2023-10-10,GA,Gold
321,Ethan,Patel,user321@example.com,2023-03-29,NC,Silver
322,Sophia,Singh,user322@example.com,2025-12-03,FL,Gold
323,Liam,Johnson,user323@example.com,2024-04-05,WA,Bronze
324,Mason,Smith,user324@example.com,2023-10-05,NJ,Silver
325,Liam,Johnson,user325@example.com,2024-02-25,NJ,Bronze
326,Mason,Garcia,user326@example.com,2024-11-26,NY,Bronze
327,Ava,Singh,user327@example.com,2024-05-29,FL,Silver
328,Lucas,Davis,user328@example.com,2024-12-03,IL,Gold
329,Ava,Chen,user329@example.com,2023-01-19,CA,Bronze
330,Isabella,Chen,user330@example.com,2023-01-23,NC,Bronze
331,Ethan,Chen,user331@example.com,2024-02-17,WA,Bronze
332,Sophia,Singh,user332@example.com,2025-11-19,GA,Bronze
333,Mason,Patel,user333@example.com,2023-04-18,IL,Gold
334,Sophia,Kim,user334@example.com,2023-05-16,TX,Silver
335,Mason,Brown,user335@example.com,2023-12-28,IL,Silver
336,Mia,Lopez,user336@example.com,2023-05-09,NY,Gold
337,Liam,Smith,user337@example.com,2024-05-29,NC,Bronze
338,Isabella,Patel,user338@example.com,2024-03-24,MA,Silver
339,Lucas,Davis,user339@example.com,2025-05-23,MA,Bronze
340,Mason,Smith,user340@example.com,2024-04-17,FL,Silver
341,Sophia,Chen,user341@example.com,2025-10-30,FL,Platinum
342,Isabella,Johnson,user342@example.com,2023-10-29,NY,Gold
343,Noah,Davis,user343@example.com,2023-08-19,GA,Bronze
344,Noah,Smith,user344@example.com,2025-07-11,FL,Gold
345,Ava,Chen,user345@example.com,2025-12-25,CA,Bronze
346,Lucas,Smith,user346@example.com,2025-07-25,NC,Bronze
347,Mia,Johnson,user347@example.com,2023-04-22,NY,Bronze
348,Sophia,Chen,user348@example.com,2025-11-02,NJ,Bronze
349,Liam,Kim,user349@example.com,2024-05-14,TX,Silver
350,Liam,Patel,user350@example.com,2025-07-20,NY,Silver
351,Sophia,Garcia,user351@example.com,2024-08-20,NY,Gold
352,Ethan,Lopez,user352@example.com,2023-08-22,MA,Silver
353,Mia,Singh,user353@example.com,2024-08-24,WA,Silver
354,Isabella,Lopez,user354@example.com,2023-11-10,GA,Bronze
355,Mason,Davis,user355@example.com,2024-07-19,WA,Bronze
356,Ethan,Lopez,user356@example.com,2025-11-01,CA,Silver
357,Mason,Chen,user357@example.com,2023-07-28,NJ,Bronze
358,Mason,Kim,user358@example.com,2025-11-03,MA,Gold
359,Ethan,Garcia,user359@example.com,2025-11-09,NJ,Bronze
360,Ava,Patel,user360@example.com,2024-08-09,CA,Bronze
361,Noah,Patel,user361@example.com,2025-10-11,WA,Bronze
362,Mason,Johnson,user362@example.com,2025-12-29,NY,Bronze
363,Ethan,Singh,user363@example.com,2024-11-28,FL,Bronze
364,Ethan,Smith,user364@example.com,2023-05-12,FL,Silver
365,Olivia,Kim,user365@example.com,2025-11-09,IL,Bronze
366,Ava,Smith,user366@example.com,2024-06-19,TX,Silver
367,Lucas,Garcia,user367@example.com,2025-10-10,GA,Bronze
368,Olivia,Lopez,user368@example.com,2023-08-15,CA,Bronze
369,Olivia,Patel,user369@example.com,2025-04-01,TX,Bronze
370,Sophia,Garcia,user370@example.com,2025-05-20,GA,Gold
371,Noah,Lopez,user371@example.com,2024-02-09,TX,Bronze
372,Ethan,Patel,user372@example.com,2023-07-21,WA,Gold
373,Noah,Lopez,user373@example.com,2023-02-07,GA,Bronze
374,Mia,Singh,user374@example.com,2025-07-30,WA,Gold
375,Sophia,Kim,user375@example.com,2023-07-07,NY,Bronze
376,Lucas,Davis,user376@example.com,2025-12-16,MA,Silver
377,Noah,Garcia,user377@example.com,2025-07-29,WA,Silver
378,Liam,Garcia,user378@example.com,2025-11-09,FL,Gold
379,Mason,Brown,user379@example.com,2023-09-30,TX,Bronze
380,Mia,Chen,user380@example.com,2024-08-05,IL,Bronze
381,Ava,Singh,user381@example.com,2024-05-30,NC,Bronze
382,Lucas,Singh,user382@example.com,2024-06-09,GA,Gold
383,Mia,Smith,user383@example.com,2023-12-02,CA,Silver
384,Mason,Lopez,user384@example.com,2024-11-28,IL,Gold
385,Sophia,Chen,user385@example.com,2025-12-14,FL,Bronze
386,Mason,Kim,user386@example.com,2024-05-14,WA,Bronze
387,Olivia,Kim,user387@example.com,2025-06-18,MA,Bronze
388,Mason,Singh,user388@example.com,2025-02-04,NY,Platinum
389,Olivia,Kim,user389@example.com,2024-06-19,NC,Silver
390,Sophia,Brown,user390@example.com,2023-06-11,NJ,Gold
391,Isabella,Garcia,user391@example.com,2024-08-16,IL,Bronze
392,Olivia,Johnson,user392@example.com,2023-06-08,MA,Silver
393,Ava,Davis,user393@example.com,2023-03-01,NJ,Silver
394,Mason,Smith,user394@example.com,2025-07-03,NC,Bronze
395,Mason,Lopez,user395@example.com,2023-07-30,CA,Gold
396,Ava,Davis,user396@example.com,2024-02-10,CA,Gold
397,Liam,Lopez,user397@example.com,2024-10-25,TX,Gold
398,Ethan,Patel,user398@example.com,2024-06-25,NC,Silver
399,Isabella,Davis,user399@example.com,2025-09-24,NC,Bronze
400,Lucas,Johnson,user400@example.com,2025-07-15,NJ,Bronze
401,Olivia,Singh,user401@example.com,2025-05-17,MA,Platinum
402,Ava,Brown,user402@example.com,2023-01-19,GA,Bronze
403,Sophia,Garcia,user403@example.com,2024-03-07,NJ,Silver
404,Olivia,Garcia,user404@example.com,2025-01-09,NY,Silver
405,Ethan,Brown,user405@example.com,2023-07-02,CA,Silver
406,Sophia,Chen,user406@example.com,2023-04-23,CA,Platinum
407,Mia,Patel,user407@example.com,2024-04-25,TX,Bronze
408,Mason,Lopez,user408@example.com,2025-04-10,NY,Bronze
409,Mia,Johnson,user409@example.com,2025-02-01,CA,Bronze
410,Olivia,Kim,user410@example.com,2024-04-20,NJ,Bronze
411,Ethan,Davis,user411@example.com,2025-02-01,NY,Bronze
412,Isabella,Patel,user412@example.com,2025-08-28,NJ,Bronze
413,Olivia,Davis,user413@example.com,2025-10-16,GA,Gold
414,Ava,Johnson,user414@example.com,2023-06-10,GA,Gold
415,Noah,Smith,user415@example.com,2024-02-05,CA,Bronze
416,Olivia,Smith,user416@example.com,2023-07-17,CA,Bronze
417,Mason,Patel,user417@example.com,2024-10-21,MA,Gold
418,Mason,Singh,user418@example.com,2025-12-06,GA,Bronze
419,Olivia,Johnson,user419@example.com,2024-02-03,IL,Bronze
420,Sophia,Johnson,user420@example.com,2023-03-19,IL,Bronze
421,Noah,Brown,user421@example.com,2023-05-04,TX,Silver
422,Ava,Singh,user422@example.com,2023-03-16,GA,Bronze
423,Olivia,Lopez,user423@example.com,2023-05-17,NJ,Platinum
424,Sophia,Lopez,user424@example.com,2024-08-24,NJ,Bronze
425,Mason,Kim,user425@example.com,2025-04-16,FL,Silver
426,Mason,Garcia,user426@example.com,2024-05-14,NY,Bronze
427,Ethan,Smith,user427@example.com,2023-05-18,WA,Silver
428,Olivia,Lopez,user428@example.com,2023-02-19,IL,Silver
429,Noah,Singh,user429@example.com,2025-08-30,CA,Gold
430,Liam,Johnson,user430@example.com,2023-09-11,TX,Gold
431,Noah,Lopez,user431@example.com,2024-12-10,WA,Silver
432,Mason,Johnson,user432@example.com,2024-07-16,NC,Gold
433,Mason,Lopez,user433@example.com,2025-01-26,TX,Gold
434,Mia,Smith,user434@example.com,2024-06-30,NC,Gold
435,Mason,Davis,user435@example.com,2025-07-10,GA,Bronze
436,Ava,Lopez,user436@example.com,2024-08-03,NC,Bronze
437,Lucas,Singh,user437@example.com,2023-02-18,NC,Bronze
438,Olivia,Lopez,user438@example.com,2025-07-05,MA,Silver
439,Noah,Garcia,user439@example.com,2024-12-04,MA,Bronze
440,Lucas,Smith,user440@example.com,2023-09-18,MA,Bronze
441,Sophia,Singh,user441@example.com,2023-12-22,GA,Gold
442,Liam,Brown,user442@example.com,2024-09-29,WA,Gold
443,Ava,Singh,user443@example.com,2025-01-12,TX,Gold
444,Noah,Garcia,user444@example.com,2025-10-06,TX,Bronze
445,Lucas,Davis,user445@example.com,2025-07-19,CA,Silver
446,Liam,Smith,user446@example.com,2024-10-02,MA,Bronze
447,Mia,Brown,user447@example.com,2025-03-02,GA,Bronze
448,Ava,Garcia,user448@example.com,2024-09-03,CA,Bronze
449,Ava,Garcia,user449@example.com,2025-03-19,NY,Bronze
450,Mia,Patel,user450@example.com,2024-11-16,CA,Bronze
451,Olivia,Smith,user451@example.com,2023-07-07,WA,Gold
452,Mia,Singh,user452@example.com,2025-09-11,IL,Bronze
453,Ava,Johnson,user453@example.com,2024-07-01,NC,Silver
454,Ava,Davis,user454@example.com,2024-12-25,MA,Silver
455,Lucas,Johnson,user455@example.com,2025-07-14,IL,Bronze
456,Mason,Singh,user456@example.com,2025-05-25,CA,Silver
457,Liam,Singh,user457@example.com,2024-09-09,GA,Bronze
458,Mia,Smith,user458@example.com,2024-02-18,NC,Silver
459,Liam,Singh,user459@example.com,2025-06-21,TX,Bronze
460,Mia,Patel,user460@example.com,2023-06-12,NJ,Bronze
461,Sophia,Brown,user461@example.com,2023-09-27,NC,Bronze
462,Ava,Singh,user462@example.com,2024-09-23,WA,Silver
463,Mason,Johnson,user463@example.com,2025-06-24,WA,Gold
464,Lucas,Singh,user464@example.com,2023-07-24,CA,Bronze
465,Mason,Patel,user465@example.com,2024-08-04,NY,Silver
466,Mason,Lopez,user466@example.com,2025-04-20,WA,Silver
467,Mason,Lopez,user467@example.com,2024-08-18,WA,Gold
468,Liam,Garcia,user468@example.com,2023-09-07,GA,Gold
469,Mia,Davis,user469@example.com,2025-05-24,CA,Silver
470,Isabella,Kim,user470@example.com,2023-07-15,NC,Silver
471,Sophia,Brown,user471@example.com,2024-11-20,NY,Gold
472,Noah,Chen,user472@example.com,2025-12-29,IL,Bronze
473,Mason,Garcia,user473@example.com,2024-09-30,NJ,Bronze
474,Olivia,Davis,user474@example.com,2024-11-02,MA,Bronze
475,Liam,Lopez,user475@example.com,2025-08-01,TX,Gold
476,Lucas,Johnson,user476@example.com,2023-07-18,WA,Gold
477,Noah,Chen,user477@example.com,2024-05-06,CA,Bronze
478,Isabella,Davis,user478@example.com,2025-06-14,MA,Silver
479,Olivia,Davis,user479@example.com,2023-05-22,TX,Silver
480,Isabella,Garcia,user480@example.com,2023-06-14,TX,Bronze
481,Noah,Chen,user481@example.com,2023-11-10,IL,Platinum
482,Mason,Smith,user482@example.com,2023-01-21,IL,Bronze
483,Olivia,Kim,user483@example.com,2025-09-10,IL,Bronze
484,Isabella,Smith,user484@example.com,2023-11-01,FL,Silver
485,Lucas,Chen,user485@example.com,2024-01-06,FL,Silver
486,Mia,Smith,user486@example.com,2025-05-02,TX,Bronze
487,Ava,Patel,user487@example.com,2024-01-19,IL,Silver
488,Mia,Lopez,user488@example.com,2024-03-20,GA,Silver
489,Noah,Patel,user489@example.com,2024-02-29,WA,Bronze
490,Liam,Singh,user490@example.com,2023-06-10,MA,Bronze
491,Ava,Smith,user491@example.com,2024-09-20,MA,Silver
492,Sophia,Singh,user492@example.com,2025-06-13,FL,Bronze
493,Lucas,Johnson,user493@example.com,2024-05-04,TX,Gold
494,Sophia,Brown,user494@example.com,2025-10-13,CA,Gold
495,Olivia,Johnson,user495@example.com,2023-11-23,NC,Platinum
496,Ava,Chen,user496@example.com,2024-08-20,NC,Bronze
497,Sophia,Davis,user497@example.com,2025-10-11,FL,Platinum
498,Sophia,Lopez,user498@example.com,2023-10-16,CA,Bronze
499,Isabella,Smith,user499@example.com,2024-08-15,FL,Bronze
500,Mia,Garcia,user500@example.com,2024-07-26,NC,Bronze
501,Isabella,Brown,user501@example.com,2023-01-28,CA,Bronze
502,Ava,Kim,user502@example.com,2025-08-11,IL,Silver
503,Ava,Kim,user503@example.com,2023-02-12,TX,Silver
504,Noah,Kim,user504@example.com,2024-02-27,MA,Bronze
505,Isabella,Smith,user505@example.com,2023-06-26,GA,Silver
506,Ethan,Kim,user506@example.com,2024-06-12,NY,Bronze
507,Mia,Patel,user507@example.com,2025-08-23,TX,Silver
508,Ava,Brown,user508@example.com,2023-07-17,IL,Bronze
509,Noah,Patel,user509@example.com,2024-09-01,NC,Gold
510,Isabella,Davis,user510@example.com,2025-04-21,IL,Gold
511,Mia,Brown,user511@example.com,2025-05-02,FL,Silver
512,Isabella,Patel,user512@example.com,2023-01-22,CA,Bronze
513,Sophia,Brown,user513@example.com,2025-12-16,MA,Bronze
514,Noah,Davis,user514@example.com,2025-12-25,WA,Gold
515,Mia,Singh,user515@example.com,2025-04-21,FL,Bronze
516,Mason,Smith,user516@example.com,2023-04-08,TX,Bronze
517,Olivia,Smith,user517@example.com,2024-03-10,FL,Bronze
518,Olivia,Kim,user518@example.com,2024-09-28,TX,Silver
519,Mia,Johnson,user519@example.com,2024-08-10,WA,Silver
520,Isabella,Kim,user520@example.com,2023-12-10,NJ,Gold
521,Noah,Chen,user521@example.com,2024-07-24,MA,Bronze
522,Olivia,Patel,user522@example.com,2024-09-02,GA,Bronze
523,Noah,Brown,user523@example.com,2023-08-31,GA,Gold
524,Olivia,Johnson,user524@example.com,2024-07-14,NY,Gold
525,Sophia,Davis,user525@example.com,2025-08-17,IL,Bronze
526,Isabella,Chen,user526@example.com,2023-02-01,NJ,Silver
527,Sophia,Davis,user527@example.com,2024-01-26,GA,Bronze
528,Olivia,Smith,user528@example.com,2023-10-04,FL,Gold
529,Mason,Smith,user529@example.com,2024-06-15,IL,Bronze
530,Mason,Kim,user530@example.com,2024-01-18,NJ,Gold
531,Sophia,Patel,user531@example.com,2025-12-27,CA,Silver
532,Mason,Johnson,user532@example.com,2025-06-02,CA,Silver
533,Olivia,Lopez,user533@example.com,2023-08-02,IL,Bronze
534,Mia,Chen,user534@example.com,2024-01-11,TX,Silver
535,Sophia,Chen,user535@example.com,2025-01-13,TX,Bronze
536,Liam,Kim,user536@example.com,2023-08-01,FL,Bronze
537,Isabella,Smith,user537@example.com,2023-03-20,NJ,Silver
538,Mason,Kim,user538@example.com,2024-09-19,NJ,Platinum
539,Mason,Brown,user539@example.com,2024-08-26,IL,Silver
540,Ava,Johnson,user540@example.com,2025-02-20,NC,Silver
541,Ethan,Patel,user541@example.com,2025-09-27,CA,Bronze
542,Sophia,Singh,user542@example.com,2024-11-10,NJ,Bronze
543,Lucas,Garcia,user543@example.com,2023-02-27,IL,Bronze
544,Mason,Garcia,user544@example.com,2025-11-15,WA,Silver
545,Isabella,Kim,user545@example.com,2025-05-30,NY,Gold
546,Liam,Brown,user546@example.com,2024-03-22,WA,Silver
547,Mason,Johnson,user547@example.com,2023-03-07,MA,Bronze
548,Liam,Lopez,user548@example.com,2025-12-03,FL,Bronze
549,Olivia,Garcia,user549@example.com,2025-10-08,NJ,Silver
550,Olivia,Johnson,user550@example.com,2023-08-15,MA,Bronze
551,Ethan,Patel,user551@example.com,2025-02-12,GA,Gold
552,Mia,Davis,user552@example.com,2024-11-09,MA,Gold
553,Lucas,Brown,user553@example.com,2024-08-23,IL,Silver
554,Ava,Smith,user554@example.com,2024-01-14,NJ,Bronze
555,Ethan,Johnson,user555@example.com,2024-12-09,NY,Bronze
556,Noah,Patel,user556@example.com,2023-11-03,IL,Bronze
557,Ava,Lopez,user557@example.com,2025-02-17,IL,Bronze
558,Sophia,Singh,user558@example.com,2024-05-18,FL,Bronze
559,Isabella,Smith,user559@example.com,2023-09-25,FL,Silver
560,Noah,Singh,user560@example.com,2023-01-08,CA,Silver
561,Noah,Lopez,user561@example.com,2024-05-22,CA,Bronze
562,Ethan,Patel,user562@example.com,2024-04-20,TX,Bronze
563,Mia,Garcia,user563@example.com,2023-06-13,NC,Bronze
564,Ethan,Singh,user564@example.com,2024-04-29,NJ,Bronze
565,Sophia,Smith,user565@example.com,2025-12-31,NJ,Gold
566,Mason,Kim,user566@example.com,2024-07-20,MA,Bronze
567,Mason,Chen,user567@example.com,2025-06-23,NJ,Bronze
568,Mia,Johnson,user568@example.com,2024-07-12,NJ,Bronze
569,Sophia,Garcia,user569@example.com,2023-08-26,NC,Gold
570,Mia,Singh,user570@example.com,2024-07-07,GA,Silver
571,Liam,Davis,user571@example.com,2025-04-07,CA,Bronze
572,Mason,Johnson,user572@example.com,2024-04-12,CA,Silver
573,Noah,Kim,user573@example.com,2024-01-21,NY,Silver
574,Lucas,Lopez,user574@example.com,2025-02-13,NJ,Platinum
575,Isabella,Chen,user575@example.com,2025-04-27,NC,Bronze
576,Sophia,Patel,user576@example.com,2024-01-22,CA,Gold
577,Ava,Kim,user577@example.com,2025-05-26,NC,Gold
578,Mia,Kim,user578@example.com,2023-09-16,WA,Gold
579,Isabella,Lopez,user579@example.com,2023-10-10,GA,Silver
580,Ava,Brown,user580@example.com,2023-02-09,NJ,Silver
581,Isabella,Lopez,user581@example.com,2024-04-30,NY,Bronze
582,Lucas,Brown,user582@example.com,2025-07-17,MA,Gold
583,Ava,Brown,user583@example.com,2023-08-08,CA,Silver
584,Ethan,Garcia,user584@example.com,2025-10-11,WA,Silver
585,Olivia,Garcia,user585@example.com,2025-10-20,NC,Bronze
586,Ethan,Smith,user586@example.com,2024-09-04,FL,Silver
587,Mason,Singh,user587@example.com,2025-07-16,IL,Gold
588,Olivia,Singh,user588@example.com,2024-11-18,NJ,Bronze
589,Ethan,Patel,user589@example.com,2024-09-04,NJ,Gold
590,Olivia,Singh,user590@example.com,2023-09-17,WA,Silver
591,Olivia,Garcia,user591@example.com,2025-09-16,NC,Gold
592,Noah,Smith,user592@example.com,2025-08-23,TX,Bronze
593,Mia,Smith,user593@example.com,2024-01-01,NJ,Bronze
594,Mia,Brown,user594@example.com,2024-06-27,TX,Gold
595,Noah,Lopez,user595@example.com,2024-10-10,FL,Bronze
596,Isabella,Patel,user596@example.com,2025-03-24,WA,Gold
597,Liam,Brown,user597@example.com,2025-11-05,NC,Silver
598,Isabella,Lopez,user598@example.com,2024-07-28,NC,Silver
599,Ava,Singh,user599@example.com,2025-10-09,GA,Bronze
600,Ava,Brown,user600@example.com,2024-10-31,IL,Silver
601,Olivia,Johnson,user601@example.com,2023-09-26,CA,Bronze
602,Ethan,Singh,user602@example.com,2025-07-12,CA,Bronze
603,Ethan,Lopez,user603@example.com,2023-09-04,MA,Bronze
604,Mia,Patel,user604@example.com,2023-05-11,NY,Bronze
605,Sophia,Lopez,user605@example.com,2023-12-19,WA,Platinum
606,Isabella,Brown,user606@example.com,2023-07-15,FL,Platinum
607,Mason,Brown,user607@example.com,2025-07-18,NC,Bronze
608,Lucas,Kim,user608@example.com,2025-10-18,IL,Silver
609,Ethan,Patel,user609@example.com,2024-10-06,TX,Bronze
610,Lucas,Davis,user610@example.com,2023-08-15,WA,Silver
611,Olivia,Singh,user611@example.com,2024-12-01,MA,Gold
612,Lucas,Smith,user612@example.com,2023-09-22,WA,Gold
613,Mason,Patel,user613@example.com,2024-10-07,MA,Bronze
614,Noah,Smith,user614@example.com,2023-07-30,NC,Gold
615,Mason,Patel,user615@example.com,2025-07-31,NY,Bronze
616,Lucas,Patel,user616@example.com,2024-04-01,MA,Platinum
617,Mason,Lopez,user617@example.com,2024-12-25,NC,Bronze
618,Liam,Patel,user618@example.com,2025-09-08,NC,Silver
619,Olivia,Kim,user619@example.com,2024-08-10,NY,Silver
620,Isabella,Davis,user620@example.com,2024-04-20,CA,Silver
621,Noah,Brown,user621@example.com,2025-09-12,WA,Bronze
622,Ethan,Chen,user622@example.com,2023-06-05,NJ,Gold
623,Ava,Smith,user623@example.com,2023-07-09,NJ,Bronze
624,Isabella,Brown,user624@example.com,2025-09-07,TX,Silver
625,Ava,Chen,user625@example.com,2024-06-29,TX,Bronze
626,Olivia,Davis,user626@example.com,2023-02-10,NJ,Bronze
627,Noah,Davis,user627@example.com,2023-11-03,FL,Silver
628,Mia,Smith,user628@example.com,2025-07-31,NJ,Bronze
629,Ethan,Smith,user629@example.com,2023-12-04,TX,Bronze
630,Liam,Davis,user630@example.com,2025-08-10,IL,Bronze
631,Mia,Chen,user631@example.com,2023-10-06,TX,Bronze
632,Olivia,Patel,user632@example.com,2025-06-14,FL,Gold
633,Isabella,Singh,user633@example.com,2023-09-30,WA,Gold
634,Liam,Johnson,user634@example.com,2025-04-16,NJ,Bronze
635,Mason,Brown,user635@example.com,2024-09-11,NY,Bronze
636,Lucas,Lopez,user636@example.com,2025-05-11,IL,Bronze
637,Liam,Brown,user637@example.com,2025-07-19,NC,Bronze
638,Olivia,Lopez,user638@example.com,2023-10-16,FL,Silver
639,Sophia,Chen,user639@example.com,2024-12-24,TX,Silver
640,Lucas,Lopez,user640@example.com,2025-06-11,NY,Bronze
641,Ava,Smith,user641@example.com,2023-09-29,MA,Bronze
642,Ethan,Singh,user642@example.com,2025-12-25,CA,Bronze
643,Ava,Singh,user643@example.com,2024-04-27,NJ,Gold
644,Liam,Smith,user644@example.com,2025-07-24,CA,Platinum
645,Ava,Kim,user645@example.com,2023-09-05,FL,Bronze
646,Olivia,Chen,user646@example.com,2023-06-05,MA,Bronze
647,Mason,Kim,user647@example.com,2025-12-06,MA,Gold
648,Isabella,Kim,user648@example.com,2024-03-29,MA,Gold
649,Ethan,Brown,user649@example.com,2023-07-20,NC,Bronze
650,Ava,Davis,user650@example.com,2023-05-04,FL,Bronze
651,Ava,Brown,user651@example.com,2023-01-01,WA,Bronze
652,Liam,Davis,user652@example.com,2025-08-25,CA,Silver
653,Isabella,Johnson,user653@example.com,2025-05-04,WA,Bronze
654,Mia,Lopez,user654@example.com,2024-10-01,NY,Bronze
655,Ava,Davis,user655@example.com,2023-07-10,GA,Silver
656,Olivia,Smith,user656@example.com,2024-05-30,IL,Bronze
657,Sophia,Brown,user657@example.com,2024-03-17,IL,Gold
658,Ethan,Chen,user658@example.com,2023-05-23,WA,Bronze
659,Ava,Lopez,user659@example.com,2024-06-16,GA,Bronze
660,Olivia,Johnson,user660@example.com,2023-08-15,GA,Silver
661,Olivia,Davis,user661@example.com,2025-08-06,NJ,Bronze
662,Ethan,Johnson,user662@example.com,2024-04-04,NY,Platinum
663,Mia,Chen,user663@example.com,2024-07-04,FL,Silver
664,Olivia,Kim,user664@example.com,2024-01-28,GA,Bronze
665,Sophia,Singh,user665@example.com,2025-04-24,TX,Silver
666,Olivia,Chen,user666@example.com,2023-07-29,IL,Bronze
667,Olivia,Garcia,user667@example.com,2024-10-07,TX,Gold
668,Olivia,Chen,user668@example.com,2023-08-07,NY,Bronze
669,Mason,Johnson,user669@example.com,2024-02-11,GA,Silver
670,Mason,Smith,user670@example.com,2025-06-06,CA,Bronze
671,Mia,Brown,user671@example.com,2024-07-11,IL,Bronze
672,Ava,Smith,user672@example.com,2024-07-03,NJ,Gold
673,Olivia,Johnson,user673@example.com,2023-05-22,NJ,Gold
674,Isabella,Brown,user674@example.com,2024-09-03,MA,Bronze
675,Ava,Garcia,user675@example.com,2024-05-15,NC,Bronze
676,Mia,Singh,user676@example.com,2025-04-19,GA,Gold
677,Noah,Lopez,user677@example.com,2024-12-02,NY,Gold
678,Ava,Johnson,user678@example.com,2024-08-18,IL,Bronze
679,Ava,Davis,user679@example.com,2023-10-08,NC,Silver
680,Lucas,Johnson,user680@example.com,2024-02-28,NY,Bronze
681,Liam,Johnson,user681@example.com,2025-05-05,WA,Gold
682,Lucas,Brown,user682@example.com,2023-09-27,GA,Bronze
683,Sophia,Patel,user683@example.com,2023-06-03,FL,Bronze
684,Mason,Chen,user684@example.com,2024-09-05,FL,Gold
685,Mason,Patel,user685@example.com,2024-10-23,GA,Bronze
686,Liam,Garcia,user686@example.com,2023-03-24,MA,Silver
687,Ethan,Davis,user687@example.com,2025-08-04,MA,Bronze
688,Ethan,Singh,user688@example.com,2025-06-17,FL,Bronze
689,Mia,Kim,user689@example.com,2023-10-11,CA,Bronze
690,Liam,Garcia,user690@example.com,2025-09-06,IL,Silver
691,Ava,Kim,user691@example.com,2023-06-22,FL,Bronze
692,Ethan,Kim,user692@example.com,2025-12-22,CA,Silver
693,Olivia,Singh,user693@example.com,2025-02-01,NC,Gold
694,Isabella,Smith,user694@example.com,2024-09-24,CA,Gold
695,Ava,Patel,user695@example.com,2025-02-25,NC,Bronze
696,Sophia,Johnson,user696@example.com,2025-07-31,NY,Bronze
697,Olivia,Lopez,user697@example.com,2025-10-08,TX,Bronze
698,Olivia,Kim,user698@example.com,2024-02-02,NY,Bronze
699,Liam,Davis,user699@example.com,2025-07-22,FL,Bronze
700,Mia,Garcia,user700@example.com,2024-11-06,NC,Silver
701,Sophia,Smith,user701@example.com,2025-07-24,FL,Bronze
702,Ethan,Kim,user702@example.com,2024-04-09,GA,Bronze
703,Liam,Smith,user703@example.com,2023-10-13,IL,Bronze
704,Ethan,Smith,user704@example.com,2023-09-22,NJ,Silver
705,Liam,Kim,user705@example.com,2023-11-16,FL,Bronze
706,Liam,Brown,user706@example.com,2024-11-03,IL,Silver
707,Liam,Chen,user707@example.com,2025-03-30,CA,Bronze
708,Mia,Davis,user708@example.com,2023-03-30,NY,Gold
709,Liam,Johnson,user709@example.com,2025-03-31,CA,Gold
710,Noah,Johnson,user710@example.com,2025-09-27,NJ,Bronze
711,Isabella,Davis,user711@example.com,2023-11-30,NC,Bronze
712,Ethan,Brown,user712@example.com,2023-08-10,GA,Bronze
713,Ava,Johnson,user713@example.com,2023-02-10,IL,Bronze
714,Lucas,Smith,user714@example.com,2023-03-09,GA,Silver
715,Sophia,Singh,user715@example.com,2025-09-14,TX,Gold
716,Mason,Garcia,user716@example.com,2024-05-28,FL,Silver
717,Mia,Patel,user717@example.com,2024-11-25,NC,Gold
718,Ava,Johnson,user718@example.com,2025-11-05,TX,Bronze
719,Olivia,Davis,user719@example.com,2024-04-21,WA,Bronze
720,Noah,Singh,user720@example.com,2025-12-21,FL,Silver
721,Mason,Kim,user721@example.com,2025-05-30,CA,Bronze
722,Lucas,Chen,user722@example.com,2024-03-07,NY,Silver
723,Ava,Davis,user723@example.com,2023-09-25,IL,Bronze
724,Mason,Smith,user724@example.com,2025-11-24,NJ,Bronze
725,Ava,Chen,user725@example.com,2025-02-17,NJ,Platinum
726,Noah,Garcia,user726@example.com,2024-05-08,CA,Bronze
727,Lucas,Garcia,user727@example.com,2024-10-22,MA,Platinum
728,Olivia,Brown,user728@example.com,2025-10-09,NJ,Platinum
729,Liam,Lopez,user729@example.com,2025-11-24,IL,Gold
730,Ethan,Brown,user730@example.com,2025-09-03,CA,Silver
731,Olivia,Singh,user731@example.com,2024-04-26,NC,Silver
732,Liam,Chen,user732@example.com,2024-12-28,NJ,Gold
733,Mia,Lopez,user733@example.com,2024-04-24,GA,Bronze
734,Isabella,Kim,user734@example.com,2025-12-24,CA,Silver
735,Sophia,Smith,user735@example.com,2025-10-28,IL,Silver
736,Sophia,Chen,user736@example.com,2023-12-09,GA,Bronze
737,Ethan,Brown,user737@example.com,2023-11-28,FL,Bronze
738,Lucas,Patel,user738@example.com,2024-03-13,FL,Bronze
739,Noah,Lopez,user739@example.com,2023-06-23,NJ,Silver
740,Lucas,Lopez,user740@example.com,2024-07-12,GA,Gold
741,Noah,Smith,user741@example.com,2024-06-10,NY,Bronze
742,Lucas,Johnson,user742@example.com,2024-10-20,FL,Gold
743,Isabella,Garcia,user743@example.com,2023-01-26,NY,Silver
744,Mia,Garcia,user744@example.com,2025-03-30,NC,Gold
745,Mia,Patel,user745@example.com,2024-08-27,CA,Silver
746,Liam,Singh,user746@example.com,2024-02-10,TX,Gold
747,Mason,Singh,user747@example.com,2023-08-20,IL,Bronze
748,Mia,Kim,user748@example.com,2024-06-16,CA,Gold
749,Mia,Chen,user749@example.com,2024-05-19,IL,Bronze
750,Olivia,Davis,user750@example.com,2023-06-28,GA,Gold
751,Olivia,Johnson,user751@example.com,2023-05-12,NC,Platinum
752,Liam,Brown,user752@example.com,2023-12-14,WA,Bronze
753,Mason,Davis,user753@example.com,2024-06-23,NJ,Bronze
754,Ethan,Davis,user754@example.com,2025-02-10,IL,Gold
755,Olivia,Lopez,user755@example.com,2023-03-17,IL,Bronze
756,Ethan,Patel,user756@example.com,2024-08-01,GA,Gold
757,Ava,Garcia,user757@example.com,2025-05-03,NY,Bronze
758,Olivia,Kim,user758@example.com,2023-07-13,CA,Bronze
759,Isabella,Singh,user759@example.com,2023-12-13,WA,Platinum
760,Mason,Patel,user760@example.com,2025-08-08,MA,Silver
761,Liam,Lopez,user761@example.com,2023-08-02,NJ,Gold
762,Ava,Brown,user762@example.com,2024-07-26,TX,Bronze
763,Mason,Kim,user763@example.com,2025-02-18,MA,Silver
764,Isabella,Lopez,user764@example.com,2023-09-19,CA,Silver
765,Mason,Garcia,user765@example.com,2024-12-30,NJ,Silver
766,Isabella,Garcia,user766@example.com,2023-10-10,IL,Silver
767,Isabella,Garcia,user767@example.com,2023-12-28,TX,Silver
768,Ethan,Patel,user768@example.com,2024-03-16,NY,Bronze
769,Lucas,Patel,user769@example.com,2023-04-03,WA,Bronze
770,Ava,Singh,user770@example.com,2025-01-22,NY,Gold
771,Mason,Singh,user771@example.com,2025-05-16,NC,Bronze
772,Noah,Brown,user772@example.com,2023-05-22,GA,Silver
773,Ava,Kim,user773@example.com,2025-01-18,NJ,Bronze
774,Lucas,Smith,user774@example.com,2024-10-14,NY,Silver
775,Ava,Smith,user775@example.com,2024-12-01,MA,Silver
776,Mia,Lopez,user776@example.com,2025-09-24,GA,Bronze
777,Noah,Garcia,user777@example.com,2023-02-18,NY,Bronze
778,Lucas,Kim,user778@example.com,2025-05-30,FL,Bronze
779,Ethan,Davis,user779@example.com,2024-07-08,NC,Silver
780,Mason,Patel,user780@example.com,2024-02-08,CA,Gold
781,Sophia,Chen,user781@example.com,2025-06-10,WA,Bronze
782,Lucas,Johnson,user782@example.com,2025-05-14,NC,Silver
783,Liam,Brown,user783@example.com,2024-08-24,GA,Bronze
784,Mason,Garcia,user784@example.com,2023-12-07,FL,Silver
785,Lucas,Garcia,user785@example.com,2024-12-04,NJ,Gold
786,Mia,Garcia,user786@example.com,2023-11-14,MA,Bronze
787,Sophia,Patel,user787@example.com,2024-09-09,WA,Silver
788,Mia,Patel,user788@example.com,2024-01-17,WA,Bronze
789,Sophia,Johnson,user789@example.com,2023-08-21,NC,Bronze
790,Liam,Davis,user790@example.com,2025-03-27,GA,Bronze
791,Mason,Kim,user791@example.com,2024-07-06,NJ,Bronze
792,Ethan,Garcia,user792@example.com,2025-05-05,IL,Silver
793,Mia,Smith,user793@example.com,2025-03-29,FL,Bronze
794,Mia,Singh,user794@example.com,2023-07-02,IL,Silver
795,Isabella,Smith,user795@example.com,2025-11-30,MA,Bronze
796,Sophia,Lopez,user796@example.com,2024-02-01,NJ,Bronze
797,Olivia,Smith,user797@example.com,2025-02-17,NJ,Silver
798,Mason,Lopez,user798@example.com,2025-06-25,FL,Platinum
799,Sophia,Chen,user799@example.com,2023-05-07,TX,Bronze
800,Isabella,Singh,user800@example.com,2023-01-01,IL,Gold
801,Ava,Smith,user801@example.com,2023-01-19,NY,Silver
802,Sophia,Chen,user802@example.com,2024-08-06,WA,Silver
803,Ethan,Brown,user803@example.com,2024-03-31,TX,Silver
804,Mason,Kim,user804@example.com,2025-08-14,NY,Bronze
805,Isabella,Chen,user805@example.com,2024-03-20,GA,Bronze
806,Ava,Kim,user806@example.com,2024-08-24,FL,Silver
807,Noah,Smith,user807@example.com,2023-04-13,GA,Bronze
808,Isabella,Davis,user808@example.com,2025-09-14,WA,Gold
809,Noah,Chen,user809@example.com,2024-06-03,CA,Bronze
810,Mason,Singh,user810@example.com,2025-05-08,NY,Bronze
811,Mia,Smith,user811@example.com,2023-06-23,TX,Silver
812,Isabella,Garcia,user812@example.com,2025-10-01,NY,Bronze
813,Liam,Patel,user813@example.com,2024-03-06,NY,Silver
814,Noah,Chen,user814@example.com,2024-12-27,FL,Silver
815,Ethan,Singh,user815@example.com,2025-04-29,GA,Gold
816,Liam,Brown,user816@example.com,2025-09-16,IL,Gold
817,Lucas,Garcia,user817@example.com,2024-09-30,CA,Silver
818,Lucas,Brown,user818@example.com,2024-02-24,FL,Silver
819,Ava,Smith,user819@example.com,2024-08-16,MA,Gold
820,Mia,Patel,user820@example.com,2024-04-29,FL,Bronze
821,Mason,Chen,user821@example.com,2024-02-16,WA,Bronze
822,Isabella,Chen,user822@example.com,2025-07-24,CA,Bronze
823,Olivia,Davis,user823@example.com,2023-11-28,NJ,Bronze
824,Ethan,Davis,user824@example.com,2024-10-16,MA,Silver
825,Noah,Smith,user825@example.com,2023-02-10,NC,Silver
826,Mason,Smith,user826@example.com,2025-08-16,FL,Silver
827,Liam,Patel,user827@example.com,2023-04-15,NY,Bronze
828,Lucas,Davis,user828@example.com,2023-07-21,IL,Silver
829,Ethan,Singh,user829@example.com,2024-03-25,NJ,Bronze
830,Olivia,Singh,user830@example.com,2025-06-28,FL,Silver
831,Isabella,Patel,user831@example.com,2023-07-29,FL,Silver
832,Ava,Singh,user832@example.com,2024-07-16,TX,Bronze
833,Olivia,Lopez,user833@example.com,2024-12-13,TX,Bronze
834,Ethan,Kim,user834@example.com,2025-02-09,NJ,Bronze
835,Olivia,Patel,user835@example.com,2024-03-29,GA,Gold
836,Ethan,Patel,user836@example.com,2024-10-28,TX,Gold
837,Ethan,Johnson,user837@example.com,2024-09-20,NY,Silver
838,Sophia,Garcia,user838@example.com,2024-01-22,MA,Bronze
839,Noah,Garcia,user839@example.com,2023-10-23,NC,Bronze
840,Lucas,Lopez,user840@example.com,2023-09-15,CA,Silver
841,Sophia,Davis,user841@example.com,2023-09-25,NC,Gold
842,Isabella,Smith,user842@example.com,2024-02-23,NC,Bronze
843,Sophia,Smith,user843@example.com,2023-08-23,CA,Bronze
844,Mia,Brown,user844@example.com,2025-09-12,TX,Silver
845,Mia,Lopez,user845@example.com,2024-07-27,NJ,Bronze
846,Lucas,Patel,user846@example.com,2023-02-18,CA,Bronze
847,Olivia,Lopez,user847@example.com,2023-08-11,WA,Bronze
848,Noah,Lopez,user848@example.com,2025-07-09,GA,Silver
849,Lucas,Lopez,user849@example.com,2023-10-04,MA,Gold
850,Ethan,Garcia,user850@example.com,2024-02-24,IL,Platinum
851,Liam,Lopez,user851@example.com,2024-09-02,TX,Silver
852,Noah,Kim,user852@example.com,2024-01-10,GA,Silver
853,Noah,Smith,user853@example.com,2023-03-14,CA,Bronze
854,Ethan,Brown,user854@example.com,2025-11-19,WA,Silver
855,Ethan,Kim,user855@example.com,2023-07-14,IL,Bronze
856,Ava,Brown,user856@example.com,2025-04-26,MA,Silver
857,Lucas,Johnson,user857@example.com,2025-11-30,MA,Bronze
858,Ethan,Brown,user858@example.com,2025-12-22,TX,Bronze
859,Mia,Smith,user859@example.com,2023-01-23,CA,Bronze
860,Isabella,Smith,user860@example.com,2023-12-26,GA,Bronze
861,Liam,Lopez,user861@example.com,2024-07-13,NJ,Bronze
862,Lucas,Chen,user862@example.com,2024-11-02,GA,Bronze
863,Mason,Johnson,user863@example.com,2024-11-09,GA,Platinum
864,Mia,Patel,user864@example.com,2024-03-15,MA,Bronze
865,Olivia,Singh,user865@example.com,2025-07-21,NJ,Silver
866,Ethan,Brown,user866@example.com,2023-01-07,NJ,Gold
867,Mason,Chen,user867@example.com,2024-02-25,TX,Platinum
868,Ethan,Lopez,user868@example.com,2025-04-12,IL,Silver
869,Noah,Garcia,user869@example.com,2024-07-12,FL,Gold
870,Mia,Patel,user870@example.com,2025-07-02,NC,Bronze
871,Noah,Davis,user871@example.com,2025-10-03,NC,Bronze
872,Ava,Chen,user872@example.com,2023-05-06,MA,Bronze
873,Noah,Garcia,user873@example.com,2024-01-30,FL,Silver
874,Ava,Johnson,user874@example.com,2025-03-27,IL,Silver
875,Ava,Lopez,user875@example.com,2025-05-30,FL,Bronze
876,Mason,Patel,user876@example.com,2024-07-29,TX,Bronze
877,Ethan,Patel,user877@example.com,2023-11-21,GA,Silver
878,Olivia,Patel,user878@example.com,2025-07-18,MA,Bronze
879,Noah,Johnson,user879@example.com,2025-04-12,NJ,Silver
880,Mia,Brown,user880@example.com,2025-11-20,MA,Silver
881,Ava,Davis,user881@example.com,2025-04-16,NC,Silver
882,Ethan,Johnson,user882@example.com,2025-07-14,IL,Gold
883,Liam,Singh,user883@example.com,2024-03-18,FL,Gold
884,Lucas,Davis,user884@example.com,2023-03-16,IL,Silver
885,Mason,Smith,user885@example.com,2024-07-10,TX,Silver
886,Olivia,Lopez,user886@example.com,2023-12-29,MA,Silver
887,Sophia,Johnson,user887@example.com,2024-03-23,CA,Bronze
888,Mason,Garcia,user888@example.com,2023-09-19,MA,Bronze
889,Liam,Davis,user889@example.com,2023-05-05,NJ,Bronze
890,Lucas,Singh,user890@example.com,2025-06-29,MA,Bronze
891,Liam,Smith,user891@example.com,2023-09-02,WA,Silver
892,Noah,Brown,user892@example.com,2024-06-25,TX,Gold
893,Ava,Garcia,user893@example.com,2024-04-29,NY,Bronze
894,Olivia,Davis,user894@example.com,2023-05-02,TX,Bronze
895,Isabella,Lopez,user895@example.com,2023-05-05,FL,Platinum
896,Ava,Garcia,user896@example.com,2023-06-19,NY,Bronze
897,Isabella,Smith,user897@example.com,2023-05-04,FL,Silver
898,Lucas,Garcia,user898@example.com,2025-11-24,FL,Silver
899,Ethan,Kim,user899@example.com,2024-10-07,NJ,Silver
900,Sophia,Chen,user900@example.com,2025-02-24,NJ,Bronze
901,Mia,Brown,user901@example.com,2023-07-20,GA,Bronze
902,Ava,Smith,user902@example.com,2024-01-04,NC,Bronze
903,Olivia,Garcia,user903@example.com,2025-03-07,GA,Silver
904,Liam,Chen,user904@example.com,2023-03-18,GA,Silver
905,Olivia,Chen,user905@example.com,2023-02-28,NC,Bronze
906,Lucas,Garcia,user906@example.com,2024-03-06,CA,Silver
907,Isabella,Lopez,user907@example.com,2024-09-29,NY,Gold
908,Liam,Kim,user908@example.com,2023-04-19,IL,Bronze
909,Mia,Johnson,user909@example.com,2025-10-04,GA,Silver
910,Mia,Kim,user910@example.com,2023-03-09,MA,Silver
911,Ava,Garcia,user911@example.com,2025-12-28,MA,Bronze
912,Lucas,Brown,user912@example.com,2023-11-01,FL,Bronze
913,Ethan,Johnson,user913@example.com,2024-11-04,NC,Silver
914,Lucas,Smith,user914@example.com,2023-12-31,FL,Gold
915,Isabella,Kim,user915@example.com,2025-03-31,WA,Gold
916,Olivia,Garcia,user916@example.com,2023-12-09,WA,Silver
917,Mia,Kim,user917@example.com,2025-08-04,IL,Silver
918,Olivia,Johnson,user918@example.com,2025-06-17,NJ,Bronze
919,Olivia,Singh,user919@example.com,2025-01-31,NJ,Silver
920,Olivia,Davis,user920@example.com,2023-12-07,NC,Silver
921,Mia,Kim,user921@example.com,2025-07-30,NC,Bronze
922,Mason,Smith,user922@example.com,2024-01-18,GA,Silver
923,Noah,Smith,user923@example.com,2025-09-30,WA,Silver
924,Isabella,Patel,user924@example.com,2023-10-27,GA,Bronze
925,Mason,Kim,user925@example.com,2023-05-19,NJ,Gold
926,Isabella,Davis,user926@example.com,2023-12-25,NY,Bronze
927,Liam,Lopez,user927@example.com,2025-04-15,NY,Bronze
928,Lucas,Chen,user928@example.com,2024-04-27,NC,Bronze
929,Lucas,Davis,user929@example.com,2025-06-27,FL,Gold
930,Sophia,Chen,user930@example.com,2025-05-15,NJ,Silver
931,Lucas,Chen,user931@example.com,2023-05-19,NY,Bronze
932,Mia,Singh,user932@example.com,2025-09-22,NJ,Silver
933,Ethan,Patel,user933@example.com,2024-03-10,TX,Bronze
934,Ava,Davis,user934@example.com,2024-05-23,MA,Gold
935,Sophia,Davis,user935@example.com,2023-09-30,WA,Silver
936,Ava,Singh,user936@example.com,2023-04-14,GA,Bronze
937,Isabella,Kim,user937@example.com,2025-01-31,NJ,Gold
938,Ava,Kim,user938@example.com,2025-02-25,MA,Bronze
939,Ava,Kim,user939@example.com,2023-06-14,TX,Bronze
940,Sophia,Brown,user940@example.com,2025-09-25,GA,Silver
941,Liam,Chen,user941@example.com,2024-06-03,NJ,Platinum
942,Olivia,Brown,user942@example.com,2024-05-31,NC,Bronze
943,Lucas,Patel,user943@example.com,2024-10-18,MA,Bronze
944,Lucas,Singh,user944@example.com,2024-09-04,GA,Bronze
945,Mia,Davis,user945@example.com,2023-06-13,NJ,Silver
946,Sophia,Chen,user946@example.com,2023-03-05,MA,Bronze
947,Mia,Brown,user947@example.com,2023-09-24,TX,Silver
948,Ethan,Brown,user948@example.com,2023-09-03,NJ,Platinum
949,Ethan,Garcia,user949@example.com,2024-01-30,NJ,Silver
950,Mia,Brown,user950@example.com,2024-04-20,NJ,Bronze
951,Sophia,Lopez,user951@example.com,2025-09-03,IL,Bronze
952,Mia,Davis,user952@example.com,2025-11-09,NC,Bronze
953,Lucas,Lopez,user953@example.com,2024-07-11,TX,Gold
954,Mason,Davis,user954@example.com,2025-10-14,GA,Bronze
955,Noah,Singh,user955@example.com,2025-06-01,IL,Bronze
956,Ava,Davis,user956@example.com,2023-05-27,FL,Silver
957,Noah,Lopez,user957@example.com,2024-10-27,IL,Bronze
958,Sophia,Davis,user958@example.com,2024-09-11,WA,Silver
959,Noah,Singh,user959@example.com,2025-03-30,WA,Bronze
960,Ethan,Singh,user960@example.com,2025-05-13,NJ,Gold
961,Isabella,Patel,user961@example.com,2024-08-04,IL,Gold
962,Ava,Davis,user962@example.com,2025-10-19,FL,Silver
963,Olivia,Garcia,user963@example.com,2024-11-25,IL,Platinum
964,Sophia,Kim,user964@example.com,2024-02-11,NC,Bronze
965,Ava,Smith,user965@example.com,2024-02-03,NC,Silver
966,Noah,Singh,user966@example.com,2024-12-15,FL,Silver
967,Ethan,Johnson,user967@example.com,2024-12-04,IL,Silver
968,Liam,Kim,user968@example.com,2025-01-30,MA,Bronze
969,Mason,Chen,user969@example.com,2024-05-13,NC,Bronze
970,Olivia,Davis,user970@example.com,2025-08-31,NC,Bronze
971,Mason,Lopez,user971@example.com,2023-03-23,NY,Bronze
972,Ava,Smith,user972@example.com,2024-08-26,IL,Bronze
973,Ethan,Johnson,user973@example.com,2025-02-10,NC,Silver
974,Ethan,Kim,user974@example.com,2025-06-21,TX,Bronze
975,Noah,Davis,user975@example.com,2023-12-31,IL,Bronze
976,Lucas,Patel,user976@example.com,2023-06-12,WA,Silver
977,Noah,Chen,user977@example.com,2025-12-07,NY,Silver
978,Lucas,Smith,user978@example.com,2024-05-25,NC,Gold
979,Lucas,Garcia,user979@example.com,2023-04-26,NY,Silver
980,Olivia,Patel,user980@example.com,2025-07-29,WA,Bronze
981,Noah,Johnson,user981@example.com,2023-12-03,FL,Gold
982,Liam,Smith,user982@example.com,2025-05-30,FL,Silver
983,Mia,Patel,user983@example.com,2025-01-06,IL,Bronze
984,Mia,Chen,user984@example.com,2025-04-19,WA,Silver
985,Noah,Garcia,user985@example.com,2023-05-27,CA,Gold
986,Noah,Patel,user986@example.com,2024-03-18,CA,Bronze
987,Mason,Brown,user987@example.com,2025-04-16,IL,Bronze
988,Olivia,Garcia,user988@example.com,2025-11-02,NJ,Bronze
989,Noah,Johnson,user989@example.com,2025-07-31,NY,Bronze
990,Mason,Chen,user990@example.com,2023-10-14,NY,Bronze
991,Lucas,Davis,user991@example.com,2024-12-20,FL,Silver
992,Ethan,Lopez,user992@example.com,2024-04-24,CA,Bronze
993,Ethan,Lopez,user993@example.com,2023-01-22,GA,Gold
994,Lucas,Lopez,user994@example.com,2024-11-13,NC,Gold
995,Sophia,Smith,user995@example.com,2025-06-24,NC,Silver
996,Mason,Johnson,user996@example.com,2023-11-16,NC,Gold
997,Mason,Chen,user997@example.com,2023-05-06,FL,Bronze
998,Lucas,Garcia,user998@example.com,2023-10-04,WA,Silver
999,Liam,Smith,user999@example.com,2023-07-13,MA,Silver
1000,Isabella,Johnson,user1000@example.com,2024-11-26,CA,Gold
