inventory_id,sku,warehouse,on_hand,reserved,reorder_point,last_count_date,available
1,SKU-JEGET1GHR0,WH-TX-03,389,118,100,2025-08-06,271
2,SKU-EDTCXNMJ5I,WH-NC-02,19,2,100,2025-03-13,17
3,SKU-IM458AX40D,WH-NJ-01,211,61,100,2025-01-09,150
4,SKU-ZSA7YVDQBS,WH-TX-03,23,31,30,2025-05-15,0
5,SKU-M2XIPRTT3N,WH-NJ-01,90,1,20,2025-07-14,89
6,SKU-CRGB93WKCS,WH-CA-04,450,79,75,2025-10-29,371
7,SKU-D1IVXAN25W,WH-TX-03,215,123,40,2025-02-27,92
8,SKU-Y5KOV1L28R,WH-CA-04,51,80,30,2025-10-11,0
9,SKU-JEDGFJDLOG,WH-TX-03,137,52,30,2025-10-14,85
10,SKU-4FTJ5CCASB,WH-NJ-01,152,139,30,2025-11-04,13
11,SKU-WYZXJQYJV8,WH-CA-04,219,123,100,2025-09-08,96
12,SKU-97PWDBOLWI,WH-NJ-01,465,132,100,2025-04-01,333
13,SKU-OMF9PML9LN,WH-TX-03,361,3,30,2025-07-23,358
14,SKU-NE6IT1EKKH,WH-NJ-01,172,55,75,2025-01-08,117
15,SKU-8ADF7PCHCB,WH-CA-04,461,79,40,2025-04-18,382
16,SKU-O5URTXUYUC,WH-NC-02,0,191,20,2025-08-21,0
17,SKU-YH523GGODL,WH-NC-02,467,44,50,2025-12-08,423
18,SKU-E05QMKTGV4,WH-TX-03,494,187,75,2025-10-01,307
19,SKU-3WFSQG8X80,WH-NC-02,24,147,75,2025-04-30,0
20,SKU-IN3OEUVTYT,WH-TX-03,203,52,50,2025-11-01,151
21,SKU-8LW2LM349E,WH-NJ-01,367,72,50,2025-01-11,295
22,SKU-0IT26YS445,WH-NJ-01,358,15,30,2025-07-02,343
23,SKU-VG3KK0VM59,WH-CA-04,493,92,40,2025-11-05,401
24,SKU-TIRC9ZD76S,WH-CA-04,200,112,75,2025-06-28,88
25,SKU-8QZPKY32OR,WH-NC-02,392,29,75,2025-07-25,363
26,SKU-8F1N2OJGFH,WH-NJ-01,425,19,20,2025-04-02,406
27,SKU-O5URTXUYUC,WH-CA-04,190,105,50,2025-08-15,85
28,SKU-TWDL9ZS13C,WH-NC-02,360,86,50,2025-01-06,274
29,SKU-1T2TALA753,WH-TX-03,408,179,75,2025-12-22,229
30,SKU-AHK2LSLAYM,WH-CA-04,477,35,50,2025-01-12,442
31,SKU-IAAKYTT3IM,WH-CA-04,303,21,30,2025-09-07,282
32,SKU-R4SOR8WM9L,WH-NC-02,438,128,20,2025-07-17,310
33,SKU-RDPXDFOVD7,WH-CA-04,231,20,75,2025-05-07,211
34,SKU-HH5LF6A4FE,WH-NC-02,219,175,100,2025-02-06,44
35,SKU-71HSSBELRQ,WH-CA-04,65,199,20,2025-01-08,0
36,SKU-QIMQODPXNF,WH-NJ-01,472,4,100,2025-06-14,468
37,SKU-X70FQLDB2U,WH-NJ-01,465,119,30,2025-04-30,346
38,SKU-SQT26Q3XLR,WH-NJ-01,23,167,20,2025-08-20,0
39,SKU-79955CF72G,WH-CA-04,81,81,100,2025-08-13,0
40,SKU-UNLPAIH0P4,WH-NC-02,90,78,50,2025-08-21,12
41,SKU-9RR7S20CV3,WH-NJ-01,171,44,75,2025-10-14,127
42,SKU-Z83Y0224WK,WH-TX-03,439,158,20,2025-08-14,281
43,SKU-XAJI0Y6DPB,WH-CA-04,34,142,40,2025-05-25,0
44,SKU-MOTCG06XR3,WH-NC-02,33,57,75,2025-09-07,0
45,SKU-8DT8CQ1XGB,WH-CA-04,485,180,20,2025-09-29,305
46,SKU-LB25485HCQ,WH-NC-02,261,44,75,2025-10-13,217
47,SKU-9XUY41IBLJ,WH-NC-02,176,194,100,2025-02-08,0
48,SKU-R2YKCCPRHV,WH-CA-04,143,169,20,2025-02-13,0
49,SKU-A34MQA78RA,WH-TX-03,214,151,20,2025-02-06,63
50,SKU-MVRYDC1AU9,WH-TX-03,475,37,50,2025-09-13,438
51,SKU-TJQ8ZGVWWU,WH-CA-04,140,50,20,2025-07-30,90
52,SKU-6KF1622VXY,WH-NJ-01,267,23,40,2025-04-02,244
53,SKU-TWDL9ZS13C,WH-NJ-01,138,90,50,2025-01-19,48
54,SKU-ZLMA5UOFWB,WH-NC-02,46,160,40,2025-04-10,0
55,SKU-UHXID4N1U3,WH-NJ-01,59,146,100,2025-05-27,0
56,SKU-J9M4SMZOCX,WH-CA-04,48,24,40,2025-03-10,24
57,SKU-U7ONZ3JBCK,WH-CA-04,51,69,30,2025-05-10,0
58,SKU-GUO8I5JWK6,WH-TX-03,60,48,40,2025-01-25,12
59,SKU-D84U89YJB1,WH-NJ-01,213,16,20,2025-04-25,197
60,SKU-VS41LQFS6H,WH-NJ-01,94,148,75,2025-03-31,0
61,SKU-3QSQCQ30O3,WH-NC-02,119,42,50,2025-10-13,77
62,SKU-N9DL5TGSQ7,WH-CA-04,474,81,50,2025-09-30,393
63,SKU-JCNS6G298C,WH-CA-04,218,149,50,2025-12-07,69
64,SKU-X0PKOVTRPY,WH-CA-04,39,62,75,2025-07-31,0
65,SKU-D1IVXAN25W,WH-TX-03,345,23,40,2025-04-21,322
66,SKU-8T922D0NX5,WH-TX-03,326,32,100,2025-12-14,294
67,SKU-K0GET8T63J,WH-TX-03,458,194,30,2025-03-17,264
68,SKU-7RV4NMWVSB,WH-CA-04,436,16,20,2025-10-23,420
69,SKU-MIH6MV4XEK,WH-CA-04,316,175,100,2025-03-29,141
70,SKU-3SR5RUP13W,WH-NJ-01,405,43,50,2025-06-19,362
71,SKU-JZ99106AK3,WH-CA-04,231,152,20,2025-05-27,79
72,SKU-DBPGVV4ZWL,WH-CA-04,210,199,40,2025-08-28,11
73,SKU-0S9BP4M18O,WH-TX-03,37,106,100,2025-02-24,0
74,SKU-ZBIKCIDKWN,WH-NJ-01,467,98,30,2025-04-02,369
75,SKU-0UBMC97C7B,WH-CA-04,316,187,50,2025-09-10,129
76,SKU-EYUHZ1GV0E,WH-NC-02,210,28,40,2025-06-06,182
77,SKU-63GAGUVB99,WH-TX-03,82,11,100,2025-09-08,71
78,SKU-5PEPL7ZQPP,WH-NC-02,355,99,30,2025-09-21,256
79,SKU-ET0DY571VX,WH-NJ-01,117,126,100,2025-01-08,0
80,SKU-UPFLN4RXYJ,WH-TX-03,302,136,50,2025-11-21,166
81,SKU-TFK7ORFQLA,WH-NJ-01,26,85,40,2025-10-26,0
82,SKU-P9JYQN15IK,WH-CA-04,208,52,20,2025-04-08,156
83,SKU-HC8CAH3GDH,WH-TX-03,401,60,100,2025-02-19,341
84,SKU-PGYVYV2GQU,WH-NJ-01,124,158,75,2025-08-01,0
85,SKU-RH2XK2PTHO,WH-NJ-01,275,112,50,2025-01-04,163
86,SKU-U7ONZ3JBCK,WH-NJ-01,491,47,30,2025-12-30,444
87,SKU-S0R778NRXV,WH-NC-02,297,107,30,2025-10-19,190
88,SKU-7S55J2O7S3,WH-TX-03,296,78,75,2025-08-29,218
89,SKU-ETUK1OOA35,WH-NJ-01,71,46,75,2025-01-19,25
90,SKU-EK0Q929U6W,WH-TX-03,57,160,40,2025-09-27,0
91,SKU-H75LXO6QJI,WH-CA-04,295,66,75,2025-10-31,229
92,SKU-9K9XJUY0BV,WH-CA-04,458,63,50,2025-11-24,395
93,SKU-ZC7FOV2YGN,WH-NJ-01,118,121,100,2025-07-20,0
94,SKU-8BIXOIQ2Q4,WH-TX-03,413,144,75,2025-04-14,269
95,SKU-38XRG2GZR7,WH-NJ-01,395,43,50,2025-11-27,352
96,SKU-39PECN0DL5,WH-NJ-01,373,4,20,2025-12-30,369
97,SKU-PHR62GDSWM,WH-NC-02,61,93,75,2025-03-23,0
98,SKU-O5URTXUYUC,WH-TX-03,445,189,20,2025-11-15,256
99,SKU-2OHKBM00E9,WH-NC-02,86,190,100,2025-02-24,0
100,SKU-JKIBU4FMPK,WH-NJ-01,325,78,30,2025-10-15,247
101,SKU-3ZKWDEEKGY,WH-NC-02,98,38,100,2025-08-24,60
102,SKU-K1DJRWEDBC,WH-NC-02,398,199,75,2025-06-13,199
103,SKU-0P82KB700U,WH-NC-02,123,169,30,2025-12-31,0
104,SKU-HZBGTJ5469,WH-CA-04,485,101,100,2025-03-26,384
105,SKU-JTGQ01TEE1,WH-CA-04,475,91,20,2025-08-07,384
106,SKU-IYZVNLPA5C,WH-NC-02,6,20,30,2025-12-28,0
107,SKU-4QDBXVH7KA,WH-TX-03,133,174,20,2025-08-01,0
108,SKU-8MTK0RSOGG,WH-CA-04,282,73,40,2025-07-22,209
109,SKU-JPZTC09ZGN,WH-NC-02,1,27,100,2025-11-09,0
110,SKU-JKIBU4FMPK,WH-NJ-01,389,148,100,2025-10-27,241
111,SKU-486I3CE8ZN,WH-CA-04,316,112,20,2025-08-30,204
112,SKU-CRGB93WKCS,WH-NJ-01,159,27,40,2025-06-11,132
113,SKU-LEMX15Z8VM,WH-NC-02,156,85,30,2025-06-28,71
114,SKU-FM8ZOV7LN2,WH-NC-02,225,101,20,2025-04-02,124
115,SKU-YLEMRUYP04,WH-NC-02,320,18,40,2025-05-18,302
116,SKU-0WFOY4DD1V,WH-NJ-01,142,62,20,2025-04-22,80
117,SKU-NOG85D4F2K,WH-CA-04,393,115,50,2025-06-18,278
118,SKU-TN9UZERYF0,WH-NC-02,265,179,100,2025-11-17,86
119,SKU-ARAGDX5O31,WH-TX-03,265,37,50,2025-04-11,228
120,SKU-F7ZK94YXFI,WH-NC-02,36,45,30,2025-10-23,0
121,SKU-6DDFGS3JON,WH-CA-04,287,151,50,2025-07-12,136
122,SKU-9MX2X18HAF,WH-CA-04,291,91,100,2025-12-24,200
123,SKU-X1F8S0X7M2,WH-TX-03,319,172,75,2025-07-26,147
124,SKU-EF0VOTQTXH,WH-NC-02,472,8,40,2025-10-13,464
125,SKU-NZ3A8V4X7Y,WH-CA-04,398,8,100,2025-08-04,390
126,SKU-JY62ZEEQNS,WH-CA-04,72,20,100,2025-08-16,52
127,SKU-2M0W10LBT3,WH-CA-04,15,23,75,2025-12-27,0
128,SKU-A34MPYO2TL,WH-NJ-01,360,94,50,2025-02-12,266
129,SKU-RHT7ZEWVIY,WH-CA-04,82,191,30,2025-06-30,0
130,SKU-G1VED32LX2,WH-CA-04,173,92,75,2025-12-13,81
131,SKU-IYM90PKR1I,WH-NJ-01,377,39,100,2025-10-13,338
132,SKU-DSAV917RMP,WH-NC-02,427,179,30,2025-10-24,248
133,SKU-TP6QAQ3K8A,WH-TX-03,75,131,20,2025-02-13,0
134,SKU-P49KWV08HH,WH-NJ-01,290,130,100,2025-02-06,160
135,SKU-8T922D0NX5,WH-NJ-01,380,140,75,2025-09-06,240
136,SKU-LI6978V0BJ,WH-NJ-01,50,20,20,2025-03-24,30
137,SKU-TQVDZ4X1ZH,WH-CA-04,362,7,75,2025-09-14,355
138,SKU-K9TR74QGEF,WH-NC-02,185,119,40,2025-08-05,66
139,SKU-5OL5U7NTED,WH-NC-02,4,109,30,2025-01-10,0
140,SKU-Y8FV2BC2NN,WH-NC-02,421,128,20,2025-08-26,293
141,SKU-6Z1T2XCB3Y,WH-TX-03,261,13,50,2025-01-26,248
142,SKU-U6PY06FTLO,WH-NC-02,178,75,75,2025-09-08,103
143,SKU-N9DL5TGSQ7,WH-TX-03,141,35,100,2025-08-03,106
144,SKU-NAVYCS44PH,WH-CA-04,431,149,20,2025-05-25,282
145,SKU-G1ZHQUNUE7,WH-NC-02,267,116,75,2025-11-16,151
146,SKU-OM2ZKF5B1S,WH-TX-03,113,163,75,2025-08-10,0
147,SKU-XXVA2IEUC1,WH-CA-04,469,44,75,2025-11-20,425
148,SKU-ZIRNK6ZHH3,WH-CA-04,492,143,20,2025-01-18,349
149,SKU-74X2EK3ZEZ,WH-TX-03,179,10,20,2025-12-05,169
150,SKU-UOV6TT9Q1N,WH-CA-04,488,66,75,2025-08-16,422
151,SKU-109DCNWMBX,WH-CA-04,369,97,50,2025-08-24,272
152,SKU-PCWE4C1V47,WH-NC-02,67,152,100,2025-12-12,0
153,SKU-VWY3RZTPLC,WH-TX-03,106,89,30,2025-10-03,17
154,SKU-PWBSF3Q0E2,WH-CA-04,58,194,75,2025-05-01,0
155,SKU-ZP08J3TRP0,WH-NJ-01,273,158,50,2025-03-03,115
156,SKU-WQ1GAZ5UH8,WH-NJ-01,436,112,30,2025-11-27,324
157,SKU-U2GC5WI6FQ,WH-CA-04,30,192,75,2025-07-06,0
158,SKU-ES6M033IFH,WH-NC-02,34,89,30,2025-01-25,0
159,SKU-F33GUWYH36,WH-NJ-01,259,88,75,2025-12-05,171
160,SKU-SRYO4RCB1K,WH-NC-02,8,10,20,2025-04-06,0
161,SKU-UK9E1V2ISQ,WH-CA-04,108,79,75,2025-11-17,29
162,SKU-4LAV71448N,WH-TX-03,142,83,75,2025-07-12,59
163,SKU-FM8ZOV7LN2,WH-CA-04,41,105,75,2025-09-11,0
164,SKU-S74NDDAFS1,WH-CA-04,186,115,75,2025-03-08,71
165,SKU-6WKTAKPUXQ,WH-NJ-01,84,165,50,2025-11-10,0
166,SKU-IZASNWYWRR,WH-TX-03,351,1,40,2025-02-09,350
167,SKU-YWD14VE92M,WH-NC-02,200,53,50,2025-08-12,147
168,SKU-3VOB5APO4L,WH-NC-02,367,92,50,2025-12-22,275
169,SKU-2M44GV3Z6B,WH-TX-03,287,6,20,2025-08-10,281
170,SKU-VFX2ZVL9E9,WH-NC-02,335,176,75,2025-04-13,159
171,SKU-Y8NYFWDC11,WH-NJ-01,300,39,50,2025-11-14,261
172,SKU-PUU62RZV1S,WH-CA-04,260,44,30,2025-09-05,216
173,SKU-QERXDOUADV,WH-NC-02,489,181,75,2025-06-11,308
174,SKU-ES6M033IFH,WH-NJ-01,158,188,20,2025-09-21,0
175,SKU-3R30ME8F84,WH-NC-02,152,131,100,2025-01-25,21
176,SKU-YR06NKWFG3,WH-NJ-01,183,106,100,2025-06-03,77
177,SKU-93ACZSX0GN,WH-NC-02,256,33,20,2025-08-07,223
178,SKU-ONXD70FE07,WH-NC-02,316,7,30,2025-09-11,309
179,SKU-RPKZGGM0J3,WH-TX-03,66,31,100,2025-08-03,35
180,SKU-C0TR58PS0R,WH-TX-03,212,145,20,2025-06-18,67
181,SKU-S387J5IE3L,WH-NJ-01,219,167,100,2025-03-21,52
182,SKU-3D6M1FMPRY,WH-TX-03,322,74,75,2025-03-13,248
183,SKU-B4XGMPW5D3,WH-CA-04,425,183,40,2025-03-04,242
184,SKU-GRF1HX6ZDC,WH-TX-03,351,36,40,2025-03-16,315
185,SKU-X0PKOVTRPY,WH-NJ-01,223,182,50,2025-09-20,41
186,SKU-K5J42OI6OA,WH-TX-03,496,35,20,2025-04-08,461
187,SKU-YTJUQ7X7B7,WH-NJ-01,93,9,75,2025-03-26,84
188,SKU-8UA3A6S5ZX,WH-CA-04,58,69,30,2025-11-21,0
189,SKU-3ZMF8MDD4V,WH-NJ-01,177,117,30,2025-11-02,60
190,SKU-A1WJ0TPAC5,WH-NJ-01,460,190,75,2025-09-30,270
191,SKU-OAU8P1WKIS,WH-CA-04,289,161,75,2025-05-29,128
192,SKU-E4PA8HYEXF,WH-CA-04,111,94,30,2025-01-06,17
193,SKU-Y9V86WZS3T,WH-NJ-01,323,71,20,2025-04-19,252
194,SKU-XYVGIUI9KK,WH-NC-02,181,144,100,2025-07-18,37
195,SKU-DW2ZCFZW0L,WH-NC-02,465,122,50,2025-11-27,343
196,SKU-MMXIXV6CKM,WH-NJ-01,223,60,50,2025-12-04,163
197,SKU-ES6M033IFH,WH-TX-03,397,145,50,2025-02-07,252
198,SKU-QVR1H61IAO,WH-NJ-01,159,188,75,2025-11-15,0
199,SKU-ZOD05JH2MK,WH-NJ-01,453,35,30,2025-05-08,418
200,SKU-V4KFQ5DZ53,WH-TX-03,362,180,30,2025-05-20,182
201,SKU-NCBEKGV1BB,WH-CA-04,336,160,30,2025-09-05,176
202,SKU-2WSPOFV177,WH-NJ-01,263,150,100,2025-09-16,113
203,SKU-5HHIWFD7YX,WH-NC-02,162,191,30,2025-05-27,0
204,SKU-A27F8LWVV5,WH-CA-04,279,37,30,2025-12-09,242
205,SKU-M0L2LJK4Q5,WH-CA-04,2,196,40,2025-07-14,0
206,SKU-HH5LF6A4FE,WH-NJ-01,80,157,100,2025-08-03,0
207,SKU-V283BDW56F,WH-NC-02,291,143,75,2025-08-29,148
208,SKU-NNV9IBWGT2,WH-TX-03,178,181,100,2025-05-13,0
209,SKU-DIMSYJ9BOQ,WH-TX-03,359,186,75,2025-01-29,173
210,SKU-JTGQ01TEE1,WH-TX-03,336,103,40,2025-04-08,233
211,SKU-45BM1ENF31,WH-NC-02,440,91,50,2025-12-30,349
212,SKU-IYM90PKR1I,WH-CA-04,314,5,20,2025-07-01,309
213,SKU-KBCBDPDXUJ,WH-CA-04,93,132,100,2025-06-01,0
214,SKU-S0R778NRXV,WH-NJ-01,216,91,75,2025-04-13,125
215,SKU-KBRH7LAY64,WH-CA-04,21,0,75,2025-10-15,21
216,SKU-J2QP89UZFK,WH-CA-04,420,13,40,2025-08-23,407
217,SKU-TK4GC4RYG9,WH-TX-03,458,82,75,2025-05-13,376
218,SKU-5M9J98CWN2,WH-TX-03,125,30,75,2025-08-18,95
219,SKU-Y4KL9ARYEA,WH-TX-03,267,178,50,2025-02-04,89
220,SKU-W9HEYCE4QG,WH-CA-04,404,120,40,2025-12-24,284
221,SKU-SKP6RFE64S,WH-NJ-01,142,78,100,2025-03-21,64
222,SKU-6APFXI5N53,WH-CA-04,267,146,75,2025-12-21,121
223,SKU-ACT49LNY2S,WH-NJ-01,341,101,30,2025-08-30,240
224,SKU-2K8RYQF8WX,WH-CA-04,102,31,40,2025-12-10,71
225,SKU-PUU62RZV1S,WH-NC-02,55,56,50,2025-05-13,0
226,SKU-8HMBR5XQT4,WH-CA-04,226,30,100,2025-01-09,196
227,SKU-XNQXU71SEL,WH-NC-02,105,57,20,2025-09-10,48
228,SKU-GO8JN42X2E,WH-NJ-01,143,153,75,2025-02-02,0
229,SKU-VB66H3REM5,WH-CA-04,32,47,30,2025-12-13,0
230,SKU-4A3YJTU7FB,WH-CA-04,116,122,30,2025-07-06,0
231,SKU-97PWDBOLWI,WH-NJ-01,170,40,20,2025-01-11,130
232,SKU-K5J42OI6OA,WH-TX-03,304,152,40,2025-03-10,152
233,SKU-D0771HLL9R,WH-TX-03,333,174,50,2025-05-18,159
234,SKU-0WFOY4DD1V,WH-NC-02,17,181,75,2025-05-11,0
235,SKU-CSK30LVYLK,WH-CA-04,235,120,75,2025-09-08,115
236,SKU-ZBIKCIDKWN,WH-TX-03,399,184,100,2025-05-03,215
237,SKU-AN085RNTDR,WH-NJ-01,167,199,75,2025-09-30,0
238,SKU-3ASNRM6DFH,WH-NJ-01,450,60,30,2025-08-31,390
239,SKU-4KEK4AEGVF,WH-CA-04,362,131,40,2025-06-11,231
240,SKU-QHRRPZLK3E,WH-NC-02,445,158,20,2025-04-05,287
241,SKU-79955CF72G,WH-NJ-01,345,119,40,2025-06-11,226
242,SKU-GUWJP0QI2C,WH-CA-04,334,95,50,2025-11-19,239
243,SKU-NZRF5A7QY8,WH-NC-02,355,111,50,2025-10-11,244
244,SKU-UVY8N1UTOX,WH-TX-03,154,194,20,2025-12-27,0
245,SKU-U43QLX3F2X,WH-CA-04,239,40,30,2025-08-17,199
246,SKU-3N3BZT9D31,WH-NC-02,117,25,100,2025-04-26,92
247,SKU-ZBIKCIDKWN,WH-NJ-01,375,195,20,2025-08-09,180
248,SKU-1T2TALA753,WH-TX-03,382,193,100,2025-06-18,189
249,SKU-ETUK1OOA35,WH-NJ-01,80,18,50,2025-11-11,62
250,SKU-LHYL2LD05N,WH-NJ-01,397,86,30,2025-11-26,311
251,SKU-XVA1NKBTFS,WH-TX-03,449,24,40,2025-05-25,425
252,SKU-BYGHGK5BWI,WH-CA-04,410,46,50,2025-10-13,364
253,SKU-TK4GC4RYG9,WH-CA-04,309,198,30,2025-07-01,111
254,SKU-ZWKXXJVE3D,WH-CA-04,494,7,30,2025-11-04,487
255,SKU-6DDFGS3JON,WH-NJ-01,343,2,75,2025-10-02,341
256,SKU-UKX496K4O6,WH-NJ-01,443,32,40,2025-02-06,411
257,SKU-493WXA73JG,WH-CA-04,167,111,30,2025-12-29,56
258,SKU-9XXAYPNTRF,WH-CA-04,172,155,20,2025-02-05,17
259,SKU-XPJ4HNRIUU,WH-TX-03,354,21,100,2025-03-09,333
260,SKU-6L01WCNKFH,WH-NJ-01,323,98,40,2025-12-26,225
261,SKU-G1ZHQUNUE7,WH-NC-02,217,97,40,2025-05-01,120
262,SKU-AITMOFMMWI,WH-CA-04,227,29,50,2025-06-04,198
263,SKU-A1WJ0TPAC5,WH-CA-04,451,46,40,2025-07-24,405
264,SKU-NZRF5A7QY8,WH-NJ-01,190,163,40,2025-02-13,27
265,SKU-URXHW0IC1L,WH-CA-04,225,58,75,2025-10-16,167
266,SKU-UOV6TT9Q1N,WH-CA-04,460,13,40,2025-03-31,447
267,SKU-CMRSEZYTKW,WH-NJ-01,167,72,100,2025-07-31,95
268,SKU-4V1QX8ERTB,WH-CA-04,296,104,100,2025-03-04,192
269,SKU-LI6978V0BJ,WH-TX-03,188,13,100,2025-03-13,175
270,SKU-7W7JP61LFC,WH-NC-02,192,183,30,2025-12-02,9
271,SKU-1P0VUH17J8,WH-NJ-01,0,151,20,2025-10-17,0
272,SKU-EB8753AYEQ,WH-TX-03,8,48,100,2025-01-27,0
273,SKU-ZEBU2Y0OY5,WH-NJ-01,74,170,75,2025-12-28,0
274,SKU-5P03WVPUNW,WH-NJ-01,335,2,75,2025-02-22,333
275,SKU-8LW2LM349E,WH-NJ-01,348,22,75,2025-08-30,326
276,SKU-EH1VR1NECQ,WH-NC-02,483,147,75,2025-10-20,336
277,SKU-BTR23QIUA0,WH-TX-03,142,108,50,2025-04-10,34
278,SKU-I15CQZCUCT,WH-NC-02,314,142,75,2025-03-20,172
279,SKU-HSAHXTHV3A,WH-NJ-01,486,42,50,2025-11-22,444
280,SKU-HEJLA0GNZS,WH-CA-04,193,70,50,2025-03-31,123
281,SKU-T43PT5R5RC,WH-NC-02,9,160,40,2025-01-25,0
282,SKU-1TH1XJG2Y8,WH-CA-04,432,54,20,2025-06-10,378
283,SKU-RTJ5PHT0HL,WH-NJ-01,138,125,40,2025-07-14,13
284,SKU-JIPNF8F3GR,WH-CA-04,29,81,50,2025-07-20,0
285,SKU-4A1X7OV6SG,WH-NC-02,278,40,40,2025-06-15,238
286,SKU-F86LTHET25,WH-TX-03,277,145,30,2025-08-10,132
287,SKU-0982N2ATQY,WH-CA-04,434,130,75,2025-10-10,304
288,SKU-IUDUAHGK6T,WH-NC-02,41,2,75,2025-01-13,39
289,SKU-38DALY8OZC,WH-TX-03,227,99,50,2025-12-09,128
290,SKU-7BXCD20J1O,WH-NJ-01,284,143,40,2025-12-21,141
291,SKU-ZN9DDE3CUP,WH-TX-03,428,170,30,2025-09-03,258
292,SKU-7UJODCK828,WH-NJ-01,479,22,30,2025-03-29,457
293,SKU-JTGQ01TEE1,WH-NC-02,416,142,100,2025-05-20,274
294,SKU-M08TV4REAS,WH-NC-02,422,126,30,2025-11-06,296
295,SKU-VEDHR3PCEO,WH-TX-03,200,57,50,2025-09-13,143
296,SKU-HF4ABUFWBU,WH-NC-02,320,167,100,2025-10-03,153
297,SKU-EB8753AYEQ,WH-NC-02,209,117,40,2025-05-26,92
298,SKU-TZ0YNCXLL4,WH-NJ-01,177,165,30,2025-01-07,12
299,SKU-0Q7TW1PUWS,WH-NC-02,367,116,30,2025-09-03,251
300,SKU-Z0HR9T9CD1,WH-CA-04,85,81,40,2025-12-12,4
301,SKU-QACJ4T0SEK,WH-NJ-01,47,101,40,2025-07-23,0
302,SKU-UT076G5G79,WH-CA-04,292,133,75,2025-08-28,159
303,SKU-ATATJ9A3Y3,WH-TX-03,205,107,20,2025-04-04,98
304,SKU-SQT26Q3XLR,WH-CA-04,341,45,20,2025-11-06,296
305,SKU-QACJ4T0SEK,WH-NC-02,416,5,30,2025-01-08,411
306,SKU-P6NLNQBU4K,WH-TX-03,389,122,40,2025-06-19,267
307,SKU-F86LTHET25,WH-NC-02,346,91,75,2025-04-29,255
308,SKU-2P2TIXC7UR,WH-TX-03,325,147,50,2025-09-03,178
309,SKU-02G3YU6VK0,WH-TX-03,310,18,20,2025-05-08,292
310,SKU-6HID25OWF7,WH-NJ-01,427,13,100,2025-08-10,414
311,SKU-SMADO8E7FL,WH-CA-04,305,64,20,2025-03-04,241
312,SKU-D84U89YJB1,WH-NC-02,309,95,40,2025-04-27,214
313,SKU-AHTHSJR0FZ,WH-TX-03,190,156,50,2025-04-19,34
314,SKU-2LR0JY32HO,WH-NJ-01,360,158,20,2025-08-22,202
315,SKU-7VSYJAFCO3,WH-TX-03,15,152,75,2025-07-24,0
316,SKU-WNPR424TKB,WH-CA-04,127,198,20,2025-03-29,0
317,SKU-3SR5RUP13W,WH-TX-03,302,45,40,2025-11-21,257
318,SKU-L0IJKCU5X0,WH-CA-04,184,179,40,2025-08-28,5
319,SKU-0P92K38P6F,WH-TX-03,129,15,100,2025-07-17,114
320,SKU-Y8NYFWDC11,WH-CA-04,164,107,100,2025-01-04,57
321,SKU-H62MYZ9VLU,WH-NC-02,92,138,50,2025-04-16,0
322,SKU-Z8UUG95RLR,WH-CA-04,278,17,20,2025-04-17,261
323,SKU-9OI0D4DMC2,WH-CA-04,212,107,50,2025-09-09,105
324,SKU-4ORAC8CYNL,WH-NC-02,140,183,20,2025-07-05,0
325,SKU-2292MTR6SN,WH-CA-04,114,183,30,2025-08-14,0
326,SKU-ATATJ9A3Y3,WH-TX-03,320,184,20,2025-01-21,136
327,SKU-8HMBR5XQT4,WH-TX-03,476,68,40,2025-06-03,408
328,SKU-NAM148P0TV,WH-TX-03,303,119,40,2025-08-12,184
329,SKU-1BJ9RM7PYX,WH-NC-02,6,193,30,2025-03-27,0
330,SKU-BTI22NV01Z,WH-CA-04,414,87,20,2025-02-10,327
331,SKU-QQNVCEQFGA,WH-CA-04,446,89,20,2025-11-30,357
332,SKU-GLH62C9T19,WH-TX-03,428,15,40,2025-06-21,413
333,SKU-CYWE3DKS4F,WH-CA-04,55,101,30,2025-06-09,0
334,SKU-P9LBSMWPQ8,WH-TX-03,191,133,40,2025-06-09,58
335,SKU-9382KKZMPJ,WH-TX-03,21,179,30,2025-02-20,0
336,SKU-VSLWF90KM3,WH-TX-03,318,124,40,2025-04-28,194
337,SKU-JZC58CU47S,WH-NC-02,79,119,75,2025-10-07,0
338,SKU-30T9NT3W5U,WH-NJ-01,283,182,20,2025-06-21,101
339,SKU-M6MG87OI0E,WH-NJ-01,427,75,50,2025-11-28,352
340,SKU-O119XP9N56,WH-CA-04,102,72,75,2025-03-25,30
341,SKU-5Y6Q8SJY5O,WH-TX-03,216,176,40,2025-10-20,40
342,SKU-UCC1M3O55I,WH-NJ-01,141,199,30,2025-12-06,0
343,SKU-OM2ZKF5B1S,WH-NJ-01,497,183,50,2025-03-07,314
344,SKU-Z0HR9T9CD1,WH-CA-04,84,40,30,2025-09-27,44
345,SKU-ZEGBL2QGV3,WH-NC-02,402,198,100,2025-12-10,204
346,SKU-ECUBODS1EE,WH-CA-04,443,105,30,2025-09-28,338
347,SKU-B4XGMPW5D3,WH-CA-04,76,183,100,2025-03-02,0
348,SKU-Q46NOUHFJ7,WH-TX-03,257,120,100,2025-06-26,137
349,SKU-NOU3DYMS1M,WH-NC-02,306,88,20,2025-12-20,218
350,SKU-F5EHLH07JR,WH-CA-04,227,190,40,2025-04-27,37
351,SKU-AHK2LSLAYM,WH-NJ-01,77,117,20,2025-05-16,0
352,SKU-FM8ZOV7LN2,WH-NJ-01,161,155,100,2025-09-16,6
353,SKU-JCSEXGGOC5,WH-CA-04,81,158,30,2025-09-13,0
354,SKU-XAJI0Y6DPB,WH-TX-03,215,182,20,2025-11-27,33
355,SKU-IYZVNLPA5C,WH-TX-03,477,179,75,2025-09-28,298
356,SKU-S52SQ3B9SO,WH-CA-04,50,65,100,2025-02-01,0
357,SKU-9212PGYME6,WH-NC-02,402,45,30,2025-09-11,357
358,SKU-JCSEXGGOC5,WH-TX-03,163,107,30,2025-09-24,56
359,SKU-YH523GGODL,WH-NJ-01,250,3,75,2025-10-09,247
360,SKU-0UY9F8P47D,WH-NC-02,212,149,30,2025-01-07,63
361,SKU-JQY3ODSX4N,WH-CA-04,210,172,50,2025-12-14,38
362,SKU-A34MPYO2TL,WH-NC-02,373,155,50,2025-02-08,218
363,SKU-CGVYIE6IVW,WH-TX-03,409,137,40,2025-01-04,272
364,SKU-UIJNWPAYTX,WH-TX-03,162,193,40,2025-01-30,0
365,SKU-LOQC3XNCHK,WH-NJ-01,318,176,20,2025-06-15,142
366,SKU-2SEHE2ATN2,WH-CA-04,359,94,20,2025-11-03,265
367,SKU-F74T60PLOZ,WH-NC-02,387,105,75,2025-02-05,282
368,SKU-X4W6XLPU0D,WH-NC-02,84,79,75,2025-12-17,5
369,SKU-8T922D0NX5,WH-NC-02,2,50,100,2025-07-30,0
370,SKU-FTOUHYLU6K,WH-NC-02,4,170,30,2025-04-23,0
371,SKU-XCS1XSRQLN,WH-NJ-01,234,133,40,2025-04-27,101
372,SKU-4IVSOLMLGS,WH-NJ-01,412,120,100,2025-11-12,292
373,SKU-RTWLXDSC4E,WH-NJ-01,374,152,40,2025-02-20,222
374,SKU-1T53YKYYDU,WH-TX-03,274,3,40,2025-01-15,271
375,SKU-9ZDO0D3FVN,WH-NJ-01,370,151,40,2025-07-20,219
376,SKU-BLEJGUBLMN,WH-NJ-01,400,183,20,2025-12-13,217
377,SKU-VAJ2K8XPNM,WH-CA-04,289,90,50,2025-05-04,199
378,SKU-6T4UFEL624,WH-CA-04,19,182,100,2025-12-06,0
379,SKU-L0IJKCU5X0,WH-CA-04,411,53,75,2025-06-05,358
380,SKU-TJQ8ZGVWWU,WH-CA-04,328,2,75,2025-07-27,326
381,SKU-PUU62RZV1S,WH-NJ-01,194,174,40,2025-08-30,20
382,SKU-P6MKT7S1GD,WH-NJ-01,393,29,40,2025-06-13,364
383,SKU-IUDUAHGK6T,WH-TX-03,148,75,20,2025-09-17,73
384,SKU-CDYK0X65MU,WH-NC-02,488,40,20,2025-10-04,448
385,SKU-5HRDU4XSZJ,WH-NC-02,115,105,75,2025-12-13,10
386,SKU-AMB3LPVOWC,WH-CA-04,3,182,40,2025-07-12,0
387,SKU-A34MQA78RA,WH-TX-03,21,58,40,2025-11-21,0
388,SKU-CY2C11BD2S,WH-NJ-01,326,39,100,2025-08-26,287
389,SKU-KEAEA84HXX,WH-NC-02,189,44,75,2025-02-19,145
390,SKU-B9W4UOV51Z,WH-CA-04,11,149,20,2025-08-01,0
391,SKU-Y4V8URID3U,WH-CA-04,394,14,100,2025-09-23,380
392,SKU-8WPFQ2BHAI,WH-NC-02,405,16,75,2025-03-31,389
393,SKU-2KRE4V9KYP,WH-NC-02,412,186,20,2025-05-24,226
394,SKU-153SFLSE45,WH-NC-02,188,107,20,2025-06-15,81
395,SKU-UCC1M3O55I,WH-NJ-01,316,24,100,2025-03-08,292
396,SKU-GDEJ31GYMD,WH-NC-02,26,42,100,2025-01-20,0
397,SKU-47EN48NYSJ,WH-TX-03,430,191,20,2025-04-21,239
398,SKU-QIMQODPXNF,WH-TX-03,339,178,40,2025-03-10,161
399,SKU-NTBZ3M55IZ,WH-NC-02,141,60,75,2025-01-25,81
400,SKU-N9DL5TGSQ7,WH-NJ-01,6,172,20,2025-12-11,0
401,SKU-ETUK1OOA35,WH-CA-04,398,130,50,2025-11-06,268
402,SKU-CLW3JGEQE5,WH-NC-02,429,163,20,2025-01-12,266
403,SKU-QQB9LZS34J,WH-NC-02,411,191,20,2025-03-06,220
404,SKU-KVQYWJ85GG,WH-NC-02,426,27,100,2025-07-01,399
405,SKU-6W51OB537Q,WH-TX-03,9,106,20,2025-08-22,0
406,SKU-493WXA73JG,WH-TX-03,178,123,30,2025-11-19,55
407,SKU-BYGHGK5BWI,WH-CA-04,2,172,100,2025-05-13,0
408,SKU-KPG3DP4FMP,WH-NJ-01,459,83,50,2025-07-05,376
409,SKU-MZB3I4FIEE,WH-NC-02,460,148,40,2025-03-20,312
410,SKU-MBY49E7EOB,WH-NC-02,102,26,100,2025-05-12,76
411,SKU-P6MKT7S1GD,WH-NC-02,299,82,75,2025-10-02,217
412,SKU-QFEZKFH00A,WH-CA-04,53,99,75,2025-12-03,0
413,SKU-30QABXW2EO,WH-NC-02,161,75,100,2025-11-07,86
414,SKU-N8LFJDTVV2,WH-TX-03,448,34,75,2025-11-13,414
415,SKU-TP6QAQ3K8A,WH-NJ-01,229,175,100,2025-07-19,54
416,SKU-IJC1YDMT8V,WH-TX-03,344,96,40,2025-04-11,248
417,SKU-D0771HLL9R,WH-NC-02,210,99,20,2025-06-01,111
418,SKU-3J2D54I3QK,WH-CA-04,280,150,50,2025-08-04,130
419,SKU-S1K9YE9O2M,WH-TX-03,446,191,75,2025-05-27,255
420,SKU-GO8JN42X2E,WH-NJ-01,69,12,30,2025-10-07,57
421,SKU-RWTF07GBAS,WH-CA-04,300,157,30,2025-11-06,143
422,SKU-BHB7S9TJ1G,WH-NC-02,67,147,50,2025-08-21,0
423,SKU-992QC6DR08,WH-NC-02,281,5,75,2025-05-29,276
424,SKU-Y8NYFWDC11,WH-CA-04,281,146,20,2025-12-03,135
425,SKU-2LR0JY32HO,WH-TX-03,153,194,75,2025-10-02,0
426,SKU-7FR91IPWH0,WH-TX-03,461,73,20,2025-06-30,388
427,SKU-3N3BZT9D31,WH-CA-04,445,9,75,2025-05-31,436
428,SKU-KBRH7LAY64,WH-TX-03,223,183,30,2025-10-20,40
429,SKU-1XERP3LYEX,WH-NJ-01,367,20,40,2025-10-11,347
430,SKU-SPD2SW24WJ,WH-CA-04,347,126,100,2025-07-23,221
431,SKU-GZVRCTLT4Q,WH-NJ-01,188,55,50,2025-03-21,133
432,SKU-O1I3MSDN1M,WH-CA-04,385,56,20,2025-11-23,329
433,SKU-KKV9RFTMTT,WH-NJ-01,40,129,40,2025-05-29,0
434,SKU-KPS0DXME4P,WH-NC-02,172,38,20,2025-10-04,134
435,SKU-EUBFN9KR2F,WH-NC-02,468,60,50,2025-02-04,408
436,SKU-I15CQZCUCT,WH-TX-03,237,172,40,2025-08-04,65
437,SKU-0IQ2FA39E3,WH-CA-04,269,109,40,2025-01-01,160
438,SKU-I0RS210Q2L,WH-NC-02,164,155,100,2025-07-25,9
439,SKU-MNHIE9EDE1,WH-CA-04,129,145,100,2025-04-02,0
440,SKU-KK2ABKVBLP,WH-CA-04,4,13,50,2025-04-01,0
441,SKU-PWBSF3Q0E2,WH-NJ-01,357,182,50,2025-03-11,175
442,SKU-2IAGL58KXO,WH-NC-02,129,58,20,2025-05-12,71
443,SKU-4LAV71448N,WH-TX-03,384,108,40,2025-09-14,276
444,SKU-3NWXROG983,WH-TX-03,175,146,50,2025-12-21,29
445,SKU-31YIHAIR4C,WH-TX-03,21,40,100,2025-04-02,0
446,SKU-71HSSBELRQ,WH-CA-04,40,139,20,2025-03-23,0
447,SKU-UKX496K4O6,WH-TX-03,152,147,75,2025-11-04,5
448,SKU-W9HEYCE4QG,WH-CA-04,45,161,100,2025-04-09,0
449,SKU-8F1N2OJGFH,WH-NC-02,349,124,50,2025-02-22,225
450,SKU-B07G2RE6ZV,WH-CA-04,8,35,100,2025-12-07,0
451,SKU-M5RRVSFFCX,WH-TX-03,444,20,100,2025-03-21,424
452,SKU-18K0AXYCEL,WH-NC-02,100,55,40,2025-11-08,45
453,SKU-G8Y72IVGLY,WH-TX-03,46,40,75,2025-12-25,6
454,SKU-UNLPAIH0P4,WH-CA-04,329,126,50,2025-12-09,203
455,SKU-UPUY0ZIA9A,WH-CA-04,206,168,30,2025-09-03,38
456,SKU-4RX6PRYIEJ,WH-TX-03,240,170,40,2025-10-16,70
457,SKU-9SKDGIGATJ,WH-NC-02,2,105,100,2025-10-06,0
458,SKU-KKV9RFTMTT,WH-CA-04,263,199,40,2025-09-19,64
459,SKU-V9DT94G8V9,WH-NJ-01,408,85,20,2025-12-07,323
460,SKU-K9TR74QGEF,WH-NJ-01,35,37,30,2025-09-18,0
461,SKU-4A3YJTU7FB,WH-NJ-01,298,145,50,2025-11-29,153
462,SKU-GO8JN42X2E,WH-NJ-01,242,7,30,2025-08-20,235
463,SKU-7FR91IPWH0,WH-TX-03,237,193,100,2025-09-05,44
464,SKU-IOGXPBWHVN,WH-CA-04,433,147,50,2025-09-12,286
465,SKU-G8Y72IVGLY,WH-NC-02,318,196,20,2025-03-24,122
466,SKU-XBIDFWA88D,WH-NJ-01,468,184,100,2025-09-22,284
467,SKU-S52SQ3B9SO,WH-TX-03,417,105,100,2025-01-03,312
468,SKU-JLZFFLB7WX,WH-NC-02,218,145,75,2025-08-11,73
469,SKU-DZX5QJICJD,WH-TX-03,200,107,30,2025-09-07,93
470,SKU-M72QLGDVC2,WH-CA-04,393,187,40,2025-07-11,206
471,SKU-M08TV4REAS,WH-NJ-01,26,129,50,2025-02-15,0
472,SKU-FOCNQDQX6Q,WH-NC-02,88,169,30,2025-10-22,0
473,SKU-XPJ4HNRIUU,WH-NC-02,268,63,50,2025-09-26,205
474,SKU-GABTGDJZ0I,WH-TX-03,306,43,30,2025-02-10,263
475,SKU-9DXOQ2VPGS,WH-TX-03,323,178,40,2025-05-19,145
476,SKU-U2GC5WI6FQ,WH-CA-04,123,100,50,2025-02-10,23
477,SKU-CGVYIE6IVW,WH-NC-02,399,105,50,2025-11-27,294
478,SKU-WGWAJ1G1R1,WH-NJ-01,395,64,75,2025-06-24,331
479,SKU-E7PKWCYUKN,WH-NJ-01,280,64,20,2025-10-18,216
480,SKU-ZP08J3TRP0,WH-NC-02,495,117,30,2025-11-19,378
481,SKU-UCC1M3O55I,WH-NC-02,254,123,40,2025-10-07,131
482,SKU-OS6ZLE6KWH,WH-CA-04,432,181,75,2025-04-04,251
483,SKU-UCC1M3O55I,WH-NJ-01,399,107,75,2025-12-18,292
484,SKU-DW2ZCFZW0L,WH-NJ-01,358,94,20,2025-12-06,264
485,SKU-E86O3Z0ANI,WH-TX-03,1,166,40,2025-07-24,0
486,SKU-Y4V8URID3U,WH-TX-03,328,135,100,2025-02-25,193
487,SKU-WKSHY8NBIQ,WH-NJ-01,122,66,30,2025-08-19,56
488,SKU-WAOUAXEQBN,WH-NC-02,235,110,50,2025-09-17,125
489,SKU-U2GC5WI6FQ,WH-NC-02,382,75,20,2025-08-08,307
490,SKU-DW2ZCFZW0L,WH-TX-03,76,48,50,2025-06-17,28
491,SKU-0USWBKOK3Q,WH-NC-02,77,163,75,2025-06-20,0
492,SKU-MRSXKJKMPL,WH-CA-04,331,6,50,2025-11-10,325
493,SKU-0MZHRUPFLF,WH-NC-02,162,14,30,2025-11-14,148
494,SKU-8HMBR5XQT4,WH-NC-02,149,84,100,2025-05-17,65
495,SKU-VB66H3REM5,WH-NC-02,468,152,30,2025-10-05,316
496,SKU-J9HVCHRM3W,WH-TX-03,47,184,100,2025-09-17,0
497,SKU-DYT9MOGE4Q,WH-NC-02,113,37,50,2025-10-18,76
498,SKU-WLACOLOLN3,WH-NJ-01,63,36,50,2025-10-16,27
499,SKU-JIPNF8F3GR,WH-TX-03,450,121,20,2025-05-15,329
500,SKU-7P9MDA9OEK,WH-NC-02,149,15,100,2025-04-15,134
501,SKU-M25LEN606N,WH-NC-02,72,0,30,2025-08-15,72
502,SKU-Y4XKSS0KB6,WH-CA-04,46,174,50,2025-07-09,0
503,SKU-BHB7S9TJ1G,WH-NC-02,295,179,40,2025-07-14,116
504,SKU-0USWBKOK3Q,WH-TX-03,361,36,20,2025-03-05,325
505,SKU-2P2TIXC7UR,WH-NC-02,180,44,20,2025-06-20,136
506,SKU-KKV9RFTMTT,WH-TX-03,373,141,20,2025-01-18,232
507,SKU-CMRSEZYTKW,WH-NJ-01,258,184,20,2025-09-16,74
508,SKU-QFEZKFH00A,WH-NC-02,94,161,100,2025-11-11,0
509,SKU-SQT26Q3XLR,WH-TX-03,100,193,100,2025-07-09,0
510,SKU-YHXSO7VBGR,WH-NJ-01,389,158,50,2025-10-22,231
511,SKU-8DJZR5SWK8,WH-TX-03,397,82,75,2025-11-16,315
512,SKU-74X2EK3ZEZ,WH-NC-02,82,171,40,2025-09-10,0
513,SKU-158OQESUX9,WH-TX-03,441,22,75,2025-03-22,419
514,SKU-KD9GNLPYO2,WH-NC-02,81,93,75,2025-03-01,0
515,SKU-MIH6MV4XEK,WH-TX-03,120,80,50,2025-04-15,40
516,SKU-1T53YKYYDU,WH-NJ-01,390,65,20,2025-12-31,325
517,SKU-74X2EK3ZEZ,WH-NC-02,483,138,20,2025-09-18,345
518,SKU-YZ7SRCBPLJ,WH-NJ-01,412,176,50,2025-09-12,236
519,SKU-JTGQ01TEE1,WH-NC-02,2,57,50,2025-02-15,0
520,SKU-7U8H0IMJYJ,WH-TX-03,12,28,100,2025-05-12,0
521,SKU-2ITL8N3E54,WH-NJ-01,163,82,30,2025-01-14,81
522,SKU-38XRG2GZR7,WH-NC-02,104,178,20,2025-09-24,0
523,SKU-0UBMC97C7B,WH-NJ-01,344,128,40,2025-01-22,216
524,SKU-7FR91IPWH0,WH-CA-04,347,132,30,2025-04-16,215
525,SKU-WGWAJ1G1R1,WH-NJ-01,165,114,75,2025-01-05,51
526,SKU-ZSA7YVDQBS,WH-NC-02,74,33,100,2025-06-30,41
527,SKU-DIHSA7HEZ7,WH-TX-03,59,124,100,2025-05-29,0
528,SKU-P9JYQN15IK,WH-CA-04,232,77,20,2025-12-01,155
529,SKU-9T7E8G8JDP,WH-CA-04,381,18,50,2025-10-07,363
530,SKU-4F9YECAZRP,WH-CA-04,72,87,50,2025-01-13,0
531,SKU-VIFTTD96QE,WH-NJ-01,277,167,50,2025-12-18,110
532,SKU-HMEWCJN6OC,WH-NC-02,148,80,20,2025-01-26,68
533,SKU-874FRHOCN9,WH-NJ-01,122,193,100,2025-02-09,0
534,SKU-WLCFS8314Y,WH-CA-04,466,94,40,2025-10-09,372
535,SKU-JTGQ01TEE1,WH-CA-04,288,191,50,2025-10-13,97
536,SKU-HGNZEI3ZRR,WH-CA-04,3,71,100,2025-03-05,0
537,SKU-2OHKBM00E9,WH-NJ-01,480,144,20,2025-04-21,336
538,SKU-0YEHVDO9KH,WH-CA-04,236,37,75,2025-11-25,199
539,SKU-EYUHZ1GV0E,WH-TX-03,207,170,30,2025-03-29,37
540,SKU-X4W6XLPU0D,WH-NC-02,171,39,20,2025-05-04,132
541,SKU-HC8CAH3GDH,WH-CA-04,384,172,20,2025-05-26,212
542,SKU-5XJXNECRYS,WH-NC-02,445,167,100,2025-08-02,278
543,SKU-DIHSA7HEZ7,WH-NJ-01,206,198,50,2025-05-08,8
544,SKU-X70FQLDB2U,WH-CA-04,149,119,30,2025-10-21,30
545,SKU-LXSLG6MM1Z,WH-TX-03,223,87,30,2025-05-29,136
546,SKU-EF0VOTQTXH,WH-CA-04,58,89,50,2025-11-23,0
547,SKU-I0RS210Q2L,WH-TX-03,292,29,40,2025-05-20,263
548,SKU-AMB3LPVOWC,WH-TX-03,150,162,20,2025-10-19,0
549,SKU-MZMZ2K1KO6,WH-NC-02,160,193,50,2025-05-02,0
550,SKU-SUFLSEHUDS,WH-NC-02,112,171,100,2025-01-11,0
551,SKU-9C9MV9E40K,WH-NJ-01,231,131,40,2025-10-10,100
552,SKU-P49KWV08HH,WH-TX-03,405,191,50,2025-09-09,214
553,SKU-XVKDC9X5JZ,WH-TX-03,447,132,75,2025-07-13,315
554,SKU-4LMCT64Z7W,WH-NC-02,487,175,40,2025-11-26,312
555,SKU-NVC7HR6C2C,WH-NJ-01,382,65,100,2025-07-14,317
556,SKU-PRCJIWVHDK,WH-NC-02,445,94,40,2025-03-22,351
557,SKU-XMXB9YO18P,WH-NC-02,373,26,30,2025-04-17,347
558,SKU-LBORIQ8HKE,WH-NJ-01,437,151,20,2025-11-17,286
559,SKU-JGXAA2ILGB,WH-TX-03,185,55,50,2025-07-25,130
560,SKU-HB0OQVSHKO,WH-TX-03,238,44,100,2025-07-28,194
561,SKU-UDC62G3AUT,WH-NJ-01,246,67,100,2025-05-07,179
562,SKU-YR06NKWFG3,WH-TX-03,139,155,50,2025-02-03,0
563,SKU-5OL5U7NTED,WH-NJ-01,111,4,20,2025-03-05,107
564,SKU-FN33VM89I9,WH-NJ-01,401,107,100,2025-01-17,294
565,SKU-LZN9UHJPKH,WH-NC-02,479,46,100,2025-09-06,433
566,SKU-8C1CQG433E,WH-TX-03,194,132,20,2025-04-15,62
567,SKU-YM33MG1ZAQ,WH-TX-03,443,4,100,2025-12-11,439
568,SKU-SQT26Q3XLR,WH-NJ-01,124,175,100,2025-04-18,0
569,SKU-QUPXBFEJ2X,WH-NC-02,355,120,100,2025-08-10,235
570,SKU-9T7E8G8JDP,WH-NC-02,238,72,30,2025-06-25,166
571,SKU-IOGXPBWHVN,WH-TX-03,493,46,20,2025-08-16,447
572,SKU-SPENGWYX9T,WH-CA-04,0,189,75,2025-07-09,0
573,SKU-45BM1ENF31,WH-NJ-01,120,154,30,2025-08-01,0
574,SKU-CCU3FG00ZK,WH-TX-03,88,3,40,2025-08-09,85
575,SKU-8LW2LM349E,WH-TX-03,19,176,20,2025-11-20,0
576,SKU-DERI4K5OGZ,WH-CA-04,272,90,40,2025-06-11,182
577,SKU-HF4ABUFWBU,WH-CA-04,176,64,30,2025-10-25,112
578,SKU-XPJ4HNRIUU,WH-NC-02,405,95,100,2025-09-06,310
579,SKU-E4PA8HYEXF,WH-NC-02,113,79,75,2025-07-09,34
580,SKU-XF50I6GBXQ,WH-NC-02,416,86,75,2025-01-12,330
581,SKU-3NX39RBSV5,WH-NC-02,281,60,20,2025-03-09,221
582,SKU-RY79KVLS9M,WH-NJ-01,26,147,75,2025-02-10,0
583,SKU-EZP7QYEZG5,WH-CA-04,187,99,100,2025-09-17,88
584,SKU-6ZS62YWE1G,WH-TX-03,417,118,50,2025-05-06,299
585,SKU-992QC6DR08,WH-NC-02,86,108,100,2025-08-14,0
586,SKU-FEN0B09ZIV,WH-TX-03,79,135,30,2025-07-29,0
587,SKU-5PSQ0OXFQ8,WH-NJ-01,461,81,100,2025-11-29,380
588,SKU-55NF4ZW9XA,WH-NC-02,179,12,75,2025-11-26,167
589,SKU-M5V2WWG84D,WH-NJ-01,54,164,30,2025-09-22,0
590,SKU-1POXRTEO2T,WH-NC-02,246,42,30,2025-06-20,204
591,SKU-V4KFQ5DZ53,WH-TX-03,499,91,100,2025-01-01,408
592,SKU-V7C6S5NKB4,WH-NJ-01,316,183,100,2025-12-30,133
593,SKU-TGXNX4SN6S,WH-NC-02,433,177,50,2025-12-15,256
594,SKU-DTBH55RBC7,WH-TX-03,232,19,100,2025-07-28,213
595,SKU-S95ZOW60ZZ,WH-TX-03,446,47,100,2025-08-29,399
596,SKU-EAVT8K06MO,WH-TX-03,447,99,20,2025-03-13,348
597,SKU-ONXD70FE07,WH-NC-02,269,18,30,2025-09-30,251
598,SKU-ZHG8Q3GCG1,WH-TX-03,381,68,50,2025-03-30,313
599,SKU-3VOB5APO4L,WH-TX-03,108,16,75,2025-01-20,92
600,SKU-CLW3JGEQE5,WH-NC-02,473,155,40,2025-11-11,318
601,SKU-BGL2MCXN2E,WH-NJ-01,237,35,20,2025-05-21,202
602,SKU-LBORIQ8HKE,WH-TX-03,377,165,100,2025-11-29,212
603,SKU-0IQ2FA39E3,WH-NC-02,306,81,40,2025-06-24,225
604,SKU-6DDFGS3JON,WH-NJ-01,368,69,50,2025-02-19,299
605,SKU-2SEHE2ATN2,WH-TX-03,154,115,30,2025-04-04,39
606,SKU-TQMGVU4ISO,WH-NC-02,167,153,50,2025-06-17,14
607,SKU-S74NDDAFS1,WH-CA-04,67,0,20,2025-02-24,67
608,SKU-ZUJ2XORVOR,WH-NC-02,264,80,20,2025-02-20,184
609,SKU-P6BEFFLZM7,WH-TX-03,439,129,75,2025-11-28,310
610,SKU-PHR62GDSWM,WH-NJ-01,474,163,50,2025-09-27,311
611,SKU-MVRYDC1AU9,WH-NJ-01,234,183,20,2025-12-28,51
612,SKU-RW6TM2O04K,WH-NJ-01,38,34,50,2025-05-25,4
613,SKU-G1VED32LX2,WH-TX-03,142,126,75,2025-03-18,16
614,SKU-ZBIKCIDKWN,WH-TX-03,344,26,75,2025-05-09,318
615,SKU-874FRHOCN9,WH-NJ-01,17,194,50,2025-04-21,0
616,SKU-30QABXW2EO,WH-NJ-01,51,183,100,2025-01-01,0
617,SKU-BGL2MCXN2E,WH-NJ-01,444,45,20,2025-01-26,399
618,SKU-0Q7TW1PUWS,WH-NJ-01,221,147,30,2025-04-26,74
619,SKU-SPENGWYX9T,WH-NC-02,292,7,100,2025-06-23,285
620,SKU-TI221XJ7WW,WH-TX-03,79,92,30,2025-01-13,0
621,SKU-25SQ8CROYR,WH-CA-04,180,71,100,2025-02-03,109
622,SKU-QDGBK2L0D1,WH-NJ-01,139,113,75,2025-11-14,26
623,SKU-N6O9JD3IH6,WH-NC-02,208,90,20,2025-08-20,118
624,SKU-RM6J8Y6RH0,WH-CA-04,408,25,75,2025-03-14,383
625,SKU-TZ0YNCXLL4,WH-CA-04,334,102,75,2025-02-20,232
626,SKU-9C0UU5WRYE,WH-NJ-01,280,61,75,2025-07-30,219
627,SKU-M6MG87OI0E,WH-NJ-01,404,93,75,2025-08-03,311
628,SKU-AUXBGK2WBX,WH-NC-02,121,160,50,2025-02-10,0
629,SKU-493WXA73JG,WH-NJ-01,210,60,50,2025-11-07,150
630,SKU-1YRUJOQW5D,WH-CA-04,343,147,20,2025-04-04,196
631,SKU-N7NPRB58YJ,WH-NJ-01,134,67,100,2025-07-08,67
632,SKU-GO8JN42X2E,WH-NC-02,459,28,20,2025-05-15,431
633,SKU-WT3HJU31FI,WH-NC-02,176,45,40,2025-07-25,131
634,SKU-X63CFL0UKE,WH-NC-02,38,164,30,2025-01-02,0
635,SKU-4UNY181ACJ,WH-NC-02,74,100,50,2025-07-23,0
636,SKU-BL7AMKOH10,WH-NC-02,352,89,20,2025-08-29,263
637,SKU-2837C6QC6K,WH-NJ-01,48,180,100,2025-09-15,0
638,SKU-EXDW6LQWLV,WH-TX-03,216,132,75,2025-06-05,84
639,SKU-S65QU0K5QZ,WH-NC-02,245,87,50,2025-02-23,158
640,SKU-GWFHDV37IC,WH-TX-03,230,126,30,2025-04-04,104
641,SKU-RMHRCNBH6N,WH-NJ-01,417,106,50,2025-11-10,311
642,SKU-4RX6PRYIEJ,WH-NC-02,254,65,100,2025-03-02,189
643,SKU-P9JYQN15IK,WH-TX-03,202,142,30,2025-12-26,60
644,SKU-YHXSO7VBGR,WH-TX-03,143,45,40,2025-06-17,98
645,SKU-AUXBGK2WBX,WH-CA-04,351,184,20,2025-10-01,167
646,SKU-ZSA7YVDQBS,WH-TX-03,398,7,100,2025-01-25,391
647,SKU-3FPOYIPK0Q,WH-CA-04,295,164,30,2025-12-22,131
648,SKU-I10KQSOSX4,WH-CA-04,462,100,40,2025-02-17,362
649,SKU-8WPFQ2BHAI,WH-TX-03,6,184,100,2025-07-08,0
650,SKU-DZR1YXR2DH,WH-CA-04,100,141,100,2025-02-22,0
651,SKU-XCCSG4OFDT,WH-TX-03,295,132,50,2025-08-29,163
652,SKU-8WPFQ2BHAI,WH-CA-04,449,72,20,2025-01-27,377
653,SKU-W9PFB3HN14,WH-NC-02,325,122,30,2025-02-28,203
654,SKU-8BIXOIQ2Q4,WH-NC-02,227,42,100,2025-07-05,185
655,SKU-ZP08J3TRP0,WH-NC-02,102,176,100,2025-05-21,0
656,SKU-8DH9PTFNM8,WH-TX-03,485,122,30,2025-02-26,363
657,SKU-K9TR74QGEF,WH-TX-03,91,171,100,2025-07-14,0
658,SKU-R4KZ36U8UE,WH-NJ-01,277,183,20,2025-04-16,94
659,SKU-6HID25OWF7,WH-TX-03,356,47,100,2025-10-07,309
660,SKU-5ELTFEBE54,WH-NJ-01,186,157,50,2025-06-17,29
661,SKU-VS41LQFS6H,WH-NJ-01,388,160,50,2025-12-01,228
662,SKU-S1K9YE9O2M,WH-NC-02,145,164,75,2025-09-03,0
663,SKU-J2QP89UZFK,WH-TX-03,266,177,100,2025-12-06,89
664,SKU-NE6IT1EKKH,WH-TX-03,118,6,50,2025-08-02,112
665,SKU-GQEXIH1XDP,WH-NJ-01,263,194,20,2025-01-02,69
666,SKU-3RZSJ49ITN,WH-NJ-01,275,170,40,2025-10-31,105
667,SKU-NS832EJX5T,WH-TX-03,202,39,20,2025-12-20,163
668,SKU-GN0T6DVWRB,WH-NJ-01,58,31,30,2025-07-01,27
669,SKU-V283BDW56F,WH-TX-03,346,104,100,2025-10-29,242
670,SKU-6VGTVYFYK3,WH-TX-03,476,182,75,2025-07-02,294
671,SKU-4FTJ5CCASB,WH-CA-04,152,93,75,2025-04-05,59
672,SKU-09LZRK79UF,WH-NJ-01,185,110,40,2025-06-05,75
673,SKU-DXO100VHMY,WH-NC-02,114,88,100,2025-06-29,26
674,SKU-NWXUJ3AC6P,WH-TX-03,274,76,30,2025-04-07,198
675,SKU-M0L2LJK4Q5,WH-NJ-01,380,8,50,2025-10-04,372
676,SKU-QO09VS9KKH,WH-NJ-01,385,136,50,2025-08-26,249
677,SKU-IE0RNUJJQ9,WH-NJ-01,361,63,50,2025-12-09,298
678,SKU-4ORAC8CYNL,WH-TX-03,486,172,20,2025-10-25,314
679,SKU-7QHAK7MDWK,WH-TX-03,235,90,50,2025-01-13,145
680,SKU-XF1PI2OOQ4,WH-TX-03,441,188,30,2025-10-28,253
681,SKU-AMB3LPVOWC,WH-NJ-01,65,94,75,2025-12-12,0
682,SKU-S52SQ3B9SO,WH-NC-02,262,197,20,2025-07-01,65
683,SKU-VDHR59C81D,WH-CA-04,50,92,50,2025-06-04,0
684,SKU-3VOB5APO4L,WH-NC-02,350,93,30,2025-09-08,257
685,SKU-JZC58CU47S,WH-TX-03,416,165,40,2025-10-08,251
686,SKU-JPZTC09ZGN,WH-TX-03,330,173,30,2025-06-26,157
687,SKU-VEDHR3PCEO,WH-TX-03,231,123,75,2025-12-26,108
688,SKU-NZ3A8V4X7Y,WH-NC-02,359,69,30,2025-03-12,290
689,SKU-3NWXROG983,WH-NC-02,493,102,30,2025-03-25,391
690,SKU-WBBADLYPGG,WH-TX-03,12,63,20,2025-07-08,0
691,SKU-I15CQZCUCT,WH-CA-04,393,94,75,2025-04-02,299
692,SKU-HL1N13JCAT,WH-CA-04,368,162,50,2025-03-10,206
693,SKU-VDHR59C81D,WH-NJ-01,314,11,75,2025-11-04,303
694,SKU-KBRH7LAY64,WH-NC-02,293,47,40,2025-06-13,246
695,SKU-TVMK2ZYZSI,WH-CA-04,19,62,100,2025-06-28,0
696,SKU-7P9MDA9OEK,WH-TX-03,212,172,75,2025-02-02,40
697,SKU-PQAHCUA09P,WH-NC-02,269,5,20,2025-02-22,264
698,SKU-CWI64CIYHE,WH-NJ-01,471,44,50,2025-08-04,427
699,SKU-SPENGWYX9T,WH-NJ-01,39,89,75,2025-07-21,0
700,SKU-ZEEDHHJSHZ,WH-NC-02,134,100,100,2025-02-07,34
701,SKU-SKP6RFE64S,WH-TX-03,452,159,50,2025-09-18,293
702,SKU-Z8Q4VHU4BA,WH-CA-04,261,195,20,2025-01-31,66
703,SKU-EZP7QYEZG5,WH-NC-02,423,103,30,2025-10-15,320
704,SKU-IAF92MOVS0,WH-TX-03,180,130,100,2025-01-05,50
705,SKU-4LAV71448N,WH-NC-02,226,126,40,2025-06-28,100
706,SKU-3KX7EEDTJV,WH-NJ-01,264,129,75,2025-02-23,135
707,SKU-HX2KBVSIGB,WH-NC-02,105,19,50,2025-08-07,86
708,SKU-V5SN961J88,WH-TX-03,320,38,75,2025-10-11,282
709,SKU-KVQYWJ85GG,WH-TX-03,486,139,20,2025-09-25,347
710,SKU-8SA3IDY3C7,WH-NJ-01,403,188,30,2025-07-19,215
711,SKU-O75RH8LX6D,WH-TX-03,389,35,20,2025-09-30,354
712,SKU-VTN4YPKW74,WH-TX-03,95,91,100,2025-09-21,4
713,SKU-S0R778NRXV,WH-NJ-01,460,8,50,2025-08-14,452
714,SKU-F5EHLH07JR,WH-TX-03,294,43,75,2025-01-18,251
715,SKU-1XERP3LYEX,WH-TX-03,487,74,50,2025-08-31,413
716,SKU-DD070EN48U,WH-NC-02,122,52,100,2025-04-27,70
717,SKU-ZIRNK6ZHH3,WH-NC-02,276,29,100,2025-01-10,247
718,SKU-ZEEDHHJSHZ,WH-NC-02,36,114,20,2025-02-08,0
719,SKU-WKSHY8NBIQ,WH-NC-02,267,65,75,2025-02-10,202
720,SKU-XFGCAQVKIZ,WH-CA-04,197,37,50,2025-04-18,160
721,SKU-9S3W563BTK,WH-NC-02,254,37,75,2025-02-13,217
722,SKU-6KF1622VXY,WH-NC-02,14,160,40,2025-07-16,0
723,SKU-EHWJQ4TA5I,WH-NC-02,404,198,20,2025-10-26,206
724,SKU-7ODKEF828X,WH-NJ-01,84,54,20,2025-07-28,30
725,SKU-UPFLN4RXYJ,WH-NC-02,91,75,40,2025-06-25,16
726,SKU-TWDL9ZS13C,WH-CA-04,99,115,30,2025-10-02,0
727,SKU-Y4LYK83TQL,WH-CA-04,464,84,100,2025-10-04,380
728,SKU-RXJPT2ZL15,WH-CA-04,173,22,50,2025-08-24,151
729,SKU-KOTCKEH5SW,WH-TX-03,454,197,30,2025-01-03,257
730,SKU-WIXZ2C9ROS,WH-NJ-01,214,141,75,2025-12-26,73
731,SKU-C50B8Y5DNW,WH-NC-02,364,95,50,2025-11-08,269
732,SKU-DU0ISB5IQN,WH-NC-02,85,48,50,2025-12-10,37
733,SKU-3NX39RBSV5,WH-TX-03,393,112,100,2025-09-11,281
734,SKU-F7ZK94YXFI,WH-NJ-01,81,113,50,2025-02-05,0
735,SKU-BC2SWSOZCT,WH-TX-03,321,44,40,2025-01-06,277
736,SKU-ZGE2J51B3J,WH-CA-04,373,154,20,2025-11-26,219
737,SKU-UPUY0ZIA9A,WH-TX-03,459,95,40,2025-10-29,364
738,SKU-5XYFC4KL8C,WH-NJ-01,492,194,40,2025-01-20,298
739,SKU-XPJ4HNRIUU,WH-TX-03,116,48,40,2025-10-18,68
740,SKU-X1F8S0X7M2,WH-NJ-01,166,1,30,2025-06-11,165
741,SKU-QEOZ0KZ4Z7,WH-TX-03,241,187,40,2025-08-26,54
742,SKU-AN085RNTDR,WH-NJ-01,277,193,20,2025-02-16,84
743,SKU-HSAHXTHV3A,WH-NC-02,490,102,50,2025-10-19,388
744,SKU-7UJODCK828,WH-CA-04,341,58,30,2025-01-16,283
745,SKU-LXSLG6MM1Z,WH-NJ-01,425,59,100,2025-04-18,366
746,SKU-CSLQC3C54W,WH-TX-03,469,21,40,2025-06-26,448
747,SKU-V9DT94G8V9,WH-TX-03,133,88,40,2025-03-06,45
748,SKU-O5URTXUYUC,WH-CA-04,365,105,50,2025-03-04,260
749,SKU-EGDD8MWE77,WH-NC-02,179,173,50,2025-11-04,6
750,SKU-7U8H0IMJYJ,WH-NC-02,164,52,100,2025-03-14,112
751,SKU-HZLM72JEYN,WH-NC-02,211,18,30,2025-07-23,193
752,SKU-LOQC3XNCHK,WH-NJ-01,5,48,100,2025-09-11,0
753,SKU-ZBIKCIDKWN,WH-CA-04,72,16,100,2025-03-01,56
754,SKU-NZ0NXU43IE,WH-NJ-01,412,126,20,2025-04-11,286
755,SKU-WLACOLOLN3,WH-NJ-01,356,154,30,2025-01-17,202
756,SKU-PKYRYBOVAK,WH-NJ-01,452,18,50,2025-07-14,434
757,SKU-0X7ZCGDC5T,WH-NJ-01,434,29,20,2025-09-08,405
758,SKU-3WFSQG8X80,WH-TX-03,76,77,40,2025-02-07,0
759,SKU-NE6IT1EKKH,WH-TX-03,282,173,100,2025-10-12,109
760,SKU-F86LTHET25,WH-TX-03,214,105,40,2025-01-31,109
761,SKU-EB8753AYEQ,WH-NJ-01,164,63,75,2025-11-06,101
762,SKU-9BXF445CRI,WH-NC-02,173,31,50,2025-12-24,142
763,SKU-NCBEKGV1BB,WH-TX-03,97,180,75,2025-06-30,0
764,SKU-5PSQ0OXFQ8,WH-CA-04,24,150,30,2025-10-09,0
765,SKU-P6MKT7S1GD,WH-TX-03,420,35,30,2025-05-21,385
766,SKU-8LW2LM349E,WH-NJ-01,150,9,100,2025-09-02,141
767,SKU-5HRDU4XSZJ,WH-NJ-01,219,58,20,2025-10-02,161
768,SKU-W79WCXZ2EI,WH-NJ-01,153,101,100,2025-08-12,52
769,SKU-LEMX15Z8VM,WH-TX-03,75,117,50,2025-01-27,0
770,SKU-JQY3ODSX4N,WH-NC-02,375,156,20,2025-09-07,219
771,SKU-DKV54C6P1L,WH-NJ-01,435,10,20,2025-08-19,425
772,SKU-CN0EQWMI6K,WH-CA-04,230,165,30,2025-01-13,65
773,SKU-FTOUHYLU6K,WH-NJ-01,2,78,30,2025-11-04,0
774,SKU-MX1EGOK01T,WH-NC-02,72,159,100,2025-04-08,0
775,SKU-9JRNAMZ614,WH-NC-02,110,90,50,2025-07-11,20
776,SKU-0S0R2SDS8B,WH-NC-02,334,101,30,2025-07-05,233
777,SKU-5BCW790PDW,WH-NJ-01,71,179,50,2025-01-19,0
778,SKU-94SGFDK0Q0,WH-CA-04,411,128,75,2025-12-05,283
779,SKU-AHK2LSLAYM,WH-CA-04,254,13,100,2025-09-16,241
780,SKU-0LTHY25M8K,WH-NJ-01,217,130,40,2025-03-08,87
781,SKU-FXLOZ2RCU8,WH-TX-03,207,29,100,2025-01-26,178
782,SKU-2SEHE2ATN2,WH-TX-03,248,158,75,2025-01-06,90
783,SKU-6E7GA2IZ5P,WH-CA-04,289,128,30,2025-05-21,161
784,SKU-BFXB4Y4K7B,WH-TX-03,339,173,40,2025-08-26,166
785,SKU-BGL2MCXN2E,WH-TX-03,64,141,40,2025-08-18,0
786,SKU-F33GUWYH36,WH-CA-04,471,163,100,2025-01-27,308
787,SKU-E05QMKTGV4,WH-TX-03,284,173,100,2025-04-15,111
788,SKU-G585I87XW6,WH-TX-03,3,182,20,2025-12-10,0
789,SKU-02G3YU6VK0,WH-NJ-01,195,163,40,2025-01-10,32
790,SKU-GTY3ADDQHK,WH-TX-03,118,170,50,2025-09-29,0
791,SKU-KEAEA84HXX,WH-CA-04,189,104,30,2025-10-06,85
792,SKU-493WXA73JG,WH-NJ-01,165,42,30,2025-10-30,123
793,SKU-8T922D0NX5,WH-CA-04,450,142,20,2025-01-12,308
794,SKU-6L01WCNKFH,WH-NJ-01,231,37,100,2025-06-05,194
795,SKU-HZBGTJ5469,WH-CA-04,129,88,100,2025-03-18,41
796,SKU-2AB2RVNDFD,WH-NC-02,476,43,20,2025-01-18,433
797,SKU-KOTCKEH5SW,WH-NJ-01,368,108,30,2025-02-27,260
798,SKU-PUBKPIQNHQ,WH-NJ-01,91,54,20,2025-05-10,37
799,SKU-Z0HR9T9CD1,WH-NJ-01,331,54,40,2025-06-23,277
800,SKU-FXHKC856WP,WH-CA-04,124,77,40,2025-03-28,47
801,SKU-ZF761HJR6E,WH-NC-02,299,185,50,2025-11-16,114
802,SKU-6VGTVYFYK3,WH-NJ-01,206,106,100,2025-12-09,100
803,SKU-1POXRTEO2T,WH-NC-02,113,56,20,2025-02-23,57
804,SKU-EFJAWSHMLF,WH-TX-03,360,183,30,2025-03-19,177
805,SKU-6Z1T2XCB3Y,WH-NJ-01,350,129,100,2025-07-23,221
806,SKU-BC2SWSOZCT,WH-TX-03,372,123,100,2025-09-27,249
807,SKU-18K0AXYCEL,WH-NJ-01,100,161,75,2025-06-21,0
808,SKU-1LTWBJ9UU2,WH-NC-02,31,48,30,2025-02-07,0
809,SKU-4V1QX8ERTB,WH-TX-03,469,63,100,2025-07-05,406
810,SKU-3ZKWDEEKGY,WH-CA-04,130,86,75,2025-12-27,44
811,SKU-VS41LQFS6H,WH-NJ-01,16,135,75,2025-08-24,0
812,SKU-3QSQCQ30O3,WH-NJ-01,476,68,50,2025-01-16,408
813,SKU-7C3DD03UVU,WH-NC-02,247,185,75,2025-08-14,62
814,SKU-5YWX0I3A4K,WH-CA-04,374,170,40,2025-12-04,204
815,SKU-158OQESUX9,WH-NJ-01,395,61,40,2025-03-15,334
816,SKU-AKX6WB68Q0,WH-TX-03,63,120,100,2025-07-30,0
817,SKU-RJ5XFEUB4O,WH-CA-04,446,51,50,2025-10-13,395
818,SKU-ZJSSZWD0W9,WH-CA-04,77,32,30,2025-11-20,45
819,SKU-R4SOR8WM9L,WH-NC-02,199,19,30,2025-11-23,180
820,SKU-9TZE5R5UQP,WH-TX-03,40,186,100,2025-12-02,0
821,SKU-9TZE5R5UQP,WH-TX-03,257,187,100,2025-04-25,70
822,SKU-153SFLSE45,WH-NJ-01,180,190,30,2025-09-04,0
823,SKU-79955CF72G,WH-NJ-01,289,111,30,2025-02-06,178
824,SKU-3R30ME8F84,WH-CA-04,124,183,40,2025-02-24,0
825,SKU-1P0VUH17J8,WH-CA-04,343,36,40,2025-06-16,307
826,SKU-T860X5ZU2Z,WH-NC-02,111,187,50,2025-06-26,0
827,SKU-DSAV917RMP,WH-CA-04,467,105,50,2025-12-19,362
828,SKU-HGNZEI3ZRR,WH-NC-02,234,104,50,2025-07-10,130
829,SKU-NYXTXMGTT0,WH-NC-02,499,50,30,2025-04-09,449
830,SKU-6US7RP422T,WH-TX-03,201,28,30,2025-04-22,173
831,SKU-EGDD8MWE77,WH-TX-03,39,136,40,2025-04-28,0
832,SKU-ZKLOOKEP7Y,WH-CA-04,198,85,40,2025-06-11,113
833,SKU-TLCXLVPYMB,WH-CA-04,448,39,20,2025-02-26,409
834,SKU-X70FQLDB2U,WH-TX-03,310,195,20,2025-12-19,115
835,SKU-KEAEA84HXX,WH-CA-04,125,170,100,2025-03-03,0
836,SKU-N89LTAJW25,WH-TX-03,73,99,30,2025-02-08,0
837,SKU-CIFLWDR3VW,WH-NJ-01,178,22,100,2025-11-26,156
838,SKU-88D0TGSIWG,WH-CA-04,4,102,40,2025-11-19,0
839,SKU-IM458AX40D,WH-NC-02,311,7,30,2025-01-29,304
840,SKU-9BC2BE3YQY,WH-NJ-01,117,73,100,2025-08-15,44
841,SKU-S1F537YE0Q,WH-NJ-01,231,63,100,2025-01-31,168
842,SKU-IOGXPBWHVN,WH-CA-04,148,150,75,2025-11-12,0
843,SKU-J4PNJY1O2R,WH-TX-03,313,92,20,2025-02-08,221
844,SKU-R2YKCCPRHV,WH-NC-02,200,119,50,2025-01-01,81
845,SKU-F60YKNFU84,WH-TX-03,348,108,30,2025-02-25,240
846,SKU-Y8NYFWDC11,WH-CA-04,30,95,75,2025-12-23,0
847,SKU-ZHG8Q3GCG1,WH-TX-03,236,183,50,2025-07-05,53
848,SKU-N6937XNCML,WH-CA-04,429,141,100,2025-04-01,288
849,SKU-ZUJ2XORVOR,WH-CA-04,154,79,75,2025-07-18,75
850,SKU-XFGCAQVKIZ,WH-NC-02,197,102,40,2025-06-20,95
851,SKU-QIMQODPXNF,WH-CA-04,106,16,40,2025-08-13,90
852,SKU-RHT7ZEWVIY,WH-NC-02,158,19,40,2025-07-01,139
853,SKU-GH8RIEC4D1,WH-NJ-01,168,114,100,2025-05-10,54
854,SKU-G1VED32LX2,WH-TX-03,300,11,50,2025-05-22,289
855,SKU-F33GUWYH36,WH-CA-04,419,123,50,2025-12-28,296
856,SKU-KPG3DP4FMP,WH-TX-03,257,121,40,2025-05-11,136
857,SKU-U7ONZ3JBCK,WH-TX-03,61,71,100,2025-05-22,0
858,SKU-8ADF7PCHCB,WH-NC-02,148,168,50,2025-01-05,0
859,SKU-45ED5GGSJ6,WH-TX-03,161,84,40,2025-12-03,77
860,SKU-K9TR74QGEF,WH-TX-03,85,159,30,2025-06-16,0
861,SKU-0ODWMQX5GG,WH-TX-03,12,164,40,2025-04-30,0
862,SKU-FZMYOA2VCY,WH-CA-04,274,109,100,2025-02-12,165
863,SKU-C0Y0BHF0RI,WH-TX-03,416,17,20,2025-04-02,399
864,SKU-RW6TM2O04K,WH-NJ-01,123,28,30,2025-08-18,95
865,SKU-3SR5RUP13W,WH-NC-02,357,134,100,2025-08-28,223
866,SKU-SPD2SW24WJ,WH-NJ-01,103,39,40,2025-07-06,64
867,SKU-S1F537YE0Q,WH-NC-02,48,100,20,2025-03-19,0
868,SKU-9DXJ37C9H4,WH-TX-03,2,119,40,2025-09-28,0
869,SKU-JTGQ01TEE1,WH-NC-02,421,133,30,2025-02-15,288
870,SKU-B7V80LKX1S,WH-CA-04,249,147,40,2025-01-07,102
871,SKU-TZ0YNCXLL4,WH-CA-04,252,54,50,2025-06-19,198
872,SKU-0HPMNZ1UDB,WH-NJ-01,210,183,40,2025-04-25,27
873,SKU-7DKNNCPTKE,WH-CA-04,70,72,30,2025-09-20,0
874,SKU-0VGNXB5JTB,WH-TX-03,270,180,75,2025-12-10,90
875,SKU-1P0VUH17J8,WH-NJ-01,37,199,40,2025-12-12,0
876,SKU-43C5BA75UU,WH-NJ-01,152,87,50,2025-08-27,65
877,SKU-6W51OB537Q,WH-NJ-01,316,124,30,2025-10-02,192
878,SKU-YWD14VE92M,WH-CA-04,469,160,20,2025-11-05,309
879,SKU-JIPNF8F3GR,WH-NC-02,214,21,75,2025-12-12,193
880,SKU-ZPEAL2W37D,WH-CA-04,433,49,100,2025-01-16,384
881,SKU-HHPBMYOFQE,WH-NJ-01,9,26,40,2025-03-03,0
882,SKU-050UI22KX7,WH-NC-02,99,47,30,2025-07-13,52
883,SKU-L68NTK63N2,WH-NJ-01,356,65,50,2025-11-17,291
884,SKU-F5EHLH07JR,WH-NJ-01,433,140,50,2025-10-19,293
885,SKU-YLEMRUYP04,WH-NC-02,378,129,30,2025-06-12,249
886,SKU-QLGZUI1B0Z,WH-NC-02,489,45,50,2025-08-23,444
887,SKU-EGDD8MWE77,WH-NJ-01,297,70,100,2025-10-07,227
888,SKU-ARAGDX5O31,WH-NJ-01,233,127,75,2025-08-29,106
889,SKU-OTOHP6VZ41,WH-CA-04,198,10,20,2025-11-21,188
890,SKU-30QABXW2EO,WH-CA-04,435,25,50,2025-08-21,410
891,SKU-IOGXPBWHVN,WH-CA-04,173,190,50,2025-05-09,0
892,SKU-PCWE4C1V47,WH-TX-03,216,48,20,2025-05-03,168
893,SKU-XSFH4GG244,WH-NJ-01,39,62,75,2025-05-17,0
894,SKU-I10KQSOSX4,WH-CA-04,185,20,75,2025-12-22,165
895,SKU-VG3KK0VM59,WH-NJ-01,488,176,75,2025-01-15,312
896,SKU-BA5MF36BCP,WH-TX-03,279,78,100,2025-11-26,201
897,SKU-N7NPRB58YJ,WH-CA-04,68,79,50,2025-08-17,0
898,SKU-CYWE3DKS4F,WH-CA-04,248,8,50,2025-05-24,240
899,SKU-5ELTFEBE54,WH-NJ-01,84,148,75,2025-08-18,0
900,SKU-3SDYGFLIJI,WH-NJ-01,167,180,50,2025-06-25,0
901,SKU-ZPEAL2W37D,WH-NC-02,403,115,40,2025-10-19,288
902,SKU-2OHKBM00E9,WH-NC-02,28,119,50,2025-09-03,0
903,SKU-4V1QX8ERTB,WH-CA-04,36,54,100,2025-02-22,0
904,SKU-K43SAFYH1F,WH-NC-02,19,40,75,2025-12-01,0
905,SKU-4QDBXVH7KA,WH-CA-04,145,5,30,2025-05-27,140
906,SKU-R2YKCCPRHV,WH-NJ-01,259,0,75,2025-02-10,259
907,SKU-H75LXO6QJI,WH-NC-02,138,94,30,2025-10-20,44
908,SKU-9DHSZNVP8G,WH-CA-04,254,191,50,2025-08-28,63
909,SKU-153SFLSE45,WH-NJ-01,447,132,50,2025-07-14,315
910,SKU-8F1N2OJGFH,WH-CA-04,85,25,100,2025-05-16,60
911,SKU-55NF4ZW9XA,WH-TX-03,51,0,30,2025-03-29,51
912,SKU-P8DJKLUYLU,WH-NC-02,298,0,75,2025-09-27,298
913,SKU-M2XIPRTT3N,WH-TX-03,141,92,20,2025-09-11,49
914,SKU-934T3Y4WPW,WH-NJ-01,121,37,20,2025-07-08,84
915,SKU-IM458AX40D,WH-CA-04,428,40,75,2025-10-18,388
916,SKU-IRY8XNY2X1,WH-CA-04,411,155,50,2025-03-12,256
917,SKU-6VEY0A94XF,WH-NJ-01,387,132,30,2025-08-21,255
918,SKU-AHTHSJR0FZ,WH-TX-03,399,148,30,2025-01-08,251
919,SKU-QQNVCEQFGA,WH-CA-04,421,62,75,2025-09-25,359
920,SKU-8F1N2OJGFH,WH-TX-03,446,85,75,2025-12-02,361
921,SKU-OROI5J8YIT,WH-TX-03,150,83,40,2025-04-25,67
922,SKU-1LTWBJ9UU2,WH-TX-03,332,139,100,2025-11-20,193
923,SKU-PUBKPIQNHQ,WH-NC-02,147,133,30,2025-10-28,14
924,SKU-JCSEXGGOC5,WH-TX-03,452,156,100,2025-10-24,296
925,SKU-9S3W563BTK,WH-NC-02,82,108,40,2025-08-25,0
926,SKU-HZLM72JEYN,WH-TX-03,148,103,50,2025-11-13,45
927,SKU-5EHR07N8VO,WH-TX-03,169,188,30,2025-03-17,0
928,SKU-8DT8CQ1XGB,WH-NC-02,324,34,100,2025-04-09,290
929,SKU-QEOZ0KZ4Z7,WH-CA-04,269,74,75,2025-11-19,195
930,SKU-QHRRPZLK3E,WH-CA-04,227,124,75,2025-01-02,103
931,SKU-5935A0L725,WH-NJ-01,325,51,50,2025-05-02,274
932,SKU-YB7W8P74MJ,WH-NJ-01,4,32,100,2025-07-04,0
933,SKU-4EX6U86ZJQ,WH-CA-04,151,152,100,2025-01-16,0
934,SKU-ODRO8BNP84,WH-NJ-01,220,13,20,2025-10-06,207
935,SKU-5ELTFEBE54,WH-CA-04,156,52,40,2025-12-17,104
936,SKU-V7C6S5NKB4,WH-NJ-01,257,60,75,2025-02-10,197
937,SKU-9TZE5R5UQP,WH-CA-04,5,12,100,2025-02-24,0
938,SKU-ES6M033IFH,WH-NC-02,289,14,30,2025-07-27,275
939,SKU-9BC2BE3YQY,WH-NJ-01,203,54,100,2025-05-12,149
940,SKU-X8HBBJCDIW,WH-NC-02,277,180,30,2025-12-22,97
941,SKU-FXLOZ2RCU8,WH-NC-02,387,199,30,2025-10-11,188
942,SKU-8LYMJ1QI9M,WH-NC-02,492,46,50,2025-06-27,446
943,SKU-AITMOFMMWI,WH-NC-02,368,172,20,2025-08-30,196
944,SKU-8WPFQ2BHAI,WH-NC-02,133,96,40,2025-08-30,37
945,SKU-FCD6MZSGIP,WH-TX-03,322,74,30,2025-10-11,248
946,SKU-8F1N2OJGFH,WH-NC-02,76,191,30,2025-05-03,0
947,SKU-QJG02U1G46,WH-NJ-01,446,14,75,2025-10-09,432
948,SKU-LB25485HCQ,WH-NC-02,470,20,20,2025-06-16,450
949,SKU-9K9XJUY0BV,WH-NJ-01,482,35,75,2025-01-13,447
950,SKU-9BC2BE3YQY,WH-NC-02,345,197,50,2025-03-12,148
951,SKU-4ORAC8CYNL,WH-NJ-01,115,152,50,2025-02-23,0
952,SKU-60RJIW1SWJ,WH-NC-02,200,43,40,2025-01-13,157
953,SKU-PVS7HZIOYK,WH-CA-04,86,128,50,2025-02-28,0
954,SKU-6QZ6CP7SAV,WH-TX-03,67,41,40,2025-09-17,26
955,SKU-PUU62RZV1S,WH-NJ-01,417,186,75,2025-03-21,231
956,SKU-SZDXIMYN4U,WH-NJ-01,100,32,30,2025-03-01,68
957,SKU-9DHSZNVP8G,WH-NC-02,455,102,30,2025-02-16,353
958,SKU-ZKW3GI60Q6,WH-NJ-01,161,159,20,2025-11-29,2
959,SKU-8T922D0NX5,WH-NC-02,312,193,50,2025-07-21,119
960,SKU-SXLMT2PNJK,WH-TX-03,420,152,20,2025-09-18,268
961,SKU-V7C6S5NKB4,WH-CA-04,389,39,20,2025-02-05,350
962,SKU-FXLOZ2RCU8,WH-CA-04,70,185,30,2025-01-19,0
963,SKU-4LAV71448N,WH-TX-03,172,96,50,2025-09-13,76
964,SKU-3N3BZT9D31,WH-NC-02,168,114,30,2025-10-13,54
965,SKU-UL1RSRLA8S,WH-NC-02,102,101,100,2025-02-10,1
966,SKU-IXZAREIYAZ,WH-TX-03,227,63,20,2025-10-11,164
967,SKU-QFEZKFH00A,WH-NJ-01,132,146,50,2025-10-14,0
968,SKU-V0DSZRK6IL,WH-NJ-01,59,27,100,2025-08-16,32
969,SKU-QERXDOUADV,WH-NJ-01,450,79,100,2025-06-20,371
970,SKU-2AN417VF0J,WH-TX-03,144,111,100,2025-09-02,33
971,SKU-OS6ZLE6KWH,WH-CA-04,210,169,30,2025-01-12,41
972,SKU-109DCNWMBX,WH-CA-04,108,85,40,2025-08-03,23
973,SKU-SKOYTK06AK,WH-CA-04,192,177,100,2025-05-20,15
974,SKU-QVR1H61IAO,WH-NC-02,356,105,40,2025-10-25,251
975,SKU-LP81L51FLM,WH-TX-03,182,47,75,2025-12-12,135
976,SKU-6VEY0A94XF,WH-NJ-01,8,184,75,2025-07-04,0
977,SKU-3J2D54I3QK,WH-CA-04,131,8,50,2025-07-31,123
978,SKU-7RV4NMWVSB,WH-CA-04,425,157,75,2025-09-29,268
979,SKU-5FU7BFXQ7B,WH-CA-04,429,145,50,2025-04-09,284
980,SKU-FXLOZ2RCU8,WH-NC-02,73,172,20,2025-05-12,0
981,SKU-7ZEOQGVZHQ,WH-NC-02,95,109,40,2025-04-25,0
982,SKU-ZJSSZWD0W9,WH-NJ-01,128,82,50,2025-09-26,46
983,SKU-JTGQ01TEE1,WH-CA-04,342,77,20,2025-03-01,265
984,SKU-MUURMYBD2Q,WH-CA-04,370,65,40,2025-10-11,305
985,SKU-QIMQODPXNF,WH-CA-04,400,138,30,2025-04-19,262
986,SKU-JQY3ODSX4N,WH-NC-02,371,89,20,2025-12-14,282
987,SKU-ZLMA5UOFWB,WH-NJ-01,221,71,30,2025-01-22,150
988,SKU-WBBADLYPGG,WH-TX-03,127,194,75,2025-12-07,0
989,SKU-O091C795RL,WH-NC-02,346,14,50,2025-01-27,332
990,SKU-ZN9DDE3CUP,WH-CA-04,334,108,40,2025-08-02,226
991,SKU-LB25485HCQ,WH-NJ-01,373,39,75,2025-02-13,334
992,SKU-ZHWJR64DPJ,WH-NJ-01,485,140,20,2025-03-21,345
993,SKU-DQ95G3V23G,WH-TX-03,6,85,75,2025-10-07,0
994,SKU-DW2ZCFZW0L,WH-CA-04,224,32,30,2025-06-23,192
995,SKU-BG34IQ7ZJ3,WH-NC-02,388,125,30,2025-09-30,263
996,SKU-DU0ISB5IQN,WH-NC-02,435,129,100,2025-09-18,306
997,SKU-NGIXMC4SX2,WH-NC-02,115,108,50,2025-02-07,7
998,SKU-XNQXU71SEL,WH-CA-04,102,109,75,2025-02-28,0
999,SKU-DQ95G3V23G,WH-CA-04,225,161,100,2025-07-01,64
1000,SKU-6VGTVYFYK3,WH-CA-04,52,15,40,2025-04-15,37
