order_id,customer_id,order_date,channel,subtotal,discount,tax,total
100000,530,2025-06-18,Mobile,163.44,0,13.89,177.33
100001,90,2025-01-25,Mobile,55.84,5,5.2,56.04
100002,693,2025-11-23,Mobile,80.26,5,6.53,81.79
100003,255,2024-11-22,Web,98.9,5,7.6,101.5
100004,455,2024-04-17,Web,112.04,0,7.92,119.96
100005,253,2024-06-10,Web,107.77,5,7.16,109.93
100006,257,2025-03-27,Web,133.6,0,8.8,142.4
100007,383,2024-07-24,Web,139.41,0,10.96,150.37
100008,442,2025-08-12,Mobile,141.93,20,11.89,133.82
100009,858,2024-01-16,Web,167.76,0,13.51,181.27
100010,599,2024-11-22,Web,55.39,0,3.26,58.65
100011,90,2025-08-30,Web,57.14,10,4.13,51.27
100012,749,2025-10-20,Web,203.36,0,17.41,220.77
100013,390,2024-01-02,Store,71.64,5,5.12,71.76
100014,582,2024-01-10,Store,90.68,0,6.72,97.4
100015,44,2025-03-09,Mobile,84.5,0,7.16,91.66
100016,712,2024-05-04,Web,400.16,0,31.92,432.08
100017,664,2024-03-21,Mobile,47.45,0,3.25,50.7
100018,598,2025-04-29,Store,46.65,0,4.21,50.86
100019,19,2025-10-13,Mobile,99.16,5,5.68,99.84
100020,101,2024-05-29,Web,86.4,0,8.19,94.59
100021,914,2024-12-05,Mobile,35.52,15,1.97,22.49
100022,607,2024-05-08,Store,93.04,0,4.71,97.75
100023,766,2025-03-13,Mobile,101.25,0,9.12,110.37
100024,357,2025-05-15,Mobile,65.85,5,4.02,64.87
100025,542,2024-02-27,Web,88.78,15,7.35,81.13
100026,761,2024-07-16,Mobile,51.62,0,4.46,56.08
100027,938,2024-07-29,Web,35.6,5,3.16,33.76
100028,33,2024-02-14,Mobile,71.2,10,6.74,67.94
100029,970,2024-04-06,Web,41.03,0,2.59,43.62
100030,229,2024-10-05,Web,29.27,10,2.4,21.67
100031,524,2025-06-18,Web,14.19,0,0.78,14.97
100032,630,2025-02-13,Mobile,117.91,5,8.05,120.96
100033,862,2025-04-05,Web,69.26,15,6.11,60.37
100034,155,2025-01-25,Mobile,204.18,5,13.59,212.77
100035,423,2024-02-13,Mobile,74.06,0,5.67,79.73
100036,905,2024-01-27,Web,117.49,0,8.54,126.03
100037,246,2024-04-06,Web,58.41,15,4.62,48.03
100038,405,2025-07-01,Web,96.84,0,9.08,105.92
100039,844,2025-09-12,Store,14.32,0,0.75,15.07
100040,759,2025-07-20,Mobile,70.34,5,5.33,70.67
100041,541,2025-12-04,Web,47.72,0,4.24,51.96
100042,161,2024-08-06,Web,190.2,0,13.63,203.83
100043,747,2024-07-03,Mobile,112.03,0,6.0,118.03
100044,702,2024-03-09,Store,172.37,0,12.97,185.34
100045,117,2024-05-09,Store,219.43,5,14.25,228.68
100046,271,2025-07-20,Mobile,65.71,5,3.74,64.45
100047,770,2025-08-31,Web,108.53,0,9.57,118.1
100048,692,2025-08-21,Web,37.56,10,2.76,30.32
100049,487,2025-09-22,Web,130.59,10,12.01,132.6
100050,885,2025-12-20,Web,144.37,5,12.45,151.82
100051,172,2024-11-29,Web,124.27,0,10.09,134.36
100052,950,2024-06-02,Web,65.64,5,3.3,63.94
100053,274,2025-06-30,Web,311.74,0,21.59,333.33
100054,259,2024-03-19,Store,101.05,5,5.95,102.0
100055,135,2025-08-01,Mobile,37.77,5,3.44,36.21
100056,683,2025-02-16,Store,154.07,0,8.91,162.98
100057,722,2025-06-29,Mobile,194.07,15,12.2,191.27
100058,748,2025-08-31,Web,38.48,0,2.82,41.3
100059,422,2024-06-17,Mobile,81.39,5,5.03,81.42
100060,421,2025-11-11,Web,26.1,0,1.55,27.65
100061,186,2025-10-24,Mobile,225.07,15,17.32,227.39
100062,929,2025-08-05,Web,92.31,0,4.98,97.29
100063,364,2025-05-29,Partner,47.91,0,2.52,50.43
100064,955,2024-11-09,Web,195.77,0,13.07,208.84
100065,607,2024-02-01,Web,98.97,0,8.16,107.13
100066,378,2024-10-13,Store,177.84,0,13.33,191.17
100067,523,2025-08-16,Web,136.56,5,9.43,140.99
100068,580,2024-02-12,Mobile,42.29,0,3.19,45.48
100069,891,2025-09-08,Mobile,63.81,0,4.24,68.05
100070,722,2024-01-01,Store,49.09,0,4.52,53.61
100071,196,2025-07-26,Partner,35.38,10,1.86,27.24
100072,881,2024-09-26,Partner,19.5,5,1.57,16.07
100073,98,2024-06-28,Web,352.73,5,31.78,379.51
100074,605,2025-06-01,Store,122.62,5,10.57,128.19
100075,984,2024-04-12,Mobile,135.95,0,7.92,143.87
100076,22,2024-01-10,Mobile,210.69,0,13.34,224.03
100077,450,2025-08-05,Web,63.28,0,5.21,68.49
100078,172,2024-03-30,Mobile,28.11,10,1.51,19.62
100079,383,2024-08-13,Partner,167.23,20,14.47,161.7
100080,134,2025-10-31,Store,32.88,0,2.71,35.59
100081,426,2024-05-05,Web,164.5,0,13.63,178.13
100082,25,2024-07-27,Web,23.87,0,1.3,25.17
100083,503,2024-04-06,Web,30.61,0,2.52,33.13
100084,185,2024-03-14,Store,58.11,5,4.68,57.79
100085,85,2025-09-18,Mobile,160.23,0,14.0,174.23
100086,567,2024-07-09,Web,285.1,15,14.79,284.89
100087,763,2025-11-12,Web,135.79,0,6.93,142.72
100088,144,2025-12-16,Web,60.07,15,4.01,49.08
100089,863,2024-02-25,Web,188.4,10,10.68,189.08
100090,910,2025-12-20,Store,23.11,10,1.74,14.85
100091,679,2025-07-06,Mobile,44.41,5,4.05,43.46
100092,412,2024-02-01,Web,106.29,5,7.19,108.48
100093,224,2025-06-10,Mobile,171.05,5,15.06,181.11
100094,220,2025-07-27,Web,84.69,5,4.24,83.93
100095,179,2025-10-28,Partner,77.68,5,4.47,77.15
100096,631,2024-10-10,Web,81.36,20,4.18,65.54
100097,433,2025-12-21,Web,209.42,5,13.56,217.98
100098,265,2025-05-08,Web,51.98,10,4.72,46.7
100099,954,2024-07-05,Mobile,41.73,10,2.27,34.0
100100,429,2025-05-12,Mobile,80.35,0,6.21,86.56
100101,662,2025-03-17,Mobile,229.24,0,16.12,245.36
100102,416,2024-05-09,Web,57.27,0,5.28,62.55
100103,453,2025-09-30,Web,81.16,0,4.51,85.67
100104,727,2024-10-18,Web,22.71,10,1.35,14.06
100105,197,2024-04-23,Mobile,83.87,0,4.3,88.17
100106,554,2024-07-17,Web,118.31,5,8.23,121.54
100107,53,2024-01-13,Mobile,32.93,0,2.06,34.99
100108,480,2024-09-27,Store,209.69,0,18.69,228.38
100109,443,2025-08-23,Store,117.19,5,9.05,121.24
100110,330,2024-08-02,Web,65.02,10,5.05,60.07
100111,251,2025-03-19,Web,117.84,0,8.71,126.55
100112,807,2025-05-26,Web,141.55,5,7.66,144.21
100113,890,2025-03-22,Mobile,16.54,5,1.16,12.7
100114,783,2025-12-15,Store,121.18,0,11.51,132.69
100115,967,2024-03-14,Web,223.84,0,19.61,243.45
100116,925,2025-06-20,Web,51.34,20,4.63,35.97
100117,123,2024-04-10,Store,66.17,0,5.76,71.93
100118,879,2024-06-24,Store,75.45,0,4.12,79.57
100119,387,2025-03-02,Web,172.38,0,10.38,182.76
100120,339,2024-04-26,Mobile,38.57,5,1.93,35.5
100121,778,2024-06-14,Web,136.93,5,8.72,140.65
100122,348,2024-02-10,Web,76.59,5,4.2,75.79
100123,29,2025-03-04,Store,293.92,0,20.95,314.87
100124,975,2024-12-09,Store,80.19,10,6.45,76.64
100125,35,2025-02-27,Mobile,8.04,0,0.72,8.76
100126,518,2024-12-31,Web,155.47,0,13.02,168.49
100127,396,2024-04-29,Store,131.99,0,12.17,144.16
100128,623,2025-08-31,Web,113.55,0,5.95,119.5
100129,294,2025-10-18,Web,219.75,10,11.11,220.86
100130,589,2025-12-28,Mobile,19.37,15,1.54,5.91
100131,349,2024-08-16,Web,45.01,0,2.84,47.85
100132,147,2024-05-09,Mobile,96.46,10,5.92,92.38
100133,67,2024-12-17,Mobile,109.1,10,7.08,106.18
100134,904,2024-11-13,Web,85.98,15,5.34,76.32
100135,520,2025-10-10,Web,23.08,0,1.69,24.77
100136,122,2024-12-02,Web,66.71,5,4.66,66.37
100137,340,2024-09-29,Web,280.48,0,20.49,300.97
100138,175,2024-04-26,Mobile,36.85,10,2.96,29.81
100139,900,2025-01-02,Store,94.83,0,6.39,101.22
100140,691,2024-04-03,Web,137.3,5,8.42,140.72
100141,597,2024-06-16,Web,168.93,0,9.71,178.64
100142,451,2025-12-15,Mobile,154.95,0,10.18,165.13
100143,557,2024-12-06,Store,62.76,5,5.23,62.99
100144,136,2025-10-22,Web,44.83,10,3.77,38.6
100145,855,2025-11-25,Web,295.46,5,23.64,314.1
100146,16,2024-05-31,Mobile,180.46,10,10.92,181.38
100147,333,2025-08-08,Web,101.81,0,7.78,109.59
100148,195,2024-09-30,Web,245.4,0,18.57,263.97
100149,496,2025-07-07,Mobile,28.28,0,2.03,30.31
100150,9,2025-05-10,Mobile,8.38,0,0.63,9.01
100151,828,2025-12-24,Mobile,108.18,5,7.8,110.98
100152,334,2024-04-10,Mobile,112.02,5,8.45,115.47
100153,333,2025-07-10,Mobile,25.69,5,2.11,22.8
100154,327,2024-03-22,Web,176.01,5,9.67,180.68
100155,15,2025-06-12,Web,13.37,5,1.12,9.49
100156,839,2024-03-13,Web,126.12,0,7.08,133.2
100157,614,2024-01-14,Web,147.37,0,7.81,155.18
100158,226,2025-03-08,Mobile,107.22,5,10.07,112.29
100159,425,2024-06-05,Store,22.1,0,2.06,24.16
100160,790,2024-05-11,Partner,218.18,0,11.5,229.68
100161,408,2024-12-03,Mobile,64.51,0,4.51,69.02
100162,113,2025-02-07,Web,64.68,5,3.78,63.46
100163,997,2025-01-10,Web,54.5,0,3.92,58.42
100164,428,2025-07-12,Store,158.7,5,13.86,167.56
100165,1,2024-04-16,Mobile,62.01,5,5.75,62.76
100166,266,2025-09-11,Mobile,33.65,0,2.64,36.29
100167,491,2024-09-21,Mobile,190.24,10,12.54,192.78
100168,208,2024-07-23,Mobile,93.11,5,7.18,95.29
100169,622,2024-03-19,Store,194.79,5,12.47,202.26
100170,712,2024-06-03,Web,98.45,5,8.95,102.4
100171,952,2024-09-03,Mobile,51.37,0,4.58,55.95
100172,369,2025-06-14,Store,15.92,5,1.2,12.12
100173,985,2025-06-21,Web,108.52,0,7.01,115.53
100174,306,2025-12-29,Mobile,75.58,15,4.78,65.36
100175,12,2024-06-02,Web,163.31,10,8.41,161.72
100176,345,2024-06-02,Partner,59.64,5,5.17,59.81
100177,465,2025-11-16,Web,128.88,0,9.06,137.94
100178,700,2024-04-01,Mobile,95.42,0,6.17,101.59
100179,666,2025-03-08,Web,47.52,0,3.38,50.9
100180,494,2024-12-03,Mobile,63.67,0,5.53,69.2
100181,368,2025-04-24,Web,27.65,0,1.54,29.19
100182,846,2025-11-23,Web,309.01,0,27.38,336.39
100183,937,2024-05-10,Web,126.89,0,11.47,138.36
100184,420,2025-03-25,Store,25.81,20,2.39,8.2
100185,889,2024-09-29,Web,298.68,0,20.28,318.96
100186,791,2025-08-10,Web,36.38,15,2.17,23.55
100187,171,2024-06-25,Mobile,58.78,15,3.93,47.71
100188,134,2025-11-26,Mobile,80.01,0,5.2,85.21
100189,965,2025-10-04,Store,97.19,5,5.63,97.82
100190,427,2024-02-18,Web,160.29,0,12.39,172.68
100191,25,2025-07-20,Mobile,11.91,5,0.85,7.76
100192,530,2025-10-27,Web,98.36,0,8.75,107.11
100193,190,2024-12-20,Web,76.77,0,3.95,80.72
100194,141,2025-12-12,Mobile,109.98,5,8.69,113.67
100195,555,2024-11-03,Mobile,73.78,0,6.22,80.0
100196,846,2025-09-21,Mobile,66.04,5,5.56,66.6
100197,796,2024-02-15,Web,87.41,0,7.86,95.27
100198,658,2024-10-28,Web,287.91,0,23.84,311.75
100199,315,2025-02-11,Web,67.1,0,6.16,73.26
100200,444,2024-07-07,Partner,211.57,0,13.75,225.32
100201,319,2024-05-08,Web,106.55,0,7.74,114.29
100202,441,2025-07-14,Web,102.88,0,5.21,108.09
100203,92,2025-06-20,Web,110.76,0,5.57,116.33
100204,179,2024-09-22,Mobile,136.98,10,8.33,135.31
100205,56,2024-04-27,Web,71.42,0,3.89,75.31
100206,155,2025-04-08,Store,201.84,5,12.46,209.3
100207,672,2024-05-23,Web,137.22,0,7.95,145.17
100208,111,2025-03-17,Store,30.16,10,1.55,21.71
100209,137,2024-07-18,Web,8.14,0,0.74,8.88
100210,232,2024-06-05,Mobile,282.1,0,14.21,296.31
100211,992,2025-05-01,Store,113.37,0,9.42,122.79
100212,468,2024-05-13,Web,26.61,0,1.51,28.12
100213,732,2024-05-27,Partner,67.02,5,6.1,68.12
100214,481,2024-12-01,Web,180.4,0,16.27,196.67
100215,68,2024-03-11,Store,83.42,20,6.63,70.05
100216,814,2024-08-20,Mobile,89.42,0,7.18,96.6
100217,249,2024-11-29,Web,157.97,0,7.94,165.91
100218,994,2025-10-27,Web,121.41,5,11.45,127.86
100219,323,2024-03-30,Web,144.4,0,12.92,157.32
100220,922,2024-11-29,Web,156.81,10,14.16,160.97
100221,904,2024-07-17,Web,52.63,0,4.19,56.82
100222,518,2024-06-09,Web,57.01,5,3.74,55.75
100223,976,2025-06-21,Web,47.25,0,4.26,51.51
100224,792,2024-04-30,Mobile,59.71,10,3.77,53.48
100225,432,2024-10-27,Web,86.75,5,6.53,88.28
100226,487,2025-12-24,Web,91.72,0,5.0,96.72
100227,606,2025-07-28,Mobile,240.43,0,22.0,262.43
100228,429,2025-03-11,Web,117.21,0,6.6,123.81
100229,269,2024-03-08,Web,88.08,20,5.3,73.38
100230,709,2025-04-03,Web,38.49,0,2.89,41.38
100231,537,2025-05-28,Store,75.03,0,6.33,81.36
100232,148,2025-02-01,Store,296.21,0,23.07,319.28
100233,118,2025-09-11,Web,293.14,0,17.72,310.86
100234,850,2024-10-12,Mobile,74.29,5,3.72,73.01
100235,367,2025-07-14,Mobile,18.37,15,1.54,4.91
100236,850,2024-05-19,Mobile,66.53,0,6.28,72.81
100237,66,2025-12-30,Mobile,242.18,10,20.94,253.12
100238,970,2025-07-09,Mobile,87.22,0,6.17,93.39
100239,813,2025-08-12,Web,158.08,0,14.33,172.41
100240,370,2025-12-28,Web,95.16,0,6.51,101.67
100241,175,2025-09-01,Web,24.46,5,1.8,21.26
100242,831,2024-10-08,Store,97.75,15,6.99,89.74
100243,588,2025-10-22,Mobile,172.86,10,12.12,174.98
100244,495,2025-07-31,Store,59.01,0,5.01,64.02
100245,973,2025-04-01,Partner,169.74,0,12.51,182.25
100246,114,2024-03-27,Web,102.46,0,6.58,109.04
100247,111,2024-03-19,Mobile,163.54,15,10.08,158.62
100248,761,2024-07-23,Mobile,122.68,10,6.34,119.02
100249,439,2024-12-02,Partner,40.9,10,3.12,34.02
100250,715,2024-09-10,Partner,75.65,0,4.57,80.22
100251,147,2024-10-30,Mobile,73.7,0,4.18,77.88
100252,35,2025-01-14,Web,56.66,0,4.5,61.16
100253,999,2024-05-09,Mobile,115.74,0,9.33,125.07
100254,309,2025-08-18,Web,331.23,0,27.77,359.0
100255,538,2024-10-02,Mobile,202.02,0,14.68,216.7
100256,750,2025-11-29,Store,220.44,0,19.89,240.33
100257,14,2025-07-11,Web,53.75,10,4.95,48.7
100258,374,2024-07-01,Mobile,222.89,10,19.24,232.13
100259,557,2024-09-24,Web,273.06,0,21.46,294.52
100260,428,2024-11-17,Web,52.23,0,3.33,55.56
100261,728,2025-05-26,Web,132.67,0,12.5,145.17
100262,233,2025-09-03,Mobile,135.19,5,8.43,138.62
100263,705,2024-03-18,Store,80.06,10,4.73,74.79
100264,563,2024-12-04,Store,109.04,10,7.62,106.66
100265,939,2025-11-04,Web,139.93,5,7.35,142.28
100266,887,2025-07-09,Store,84.33,0,7.93,92.26
100267,726,2025-05-23,Mobile,195.56,0,14.96,210.52
100268,663,2024-08-25,Web,30.33,0,2.28,32.61
100269,440,2024-05-13,Web,73.45,0,5.84,79.29
100270,502,2024-07-10,Web,160.28,10,11.6,161.88
100271,275,2024-12-21,Store,308.73,0,15.88,324.61
100272,850,2024-10-04,Mobile,203.95,0,15.82,219.77
100273,76,2024-01-18,Mobile,107.39,0,8.83,116.22
100274,439,2025-06-07,Web,87.52,20,6.02,73.54
100275,732,2024-06-28,Mobile,76.81,0,6.46,83.27
100276,860,2024-05-02,Web,77.18,5,4.65,76.83
100277,956,2024-09-02,Web,15.8,0,0.95,16.75
100278,699,2025-01-07,Mobile,300.5,0,17.21,317.71
100279,289,2024-02-20,Web,92.63,0,6.18,98.81
100280,915,2024-03-11,Store,49.42,5,4.35,48.77
100281,540,2025-04-24,Web,131.19,0,11.45,142.64
100282,891,2025-07-13,Mobile,52.91,10,3.56,46.47
100283,692,2024-01-19,Web,183.06,0,14.01,197.07
100284,253,2024-03-24,Mobile,50.8,0,4.19,54.99
100285,126,2024-06-03,Web,165.37,15,10.06,160.43
100286,177,2025-07-18,Web,75.92,0,4.37,80.29
100287,37,2025-09-10,Store,119.03,5,11.16,125.19
100288,410,2024-12-22,Web,174.12,10,13.54,177.66
100289,611,2025-10-08,Store,62.62,0,5.9,68.52
100290,610,2025-03-18,Partner,171.23,5,11.16,177.39
100291,127,2024-03-09,Web,16.64,0,1.36,18.0
100292,483,2025-06-06,Web,259.29,0,15.56,274.85
100293,168,2024-05-22,Mobile,191.75,0,11.84,203.59
100294,592,2024-07-10,Partner,90.2,10,6.59,86.79
100295,294,2025-01-21,Store,215.32,0,13.86,229.18
100296,845,2025-01-12,Mobile,200.44,5,11.53,206.97
100297,638,2025-08-03,Mobile,96.6,15,5.97,87.57
100298,343,2025-06-18,Web,95.82,0,4.95,100.77
100299,310,2025-11-23,Partner,44.22,0,3.61,47.83
100300,662,2024-10-19,Partner,100.57,0,7.26,107.83
100301,528,2024-01-09,Web,23.63,0,1.28,24.91
100302,540,2024-09-27,Web,163.96,0,9.46,173.42
100303,419,2025-01-21,Web,166.41,5,9.09,170.5
100304,444,2024-04-02,Web,16.93,20,1.31,-1.76
100305,685,2025-06-12,Store,242.99,15,13.18,241.17
100306,558,2024-06-02,Web,58.11,10,4.88,52.99
100307,840,2025-02-08,Web,517.09,10,26.33,533.42
100308,236,2024-05-28,Web,114.57,0,7.01,121.58
100309,439,2024-09-23,Partner,244.57,5,22.03,261.6
100310,214,2025-02-25,Mobile,42.94,10,3.54,36.48
100311,85,2025-09-09,Web,75.79,0,4.04,79.83
100312,794,2025-04-16,Web,62.35,15,5.42,52.77
100313,744,2025-06-30,Partner,23.17,0,1.67,24.84
100314,85,2025-09-22,Store,30.42,5,2.68,28.1
100315,921,2025-06-09,Web,87.52,5,6.74,89.26
100316,489,2025-05-17,Web,127.95,15,10.32,123.27
100317,65,2024-01-14,Web,38.84,0,3.68,42.52
100318,646,2025-10-13,Web,72.11,5,4.36,71.47
100319,663,2024-12-29,Mobile,52.67,0,4.11,56.78
100320,627,2024-04-28,Store,92.09,0,6.51,98.6
100321,64,2024-08-25,Web,155.37,10,8.04,153.41
100322,343,2025-06-29,Store,104.59,5,5.3,104.89
100323,939,2024-06-17,Web,60.14,5,3.33,58.47
100324,875,2025-06-05,Mobile,195.98,0,15.52,211.5
100325,919,2025-09-25,Mobile,124.98,0,9.44,134.42
100326,352,2025-10-18,Web,106.89,5,8.01,109.9
100327,158,2025-05-30,Web,39.3,0,2.02,41.32
100328,589,2025-01-31,Mobile,182.13,0,12.95,195.08
100329,491,2024-04-15,Web,134.11,15,12.29,131.4
100330,658,2024-03-25,Web,139.11,0,9.44,148.55
100331,855,2024-08-01,Mobile,81.06,5,6.33,82.39
100332,463,2024-04-30,Partner,70.02,0,5.96,75.98
100333,225,2024-05-11,Web,301.51,0,25.71,327.22
100334,917,2024-07-15,Store,69.16,0,5.07,74.23
100335,313,2024-01-19,Web,32.33,0,2.86,35.19
100336,615,2025-10-03,Mobile,110.9,0,7.5,118.4
100337,919,2024-01-12,Mobile,95.99,0,8.64,104.63
100338,859,2024-03-21,Store,202.0,0,12.28,214.28
100339,813,2024-11-25,Web,85.96,0,5.38,91.34
100340,940,2025-01-26,Mobile,151.92,0,7.96,159.88
100341,466,2025-09-28,Mobile,254.1,0,21.8,275.9
100342,88,2024-11-02,Web,128.57,0,8.84,137.41
100343,883,2024-09-23,Web,41.14,15,2.48,28.62
100344,303,2025-03-22,Web,131.18,5,7.93,134.11
100345,680,2025-03-16,Web,73.12,5,6.62,74.74
100346,435,2025-10-13,Store,116.5,0,10.2,126.7
100347,682,2024-01-02,Web,96.54,15,7.23,88.77
100348,135,2025-06-03,Web,31.67,5,2.46,29.13
100349,50,2025-10-12,Mobile,85.59,10,6.11,81.7
100350,432,2025-09-27,Web,39.04,0,2.64,41.68
100351,340,2024-11-04,Mobile,64.96,15,5.92,55.88
100352,347,2025-06-05,Web,181.72,10,10.11,181.83
100353,646,2025-04-13,Partner,102.3,10,7.04,99.34
100354,347,2024-07-30,Store,145.59,0,9.54,155.13
100355,649,2024-04-21,Store,108.54,0,7.86,116.4
100356,245,2024-01-08,Web,77.28,0,5.46,82.74
100357,109,2025-04-21,Mobile,116.74,0,8.56,125.3
100358,825,2025-04-04,Web,19.6,10,1.1,10.7
100359,799,2024-09-09,Web,164.35,0,12.01,176.36
100360,533,2025-06-09,Web,48.21,0,2.94,51.15
100361,90,2025-03-13,Mobile,139.26,0,8.12,147.38
100362,296,2025-10-22,Web,74.88,0,3.96,78.84
100363,112,2024-08-23,Mobile,31.69,0,2.67,34.36
100364,813,2024-11-01,Web,55.8,10,3.86,49.66
100365,589,2025-04-22,Web,139.77,5,10.93,145.7
100366,177,2025-11-09,Mobile,366.48,0,30.32,396.8
100367,343,2024-01-20,Web,91.94,0,7.41,99.35
100368,660,2024-08-03,Mobile,338.5,0,24.09,362.59
100369,101,2024-05-14,Web,19.54,0,1.32,20.86
100370,758,2024-05-08,Store,79.52,5,5.32,79.84
100371,629,2025-02-13,Mobile,92.0,5,7.25,94.25
100372,604,2025-02-25,Web,144.95,5,10.47,150.42
100373,401,2024-10-20,Web,57.66,5,5.09,57.75
100374,28,2024-09-02,Mobile,124.66,0,11.14,135.8
100375,937,2025-12-01,Store,82.66,15,4.77,72.43
100376,962,2025-07-09,Web,221.71,10,12.44,224.15
100377,537,2024-03-26,Web,110.97,15,8.7,104.67
100378,58,2025-07-09,Store,489.5,0,31.11,520.61
100379,498,2025-01-09,Mobile,83.18,15,4.23,72.41
100380,297,2025-03-21,Web,212.11,10,19.09,221.2
100381,134,2025-01-12,Web,258.44,10,15.56,264.0
100382,331,2025-01-24,Web,5.11,0,0.47,5.58
100383,249,2025-10-18,Mobile,162.91,5,13.4,171.31
100384,550,2024-02-20,Web,80.83,15,6.82,72.65
100385,902,2024-08-29,Partner,36.12,5,2.13,33.25
100386,941,2024-10-20,Web,224.32,5,13.58,232.9
100387,75,2025-07-16,Web,60.52,15,4.45,49.97
100388,654,2024-09-22,Mobile,18.29,0,1.06,19.35
100389,834,2024-04-29,Store,112.96,5,7.2,115.16
100390,168,2025-12-12,Store,246.97,0,15.92,262.89
100391,771,2024-09-04,Web,36.58,15,2.09,23.67
100392,503,2024-03-10,Mobile,177.98,0,10.54,188.52
100393,885,2024-02-26,Mobile,13.13,0,1.12,14.25
100394,355,2025-01-16,Web,258.8,5,14.89,268.69
100395,225,2024-02-08,Web,130.4,10,6.69,127.09
100396,664,2025-03-18,Web,33.0,5,2.58,30.58
100397,531,2024-01-18,Web,166.89,15,15.67,167.56
100398,146,2024-12-17,Store,63.44,15,4.12,52.56
100399,960,2024-10-24,Web,44.26,0,2.45,46.71
100400,241,2024-10-09,Partner,62.29,0,4.71,67.0
100401,884,2025-08-08,Mobile,155.33,0,14.1,169.43
100402,893,2024-04-19,Mobile,41.74,0,3.56,45.3
100403,344,2024-06-28,Mobile,7.72,0,0.6,8.32
100404,749,2025-06-27,Web,65.0,15,4.17,54.17
100405,35,2024-01-25,Web,230.54,10,17.15,237.69
100406,702,2024-02-26,Web,228.47,0,12.36,240.83
100407,1,2024-06-28,Mobile,62.21,0,5.01,67.22
100408,996,2024-08-19,Web,60.36,5,4.99,60.35
100409,153,2024-12-08,Mobile,57.25,0,5.35,62.6
100410,429,2025-04-21,Web,55.11,0,3.4,58.51
100411,945,2025-07-29,Web,58.41,10,2.97,51.38
100412,508,2025-03-30,Web,117.02,15,8.72,110.74
100413,126,2024-08-19,Store,234.3,0,19.17,253.47
100414,491,2024-10-15,Mobile,41.67,10,3.57,35.24
100415,482,2024-07-31,Web,49.11,0,2.88,51.99
100416,345,2024-09-14,Mobile,127.01,5,7.85,129.86
100417,912,2025-06-13,Web,161.64,0,11.81,173.45
100418,738,2025-11-17,Partner,23.62,0,1.53,25.15
100419,221,2024-08-16,Mobile,293.51,15,26.04,304.55
100420,915,2024-08-13,Web,75.22,0,5.36,80.58
100421,919,2025-08-18,Mobile,26.06,5,2.24,23.3
100422,723,2025-03-10,Web,22.42,0,1.71,24.13
100423,25,2025-02-05,Partner,20.99,0,1.78,22.77
100424,528,2025-09-13,Web,209.34,0,13.6,222.94
100425,182,2024-03-28,Mobile,102.94,0,9.0,111.94
100426,499,2025-08-06,Web,210.65,5,13.14,218.79
100427,841,2025-06-25,Mobile,88.68,0,6.61,95.29
100428,641,2025-11-14,Mobile,206.65,5,12.32,213.97
100429,42,2024-11-04,Mobile,86.97,5,6.21,88.18
100430,915,2024-12-08,Mobile,144.51,5,9.29,148.8
100431,481,2025-03-11,Store,93.43,0,5.79,99.22
100432,930,2024-06-25,Web,82.88,15,7.75,75.63
100433,848,2024-05-18,Web,45.53,0,2.6,48.13
100434,748,2024-07-12,Web,158.84,0,13.57,172.41
100435,872,2024-07-04,Partner,36.74,0,3.46,40.2
100436,439,2024-08-05,Web,158.65,0,8.07,166.72
100437,402,2024-06-12,Mobile,106.49,0,8.67,115.16
100438,546,2024-06-09,Mobile,161.65,5,9.92,166.57
100439,345,2025-06-08,Web,113.47,0,5.88,119.35
100440,893,2025-08-23,Web,222.21,0,15.14,237.35
100441,45,2024-02-11,Web,134.6,10,12.39,136.99
100442,646,2024-07-28,Web,108.19,0,5.47,113.66
100443,21,2024-10-01,Web,6.52,0,0.5,7.02
100444,634,2024-10-05,Web,228.34,0,16.57,244.91
100445,70,2024-09-07,Store,20.74,10,1.85,12.59
100446,864,2024-11-05,Partner,28.61,0,1.54,30.15
100447,873,2025-12-20,Web,172.44,0,13.91,186.35
100448,48,2024-05-19,Web,100.09,0,8.07,108.16
100449,491,2025-06-29,Web,21.73,5,1.74,18.47
100450,551,2025-06-13,Mobile,60.29,5,5.57,60.86
100451,287,2024-02-26,Store,220.23,10,19.17,229.4
100452,10,2024-04-21,Web,110.96,0,5.76,116.72
100453,542,2024-01-05,Web,101.98,0,7.26,109.24
100454,756,2025-02-13,Mobile,54.13,0,3.68,57.81
100455,274,2025-02-17,Mobile,176.73,0,11.3,188.03
100456,956,2024-06-30,Web,90.76,0,6.38,97.14
100457,600,2024-01-13,Mobile,154.31,0,10.38,164.69
100458,756,2024-12-04,Web,49.34,0,3.43,52.77
100459,381,2024-09-15,Web,367.78,5,34.6,397.38
100460,329,2024-03-30,Mobile,247.81,0,13.38,261.19
100461,479,2025-09-07,Store,110.07,5,10.07,115.14
100462,15,2025-11-28,Web,128.53,0,9.2,137.73
100463,516,2024-09-06,Store,60.78,0,4.74,65.52
100464,191,2024-09-11,Web,163.09,0,14.25,177.34
100465,168,2025-08-10,Mobile,8.75,0,0.58,9.33
100466,521,2024-04-17,Web,290.51,0,20.15,310.66
100467,621,2025-10-29,Store,156.45,0,10.71,167.16
100468,137,2025-08-16,Store,40.89,15,2.73,28.62
100469,154,2025-08-11,Web,285.8,5,26.19,306.99
100470,388,2025-04-29,Store,347.16,0,30.31,377.47
100471,209,2024-09-14,Store,133.63,10,7.34,130.97
100472,272,2025-09-30,Mobile,50.09,5,2.75,47.84
100473,143,2024-10-08,Web,103.2,5,7.15,105.35
100474,611,2024-03-28,Store,147.71,10,8.04,145.75
100475,889,2024-07-22,Store,125.66,0,9.78,135.44
100476,820,2024-01-16,Web,40.89,0,2.31,43.2
100477,69,2024-05-30,Partner,145.81,0,10.72,156.53
100478,247,2024-09-10,Web,218.49,0,11.0,229.49
100479,261,2024-07-06,Web,32.24,0,2.07,34.31
100480,788,2024-11-24,Mobile,36.15,5,2.91,34.06
100481,79,2025-06-27,Mobile,58.66,15,4.21,47.87
100482,658,2025-01-31,Mobile,84.31,15,7.93,77.24
100483,623,2025-05-31,Web,179.87,10,16.07,185.94
100484,770,2025-04-03,Partner,216.86,10,14.35,221.21
100485,605,2024-11-25,Web,48.16,15,2.51,35.67
100486,525,2024-06-17,Web,116.27,0,10.24,126.51
100487,772,2025-11-23,Web,210.95,0,19.2,230.15
100488,938,2024-12-31,Mobile,381.47,0,33.16,414.63
100489,621,2024-06-26,Store,115.82,10,6.46,112.28
100490,330,2025-10-16,Mobile,120.59,0,11.44,132.03
100491,189,2024-12-27,Store,134.22,5,8.27,137.49
100492,95,2025-09-30,Web,77.35,0,6.39,83.74
100493,617,2024-02-09,Mobile,109.3,0,9.93,119.23
100494,8,2025-02-19,Web,11.95,5,0.72,7.67
100495,67,2024-12-20,Web,61.07,0,5.55,66.62
100496,496,2024-09-11,Web,144.19,0,9.22,153.41
100497,191,2024-05-22,Mobile,45.66,0,4.29,49.95
100498,366,2025-12-10,Mobile,182.8,0,11.45,194.25
100499,768,2025-07-30,Mobile,17.78,5,1.65,14.43
100500,521,2024-01-11,Web,177.94,0,9.33,187.27
100501,990,2025-09-11,Web,177.61,5,14.55,187.16
100502,117,2024-01-26,Mobile,385.92,0,28.54,414.46
100503,267,2025-02-24,Web,74.88,10,5.35,70.23
100504,611,2025-10-24,Store,100.15,0,6.01,106.16
100505,485,2024-08-08,Mobile,271.93,5,22.23,289.16
100506,509,2025-05-10,Web,249.1,5,14.59,258.69
100507,298,2024-08-24,Partner,201.65,0,15.1,216.75
100508,909,2024-08-24,Mobile,128.83,10,7.91,126.74
100509,164,2024-08-06,Web,267.04,5,24.84,286.88
100510,376,2025-05-01,Mobile,476.0,0,24.41,500.41
100511,653,2025-04-05,Web,153.85,0,9.08,162.93
100512,268,2025-10-24,Store,103.87,15,6.33,95.2
100513,549,2025-09-26,Store,167.05,10,11.47,168.52
100514,74,2024-05-23,Partner,114.61,0,6.93,121.54
100515,508,2024-07-07,Mobile,80.31,0,5.79,86.1
100516,73,2024-09-11,Web,183.33,10,16.36,189.69
100517,308,2024-03-08,Mobile,66.21,5,5.43,66.64
100518,199,2025-09-07,Web,151.63,10,11.54,153.17
100519,130,2024-12-01,Mobile,22.75,0,1.23,23.98
100520,758,2025-11-01,Mobile,299.12,5,24.3,318.42
100521,824,2025-02-12,Web,51.39,0,2.95,54.34
100522,572,2024-10-26,Web,28.09,0,2.4,30.49
100523,791,2025-08-24,Store,243.38,5,14.91,253.29
100524,615,2024-12-22,Store,274.32,20,18.86,273.18
100525,808,2024-09-12,Web,126.91,0,8.35,135.26
100526,832,2024-12-18,Web,92.81,0,8.23,101.04
100527,487,2025-06-04,Web,76.36,5,4.25,75.61
100528,853,2025-06-07,Store,121.9,0,9.2,131.1
100529,151,2025-11-24,Web,96.91,10,5.47,92.38
100530,669,2024-10-10,Mobile,87.92,10,7.18,85.1
100531,206,2024-11-07,Web,46.56,0,4.22,50.78
100532,986,2024-04-08,Mobile,35.01,20,2.44,17.45
100533,179,2024-07-15,Web,106.93,10,7.7,104.63
100534,197,2025-04-26,Mobile,119.16,10,10.93,120.09
100535,735,2024-08-13,Web,54.05,5,3.97,53.02
100536,89,2025-09-06,Mobile,61.03,10,4.39,55.42
100537,799,2025-09-09,Web,118.95,0,9.04,127.99
100538,434,2024-12-30,Mobile,45.44,0,3.68,49.12
100539,788,2025-01-02,Store,206.99,10,11.35,208.34
100540,748,2025-07-23,Web,147.35,0,12.81,160.16
100541,183,2025-08-12,Store,53.61,0,3.73,57.34
100542,209,2024-03-15,Mobile,142.04,10,7.56,139.6
100543,493,2024-02-11,Web,46.48,10,3.97,40.45
100544,130,2025-02-25,Web,178.18,0,11.93,190.11
100545,665,2024-06-29,Web,48.17,10,2.63,40.8
100546,13,2025-06-28,Mobile,91.39,5,7.18,93.57
100547,634,2024-03-11,Mobile,111.89,0,10.03,121.92
100548,871,2025-07-21,Web,271.55,10,24.43,285.98
100549,732,2024-04-14,Mobile,51.03,0,4.75,55.78
100550,106,2024-07-18,Store,49.17,0,4.38,53.55
100551,375,2024-04-10,Store,24.33,0,1.22,25.55
100552,582,2024-11-02,Mobile,325.81,0,21.87,347.68
100553,707,2025-08-08,Partner,102.72,0,8.92,111.64
100554,698,2025-11-13,Mobile,210.41,10,13.99,214.4
100555,99,2025-01-11,Web,61.96,10,4.78,56.74
100556,594,2025-10-16,Store,66.98,5,5.18,67.16
100557,587,2025-11-08,Web,96.48,10,6.41,92.89
100558,886,2025-02-02,Web,98.72,0,8.95,107.67
100559,852,2024-08-08,Web,162.82,0,11.83,174.65
100560,192,2025-08-17,Store,105.01,10,7.45,102.46
100561,325,2024-06-30,Store,73.88,0,7.01,80.89
100562,979,2024-11-02,Web,329.84,0,23.82,353.66
100563,726,2025-06-05,Web,45.98,5,2.67,43.65
100564,827,2025-01-30,Web,51.28,0,3.75,55.03
100565,956,2024-01-04,Mobile,46.58,10,4.04,40.62
100566,467,2024-10-07,Web,167.28,0,14.21,181.49
100567,894,2024-08-02,Mobile,138.92,0,11.88,150.8
100568,367,2025-09-01,Web,88.22,0,7.22,95.44
100569,318,2025-02-23,Web,44.41,5,2.73,42.14
100570,144,2024-04-10,Web,111.53,0,9.9,121.43
100571,384,2025-06-04,Web,183.84,0,16.58,200.42
100572,216,2025-07-26,Store,279.02,10,16.39,285.41
100573,361,2024-11-04,Web,59.7,15,3.34,48.04
100574,324,2025-10-19,Web,87.97,0,8.26,96.23
100575,15,2025-05-24,Web,137.95,0,12.29,150.24
100576,217,2024-03-03,Web,73.27,0,6.61,79.88
100577,492,2025-09-24,Web,28.63,15,2.57,16.2
100578,951,2024-08-13,Web,88.32,20,6.57,74.89
100579,547,2024-04-14,Mobile,32.5,0,2.57,35.07
100580,183,2025-02-28,Mobile,194.82,5,14.52,204.34
100581,270,2024-09-11,Web,78.16,0,4.09,82.25
100582,945,2025-03-04,Web,95.34,0,7.97,103.31
100583,467,2025-03-09,Partner,52.49,0,3.82,56.31
100584,870,2024-07-25,Web,98.23,0,7.77,106.0
100585,612,2024-01-28,Web,235.33,0,17.09,252.42
100586,519,2025-11-12,Web,209.53,0,15.11,224.64
100587,542,2024-12-01,Web,37.65,5,2.17,34.82
100588,467,2025-08-10,Mobile,2.69,0,0.17,2.86
100589,305,2025-09-19,Web,88.86,5,5.08,88.94
100590,985,2024-03-09,Mobile,78.59,0,4.62,83.21
100591,144,2025-05-27,Web,74.74,0,7.01,81.75
100592,111,2024-06-15,Web,63.03,0,3.59,66.62
100593,232,2025-12-30,Mobile,36.82,0,2.29,39.11
100594,691,2025-01-02,Web,403.31,0,30.88,434.19
100595,584,2024-09-07,Mobile,325.61,0,25.22,350.83
100596,722,2025-11-16,Web,72.14,0,4.11,76.25
100597,732,2024-06-18,Mobile,110.34,0,9.46,119.8
100598,592,2024-03-30,Web,197.21,5,16.83,209.04
100599,500,2025-07-14,Store,110.07,10,6.68,106.75
100600,595,2025-03-21,Web,67.44,0,4.25,71.69
100601,554,2024-10-20,Store,29.16,0,2.69,31.85
100602,273,2024-05-29,Web,100.95,0,8.8,109.75
100603,703,2024-05-11,Mobile,33.0,5,2.69,30.69
100604,173,2025-03-08,Web,224.63,0,12.06,236.69
100605,973,2024-02-28,Store,97.52,0,6.71,104.23
100606,7,2024-07-17,Web,146.0,0,10.97,156.97
100607,155,2024-08-02,Web,76.7,15,4.48,66.18
100608,522,2025-07-14,Web,178.98,0,12.56,191.54
100609,546,2025-04-16,Web,58.62,5,4.52,58.14
100610,548,2024-09-03,Web,124.29,0,8.05,132.34
100611,921,2025-01-16,Store,74.4,15,6.33,65.73
100612,518,2024-08-26,Partner,83.79,10,7.36,81.15
100613,920,2025-01-01,Web,195.45,0,12.62,208.07
100614,914,2024-06-16,Store,52.13,10,4.57,46.7
100615,215,2025-07-13,Mobile,130.6,0,7.14,137.74
100616,134,2024-02-20,Web,242.81,10,21.29,254.1
100617,285,2025-09-01,Mobile,190.59,10,10.84,191.43
100618,126,2025-12-28,Mobile,60.08,0,3.23,63.31
100619,921,2025-11-19,Partner,143.73,5,11.34,150.07
100620,439,2025-01-14,Web,17.8,0,1.27,19.07
100621,849,2025-04-18,Mobile,199.99,0,18.17,218.16
100622,686,2024-03-20,Web,475.09,0,31.52,506.61
100623,152,2025-11-27,Web,125.25,5,7.88,128.13
100624,331,2025-01-01,Web,250.9,0,18.2,269.1
100625,538,2025-04-05,Partner,27.8,0,1.96,29.76
100626,383,2025-06-22,Store,40.67,5,2.66,38.33
100627,115,2025-03-27,Mobile,76.47,0,6.21,82.68
100628,894,2025-04-08,Mobile,88.27,0,7.43,95.7
100629,482,2025-04-22,Web,125.83,0,11.12,136.95
100630,284,2025-02-23,Web,60.33,0,5.66,65.99
100631,899,2025-12-07,Web,111.21,0,6.89,118.1
100632,75,2024-08-01,Web,195.18,0,16.05,211.23
100633,166,2025-01-03,Mobile,143.35,20,9.71,133.06
100634,189,2024-04-23,Mobile,74.48,5,5.99,75.47
100635,78,2025-05-17,Web,169.17,0,12.08,181.25
100636,947,2025-09-27,Web,71.9,0,6.81,78.71
100637,602,2025-08-10,Web,106.69,0,8.83,115.52
100638,688,2024-11-06,Web,188.37,5,17.49,200.86
100639,21,2025-04-13,Store,86.45,0,7.57,94.02
100640,566,2025-12-08,Mobile,32.54,0,2.95,35.49
100641,184,2024-02-13,Store,104.46,10,9.05,103.51
100642,871,2025-02-18,Web,189.52,0,13.39,202.91
100643,222,2025-11-28,Web,201.51,0,12.36,213.87
100644,827,2024-09-02,Web,39.13,10,2.61,31.74
100645,328,2024-03-24,Store,164.48,5,8.37,167.85
100646,179,2024-07-25,Mobile,82.44,0,6.07,88.51
100647,788,2024-05-30,Web,262.08,5,19.06,276.14
100648,112,2025-10-29,Mobile,33.21,0,2.45,35.66
100649,736,2025-06-11,Web,162.33,5,15.23,172.56
100650,726,2024-06-13,Mobile,75.47,0,6.87,82.34
100651,59,2024-05-24,Store,61.14,10,3.5,54.64
100652,327,2024-02-06,Mobile,194.17,15,12.93,192.1
100653,905,2024-11-28,Mobile,215.25,15,14.87,215.12
100654,621,2025-02-06,Web,12.29,15,0.81,-1.9
100655,897,2025-02-17,Web,196.55,0,16.89,213.44
100656,669,2024-02-14,Web,94.79,0,6.97,101.76
100657,191,2025-02-05,Web,102.25,0,7.74,109.99
100658,200,2024-07-24,Mobile,31.43,5,2.78,29.21
100659,312,2024-03-02,Mobile,154.86,10,13.36,158.22
100660,708,2025-02-23,Web,409.78,0,22.93,432.71
100661,35,2025-04-12,Store,64.37,15,5.29,54.66
100662,379,2024-01-19,Web,229.19,10,15.95,235.14
100663,387,2024-12-30,Web,99.41,20,6.29,85.7
100664,758,2024-10-26,Web,66.55,10,3.48,60.03
100665,237,2024-01-07,Web,25.63,0,1.84,27.47
100666,616,2025-03-03,Web,251.23,0,16.58,267.81
100667,519,2024-04-26,Web,108.86,0,6.68,115.54
100668,283,2025-08-02,Web,69.44,0,5.64,75.08
100669,1,2025-05-21,Partner,79.27,5,6.71,80.98
100670,731,2025-06-29,Web,163.63,10,9.98,163.61
100671,464,2025-12-06,Web,69.35,10,3.62,62.97
100672,230,2024-11-20,Web,44.06,5,3.89,42.95
100673,967,2024-02-24,Mobile,91.45,0,4.61,96.06
100674,172,2024-02-11,Web,89.28,0,8.23,97.51
100675,87,2024-10-23,Store,87.75,0,6.87,94.62
100676,553,2024-08-18,Mobile,70.11,0,4.52,74.63
100677,123,2025-03-28,Mobile,234.53,0,14.33,248.86
100678,843,2025-01-28,Mobile,506.88,0,25.55,532.43
100679,298,2025-06-05,Web,39.22,0,2.38,41.6
100680,885,2024-12-23,Web,9.97,0,0.56,10.53
100681,929,2025-03-19,Web,82.86,5,6.43,84.29
100682,690,2024-05-07,Mobile,11.64,0,0.67,12.31
100683,575,2025-11-21,Web,23.02,0,1.7,24.72
100684,484,2025-02-08,Web,65.32,0,5.0,70.32
100685,165,2025-01-26,Partner,162.81,15,10.32,158.13
100686,699,2024-07-11,Web,82.11,0,4.24,86.35
100687,383,2025-08-26,Store,6.68,0,0.35,7.03
100688,209,2024-03-18,Mobile,81.25,5,4.16,80.41
100689,739,2024-03-25,Web,86.14,5,7.17,88.31
100690,432,2024-01-30,Web,87.28,15,5.61,77.89
100691,389,2025-12-25,Web,211.5,0,18.15,229.65
100692,560,2024-02-18,Mobile,187.94,0,13.05,200.99
100693,224,2024-05-24,Mobile,105.7,0,7.44,113.14
100694,3,2024-03-09,Mobile,359.09,5,26.24,380.33
100695,372,2024-02-27,Store,65.17,0,5.35,70.52
100696,687,2025-11-27,Mobile,90.52,0,5.64,96.16
100697,446,2025-07-27,Web,98.12,0,5.44,103.56
100698,611,2025-04-23,Web,25.34,0,1.9,27.24
100699,116,2025-03-20,Store,99.71,0,6.45,106.16
100700,270,2024-10-22,Web,20.48,5,1.43,16.91
100701,447,2025-11-08,Web,56.85,5,4.5,56.35
100702,368,2024-06-19,Mobile,109.33,0,7.9,117.23
100703,253,2025-07-28,Web,29.82,0,2.32,32.14
100704,317,2024-05-26,Store,127.81,5,9.52,132.33
100705,415,2025-04-28,Mobile,49.27,0,4.1,53.37
100706,95,2024-11-01,Web,74.26,0,6.07,80.33
100707,785,2025-11-03,Store,144.37,0,10.69,155.06
100708,892,2025-10-14,Web,93.76,5,7.55,96.31
100709,24,2025-08-31,Web,125.67,15,11.22,121.89
100710,628,2025-03-21,Web,138.05,5,9.59,142.64
100711,663,2024-08-08,Web,92.58,0,6.35,98.93
100712,850,2025-07-08,Web,130.98,0,11.05,142.03
100713,50,2025-01-12,Web,56.03,10,4.27,50.3
100714,502,2025-09-11,Web,143.1,0,7.61,150.71
100715,718,2024-09-22,Web,83.28,20,7.51,70.79
100716,498,2024-04-04,Mobile,238.64,15,12.26,235.9
100717,335,2024-09-18,Store,111.05,0,9.29,120.34
100718,79,2024-03-11,Web,63.13,15,5.31,53.44
100719,582,2024-08-06,Web,144.9,0,13.46,158.36
100720,27,2025-06-16,Web,245.65,10,12.88,248.53
100721,271,2024-04-01,Web,68.04,0,5.23,73.27
100722,562,2024-05-06,Mobile,58.78,0,4.07,62.85
100723,804,2024-03-20,Mobile,3.4,5,0.22,-1.38
100724,247,2024-08-25,Web,110.84,10,5.99,106.83
100725,776,2025-01-06,Web,76.8,0,5.78,82.58
100726,591,2025-04-30,Web,144.47,5,10.34,149.81
100727,387,2025-11-24,Mobile,146.71,0,8.03,154.74
100728,702,2024-01-25,Web,26.56,0,2.06,28.62
100729,559,2024-06-04,Partner,187.37,0,15.59,202.96
100730,973,2025-05-31,Mobile,51.63,0,4.36,55.99
100731,361,2025-09-23,Web,68.36,0,6.2,74.56
100732,866,2025-06-13,Mobile,128.35,0,8.78,137.13
100733,984,2025-12-10,Store,36.77,0,3.42,40.19
100734,488,2024-02-26,Mobile,59.3,0,5.27,64.57
100735,352,2025-08-27,Web,33.54,0,2.12,35.66
100736,701,2024-01-19,Web,198.69,15,11.36,195.05
100737,928,2025-01-18,Store,73.31,0,5.1,78.41
100738,256,2024-07-11,Mobile,30.38,15,2.07,17.45
100739,222,2024-08-24,Mobile,32.59,5,2.47,30.06
100740,884,2025-01-21,Store,176.68,5,13.47,185.15
100741,753,2025-03-01,Store,47.57,5,3.98,46.55
100742,781,2024-10-03,Store,67.06,10,4.89,61.95
100743,1,2024-08-14,Web,102.94,0,5.63,108.57
100744,546,2025-07-05,Mobile,77.55,0,6.87,84.42
100745,446,2024-11-18,Mobile,14.68,5,0.94,10.62
100746,79,2024-06-01,Mobile,155.7,5,14.59,165.29
100747,236,2025-09-30,Mobile,82.26,10,4.55,76.81
100748,334,2024-08-24,Web,124.61,0,11.6,136.21
100749,889,2024-02-24,Mobile,163.88,5,8.87,167.75
100750,349,2025-03-11,Mobile,10.82,0,0.65,11.47
100751,98,2025-11-14,Web,164.95,0,8.59,173.54
100752,82,2024-04-18,Web,445.22,0,36.39,481.61
100753,502,2024-07-02,Web,134.51,5,11.87,141.38
100754,967,2025-01-02,Web,241.19,10,16.77,247.96
100755,477,2024-07-16,Web,194.07,0,17.81,211.88
100756,927,2025-01-05,Web,160.71,10,12.3,163.01
100757,704,2025-01-07,Mobile,198.85,0,15.58,214.43
100758,765,2025-05-11,Mobile,222.33,0,19.57,241.9
100759,921,2025-08-21,Mobile,228.37,0,14.47,242.84
100760,550,2024-07-19,Store,32.5,0,2.14,34.64
100761,14,2025-05-23,Web,207.31,0,18.82,226.13
100762,392,2024-11-17,Web,81.31,0,7.36,88.67
100763,347,2024-10-01,Store,233.96,5,21.98,250.94
100764,310,2024-07-29,Web,143.1,5,12.96,151.06
100765,386,2025-05-18,Partner,32.02,0,1.78,33.8
100766,209,2024-04-27,Store,255.92,0,22.28,278.2
100767,357,2025-12-03,Mobile,51.85,0,3.55,55.4
100768,974,2025-07-07,Partner,78.12,0,7.39,85.51
100769,601,2024-02-11,Web,296.71,0,21.14,317.85
100770,568,2024-11-10,Web,111.6,0,8.36,119.96
100771,94,2024-11-24,Mobile,75.38,15,5.57,65.95
100772,93,2024-01-17,Web,94.31,10,6.08,90.39
100773,340,2024-10-09,Store,74.08,0,3.95,78.03
100774,597,2024-09-14,Web,176.44,0,15.93,192.37
100775,445,2025-07-28,Mobile,75.95,0,6.54,82.49
100776,757,2025-07-27,Mobile,96.83,10,5.45,92.28
100777,22,2025-09-03,Mobile,151.88,0,12.9,164.78
100778,291,2024-01-19,Web,140.04,0,10.95,150.99
100779,485,2025-06-12,Web,55.74,5,3.81,54.55
100780,784,2025-02-26,Store,177.95,0,10.93,188.88
100781,306,2025-04-10,Web,65.08,0,5.77,70.85
100782,634,2025-01-07,Store,39.84,0,3.25,43.09
100783,128,2024-03-21,Mobile,16.45,0,1.23,17.68
100784,625,2025-07-04,Mobile,86.87,0,6.73,93.6
100785,939,2025-07-01,Mobile,20.77,0,1.12,21.89
100786,273,2025-02-27,Web,49.08,0,3.5,52.58
100787,848,2025-03-04,Mobile,98.75,0,5.8,104.55
100788,442,2025-01-22,Store,219.04,10,13.01,222.05
100789,503,2025-12-09,Web,79.81,0,6.37,86.18
100790,130,2025-10-31,Partner,25.94,0,2.36,28.3
100791,132,2024-07-22,Web,91.86,5,6.26,93.12
100792,597,2024-07-14,Web,213.25,10,12.66,215.91
100793,935,2025-12-28,Web,78.33,10,6.2,74.53
100794,482,2024-10-11,Partner,244.71,0,21.83,266.54
100795,862,2024-07-14,Web,98.32,0,8.23,106.55
100796,390,2024-11-02,Store,165.39,5,14.74,175.13
100797,593,2025-10-25,Store,117.89,5,8.74,121.63
100798,999,2024-01-14,Web,236.74,0,19.85,256.59
100799,985,2024-05-25,Web,374.79,15,21.1,380.89
100800,325,2024-02-26,Mobile,67.85,0,4.46,72.31
100801,69,2025-12-23,Web,112.81,20,7.62,100.43
100802,660,2024-07-28,Mobile,218.93,10,15.98,224.91
100803,448,2025-06-12,Web,120.97,5,11.11,127.08
100804,528,2024-12-09,Web,15.49,15,1.38,1.87
100805,819,2025-12-15,Mobile,79.32,5,4.45,78.77
100806,617,2025-09-02,Web,120.21,0,6.95,127.16
100807,165,2024-10-05,Web,281.29,0,18.59,299.88
100808,488,2024-07-27,Web,108.24,0,6.83,115.07
100809,713,2025-10-02,Web,46.15,0,3.58,49.73
100810,709,2024-11-30,Mobile,122.33,5,11.09,128.42
100811,426,2024-10-14,Store,262.52,0,24.49,287.01
100812,697,2024-09-08,Web,59.13,0,4.7,63.83
100813,834,2024-09-21,Mobile,65.8,5,5.77,66.57
100814,265,2024-09-27,Mobile,59.92,10,4.41,54.33
100815,875,2025-11-30,Web,29.68,0,1.76,31.44
100816,612,2025-02-22,Web,104.6,0,7.7,112.3
100817,342,2025-12-26,Store,95.45,0,7.16,102.61
100818,832,2024-07-29,Mobile,17.62,5,1.47,14.09
100819,726,2024-12-30,Mobile,49.48,0,2.96,52.44
100820,278,2024-03-16,Mobile,115.26,5,7.67,117.93
100821,674,2025-10-21,Web,162.65,0,10.8,173.45
100822,439,2024-11-16,Mobile,194.62,0,18.13,212.75
100823,157,2025-12-25,Mobile,172.01,15,12.04,169.05
100824,422,2025-03-08,Mobile,99.87,0,8.39,108.26
100825,251,2024-04-18,Web,24.83,0,2.08,26.91
100826,878,2025-10-02,Web,83.55,0,5.18,88.73
100827,609,2025-06-05,Web,5.75,0,0.44,6.19
100828,530,2024-02-16,Partner,115.68,0,10.44,126.12
100829,327,2025-01-13,Web,57.39,0,4.1,61.49
100830,961,2024-04-05,Web,10.44,0,0.97,11.41
100831,895,2024-04-12,Web,131.81,0,7.86,139.67
100832,97,2024-05-25,Web,260.41,5,13.89,269.3
100833,513,2024-01-27,Mobile,21.08,10,1.9,12.98
100834,216,2025-06-13,Mobile,139.76,0,12.32,152.08
100835,132,2025-11-09,Mobile,72.52,5,6.87,74.39
100836,260,2024-03-22,Web,51.81,0,4.17,55.98
100837,125,2025-03-03,Mobile,51.91,0,4.78,56.69
100838,82,2025-08-06,Web,72.5,0,6.32,78.82
100839,283,2025-04-23,Web,72.29,0,6.36,78.65
100840,683,2024-06-10,Web,96.82,0,7.32,104.14
100841,59,2025-02-05,Web,47.39,0,3.18,50.57
100842,544,2025-05-22,Web,56.59,5,5.21,56.8
100843,161,2024-02-07,Mobile,149.23,15,10.36,144.59
100844,284,2025-05-25,Mobile,43.58,0,3.24,46.82
100845,106,2025-01-27,Store,121.28,5,8.5,124.78
100846,105,2025-12-13,Web,75.62,10,5.7,71.32
100847,439,2025-05-08,Web,63.44,5,4.52,62.96
100848,228,2024-07-18,Web,317.06,0,16.54,333.6
100849,700,2024-09-11,Partner,30.38,0,2.72,33.1
100850,582,2024-06-27,Mobile,272.43,0,19.07,291.5
100851,318,2025-06-30,Mobile,179.41,0,13.73,193.14
100852,464,2025-08-16,Web,58.69,5,3.3,56.99
100853,802,2025-01-23,Mobile,182.99,0,9.18,192.17
100854,599,2025-02-01,Web,2.72,0,0.17,2.89
100855,882,2024-06-06,Mobile,53.96,5,4.41,53.37
100856,874,2024-01-04,Store,44.14,10,2.4,36.54
100857,472,2024-06-15,Partner,132.95,0,12.09,145.04
100858,56,2025-04-12,Mobile,164.9,5,9.84,169.74
100859,625,2025-02-12,Web,131.39,0,7.78,139.17
100860,13,2025-02-15,Store,109.94,0,6.39,116.33
100861,440,2024-07-22,Mobile,191.44,0,9.69,201.13
100862,18,2024-07-12,Web,173.06,5,14.66,182.72
100863,694,2024-08-22,Web,57.47,15,5.14,47.61
100864,973,2025-12-18,Web,63.17,0,4.9,68.07
100865,113,2024-05-29,Web,166.26,0,9.72,175.98
100866,229,2024-06-07,Web,96.09,0,6.04,102.13
100867,171,2024-10-05,Mobile,101.25,0,7.23,108.48
100868,295,2025-02-07,Web,111.52,0,10.37,121.89
100869,189,2025-11-08,Web,16.34,0,1.0,17.34
100870,426,2024-11-06,Mobile,55.24,10,4.58,49.82
100871,977,2024-03-08,Store,141.31,5,9.86,146.17
100872,79,2025-04-07,Mobile,54.84,0,3.48,58.32
100873,658,2024-03-28,Web,82.69,0,5.83,88.52
100874,919,2024-08-04,Store,140.66,0,7.48,148.14
100875,182,2024-01-01,Store,198.82,0,17.09,215.91
100876,499,2024-05-14,Web,215.21,10,13.12,218.33
100877,798,2025-11-27,Web,223.54,15,18.47,227.01
100878,762,2024-12-16,Mobile,89.05,0,4.73,93.78
100879,866,2024-05-19,Store,81.9,0,7.62,89.52
100880,826,2025-09-09,Partner,34.26,10,2.01,26.27
100881,708,2024-05-12,Store,261.41,0,23.45,284.86
100882,835,2025-09-11,Mobile,79.15,5,6.84,80.99
100883,71,2024-06-26,Mobile,257.33,0,24.07,281.4
100884,248,2024-12-23,Web,123.72,5,8.85,127.57
100885,146,2025-01-14,Web,205.18,0,16.98,222.16
100886,618,2025-10-19,Web,93.85,10,6.26,90.11
100887,775,2025-03-25,Mobile,150.79,10,8.79,149.58
100888,296,2025-08-08,Mobile,209.96,0,14.68,224.64
100889,582,2025-04-07,Mobile,66.11,5,3.8,64.91
100890,470,2024-04-17,Web,224.35,10,21.13,235.48
100891,506,2024-05-01,Mobile,38.94,0,2.12,41.06
100892,193,2024-01-17,Web,311.6,0,23.84,335.44
100893,68,2024-07-14,Web,111.85,0,8.75,120.6
100894,494,2024-11-22,Mobile,56.01,0,4.16,60.17
100895,817,2024-11-13,Mobile,176.97,0,14.12,191.09
100896,52,2025-04-23,Partner,127.98,5,7.07,130.05
100897,882,2024-09-08,Web,17.4,0,1.3,18.7
100898,363,2025-05-17,Web,72.54,10,4.56,67.1
100899,797,2024-04-28,Web,40.76,0,3.76,44.52
100900,917,2025-11-04,Web,44.23,0,3.73,47.96
100901,474,2025-12-10,Store,42.78,0,4.01,46.79
100902,846,2025-05-12,Mobile,145.75,0,7.53,153.28
100903,521,2025-04-30,Store,186.49,0,11.72,198.21
100904,763,2024-02-14,Web,51.61,0,3.03,54.64
100905,431,2024-11-09,Store,12.4,0,0.63,13.03
100906,844,2024-06-27,Web,360.25,5,21.94,377.19
100907,298,2025-02-21,Store,112.75,10,9.08,111.83
100908,435,2025-07-09,Web,177.88,0,10.74,188.62
100909,696,2024-03-18,Web,85.61,5,6.24,86.85
100910,691,2024-11-21,Mobile,9.21,5,0.83,5.04
100911,198,2025-11-20,Store,135.58,0,11.01,146.59
100912,128,2024-12-22,Web,290.08,15,19.66,294.74
100913,532,2025-02-19,Web,58.75,10,3.92,52.67
100914,984,2025-05-29,Store,7.81,0,0.55,8.36
100915,411,2024-08-01,Web,34.06,0,1.97,36.03
100916,934,2024-03-14,Web,183.91,0,14.44,198.35
100917,840,2025-07-16,Web,127.26,0,8.45,135.71
100918,65,2025-08-01,Web,224.98,5,19.88,239.86
100919,694,2025-05-23,Store,100.68,0,8.46,109.14
100920,241,2024-11-27,Mobile,162.94,10,12.62,165.56
100921,369,2024-04-02,Mobile,70.79,5,4.7,70.49
100922,536,2025-11-18,Partner,36.75,5,2.18,33.93
100923,384,2025-10-18,Web,163.26,5,13.87,172.13
100924,431,2025-06-02,Web,186.0,0,13.37,199.37
100925,967,2024-09-25,Web,59.95,0,3.6,63.55
100926,83,2025-01-10,Web,272.88,5,16.04,283.92
100927,982,2024-01-04,Web,277.94,0,15.97,293.91
100928,831,2024-05-17,Store,43.03,0,3.66,46.69
100929,697,2024-08-18,Mobile,44.92,10,2.71,37.63
100930,951,2025-08-22,Web,46.9,5,3.46,45.36
100931,828,2025-06-12,Mobile,90.52,0,6.37,96.89
100932,611,2024-02-21,Mobile,73.63,5,5.6,74.23
100933,574,2025-10-07,Store,29.16,10,2.61,21.77
100934,286,2025-12-23,Store,48.15,0,4.29,52.44
100935,989,2024-11-20,Mobile,9.48,0,0.67,10.15
100936,534,2025-12-31,Mobile,11.96,15,0.61,-2.43
100937,459,2025-12-17,Mobile,23.55,0,1.63,25.18
100938,212,2025-12-23,Mobile,347.27,0,26.84,374.11
100939,126,2024-10-03,Web,319.93,0,24.03,343.96
100940,413,2025-06-19,Web,169.99,10,13.48,173.47
100941,499,2025-04-30,Mobile,60.49,0,3.44,63.93
100942,425,2025-05-30,Web,23.13,0,1.83,24.96
100943,554,2024-05-31,Web,99.05,0,5.77,104.82
100944,610,2025-04-27,Mobile,138.32,20,11.59,129.91
100945,961,2024-09-15,Web,52.39,0,3.42,55.81
100946,543,2024-11-19,Mobile,132.98,5,10.9,138.88
100947,158,2024-06-16,Mobile,33.74,15,1.76,20.5
100948,112,2025-11-18,Partner,61.57,0,4.21,65.78
100949,402,2024-11-05,Web,81.32,20,6.65,67.97
100950,759,2025-04-23,Web,326.23,15,19.64,330.87
100951,122,2024-02-25,Mobile,47.51,10,4.08,41.59
100952,273,2025-09-11,Store,137.83,0,10.8,148.63
100953,294,2025-04-17,Partner,41.09,5,3.14,39.23
100954,398,2024-10-22,Web,35.9,10,2.37,28.27
100955,471,2025-04-05,Web,52.18,20,3.74,35.92
100956,985,2024-11-19,Store,101.74,0,7.82,109.56
100957,207,2024-05-20,Web,296.9,10,21.16,308.06
100958,110,2025-10-28,Mobile,59.35,0,4.83,64.18
100959,440,2024-09-18,Web,186.99,0,13.0,199.99
100960,278,2025-02-23,Web,336.95,0,19.91,356.86
100961,963,2024-08-28,Web,121.24,10,7.23,118.47
100962,568,2024-12-20,Web,211.03,0,10.61,221.64
100963,887,2025-08-11,Mobile,49.66,0,3.16,52.82
100964,915,2024-06-28,Store,135.15,20,11.31,126.46
100965,569,2024-03-06,Web,161.03,0,13.81,174.84
100966,940,2024-12-13,Store,27.73,5,1.64,24.37
100967,482,2024-06-19,Web,45.29,0,4.22,49.51
100968,803,2025-04-18,Mobile,78.46,0,5.7,84.16
100969,114,2025-06-17,Web,53.5,5,4.88,53.38
100970,893,2025-01-01,Store,86.06,15,7.04,78.1
100971,897,2024-04-16,Mobile,23.7,0,1.96,25.66
100972,820,2025-03-14,Mobile,315.19,10,16.97,322.16
100973,853,2024-08-14,Store,200.51,0,12.01,212.52
100974,477,2025-03-19,Mobile,698.1,0,35.18,733.28
100975,710,2025-03-17,Partner,31.26,0,2.57,33.83
100976,933,2025-01-30,Mobile,139.05,0,9.11,148.16
100977,321,2025-12-28,Store,53.94,0,4.61,58.55
100978,179,2025-08-03,Mobile,35.69,0,2.33,38.02
100979,897,2024-03-24,Web,192.73,0,16.74,209.47
100980,219,2025-09-06,Mobile,104.32,0,5.83,110.15
100981,789,2025-07-04,Web,74.17,0,4.29,78.46
100982,949,2024-01-13,Mobile,123.97,5,8.1,127.07
100983,528,2025-11-23,Web,47.1,15,3.22,35.32
100984,492,2025-05-07,Mobile,45.66,5,3.0,43.66
100985,891,2024-09-24,Web,55.69,0,4.7,60.39
100986,61,2025-06-08,Web,219.89,15,11.95,216.84
100987,54,2024-04-29,Web,207.74,10,13.67,211.41
100988,680,2024-12-18,Partner,29.8,0,2.61,32.41
100989,538,2024-02-26,Web,306.18,0,16.23,322.41
100990,848,2024-02-09,Web,97.58,5,9.02,101.6
100991,988,2024-12-01,Mobile,137.37,5,12.97,145.34
100992,65,2025-10-01,Mobile,54.1,10,2.92,47.02
100993,612,2024-06-21,Web,101.64,5,6.41,103.05
100994,586,2025-06-30,Web,35.48,5,2.37,32.85
100995,704,2024-09-15,Web,50.82,20,4.32,35.14
100996,171,2025-05-31,Partner,181.71,0,13.96,195.67
100997,273,2025-12-30,Web,184.7,0,14.59,199.29
100998,889,2025-06-06,Web,142.04,10,11.94,143.98
100999,699,2024-04-26,Web,70.28,0,3.89,74.17
