sku,product_name,category,brand,unit_price,active
SKU-XAJI0Y6DPB,NoiseBuds-B,Wearables,Contoso,1942.82,False
SKU-HSAHXTHV3A,ChargeCable-C,Audio,Umbrella,720.72,True
SKU-3ZMF8MDD4V,NoiseBuds-A,Phones,Initech,813.11,True
SKU-30T9NT3W5U,AirSpeaker-B,Tablets,Initech,1810.72,True
SKU-ZBIKCIDKWN,TabPro-C,Accessories,Umbrella,323.33,True
SKU-NHJ7XVG0FN,PowerBrick-A,Laptops,Umbrella,62.02,True
SKU-9XUY41IBLJ,TabPro-D,Phones,Acme,1817.32,True
SKU-H75LXO6QJI,AirSpeaker-E,Wearables,Acme,1643.25,True
SKU-UJV6OH9SDB,ChargeCable-C,Audio,Globex,1944.33,False
SKU-DW2PCN9T84,ChargeCable-A,Wearables,Globex,121.13,True
SKU-AZYTJXEPQ8,PowerBrick-B,Audio,Globex,316.42,True
SKU-5JSG65KXVF,PowerBrick-A,Audio,Contoso,214.99,True
SKU-1T2TALA753,FitBand-B,Phones,Initech,1367.73,True
SKU-LC58DRC11E,ZenBook-E,Laptops,Contoso,1213.38,True
SKU-RTJ5PHT0HL,ZenBook-E,Accessories,Umbrella,721.51,True
SKU-9XPSEIMVIH,FitBand-A,Laptops,Acme,119.5,True
SKU-CWI64CIYHE,ZenBook-A,Tablets,Umbrella,1280.49,True
SKU-7UR23GDPPQ,TabPro-B,Laptops,Umbrella,1141.82,True
SKU-0Y9DOM5IGQ,FitBand-B,Audio,Acme,230.13,True
SKU-PKI7P5TB94,FitBand-C,Audio,Umbrella,1817.37,True
SKU-874FRHOCN9,ZenBook-C,Tablets,Globex,401.71,True
SKU-J2QP89UZFK,AlphaPhone-C,Wearables,Acme,1487.56,True
SKU-8UT0CVS4F8,PowerBrick-A,Audio,Umbrella,1769.84,True
SKU-CGVYIE6IVW,ZenBook-C,Tablets,Globex,1160.47,True
SKU-PVS7HZIOYK,NoiseBuds-A,Audio,Globex,497.22,False
SKU-L1CQ99CHJ7,AlphaPhone-E,Accessories,Initech,621.64,True
SKU-55NF4ZW9XA,FitBand-D,Audio,Globex,1771.18,True
SKU-3KX7EEDTJV,AlphaPhone-E,Phones,Contoso,599.72,True
SKU-ZHWJR64DPJ,TabPro-A,Tablets,Acme,1492.9,True
SKU-A1WJ0TPAC5,ChargeCable-A,Laptops,Acme,1979.39,True
SKU-6T4UFEL624,AlphaPhone-D,Tablets,Acme,1998.63,True
SKU-6HID25OWF7,NoiseBuds-B,Wearables,Umbrella,1068.76,True
SKU-5935A0L725,ChargeCable-B,Audio,Umbrella,1653.15,True
SKU-3J2D54I3QK,TabPro-B,Tablets,Contoso,1979.56,False
SKU-2IAGL58KXO,NoiseBuds-C,Accessories,Globex,752.1,True
SKU-9T7E8G8JDP,AirSpeaker-B,Tablets,Umbrella,508.3,True
SKU-0LVSNUJZA7,ChargeCable-C,Accessories,Globex,232.78,True
SKU-TZ0YNCXLL4,AirSpeaker-C,Audio,Globex,285.95,True
SKU-ZKLOOKEP7Y,TabPro-B,Laptops,Umbrella,1706.99,True
SKU-6WKTAKPUXQ,ChargeCable-B,Audio,Umbrella,1178.91,True
SKU-PHR62GDSWM,ChargeCable-D,Wearables,Contoso,1747.18,True
SKU-31YIHAIR4C,ZenBook-D,Phones,Initech,1579.17,True
SKU-OWGZRIXA11,NoiseBuds-C,Laptops,Acme,1348.45,True
SKU-DPG8SBI4Q2,PowerBrick-D,Laptops,Umbrella,1219.97,True
SKU-Y9V86WZS3T,NoiseBuds-C,Phones,Umbrella,101.39,True
SKU-60RJIW1SWJ,AlphaPhone-A,Tablets,Globex,1744.32,True
SKU-CKJLTEIYZC,AirSpeaker-C,Audio,Initech,838.18,True
SKU-OTOHP6VZ41,AirSpeaker-C,Tablets,Umbrella,1121.21,True
SKU-NAM148P0TV,NoiseBuds-D,Tablets,Initech,48.78,True
SKU-HHPBMYOFQE,NoiseBuds-A,Audio,Acme,1871.53,True
SKU-WAOUAXEQBN,ChargeCable-E,Wearables,Globex,1805.06,True
SKU-HL1N13JCAT,AirSpeaker-E,Laptops,Contoso,1088.3,True
SKU-9MX2X18HAF,FitBand-E,Accessories,Acme,1156.16,True
SKU-EYUHZ1GV0E,PowerBrick-A,Phones,Initech,1410.8,True
SKU-38DALY8OZC,ZenBook-B,Laptops,Initech,532.8,True
SKU-YWD14VE92M,PowerBrick-A,Tablets,Acme,447.5,True
SKU-PNSM43D8W3,AlphaPhone-D,Phones,Initech,1349.0,True
SKU-ZP08J3TRP0,PowerBrick-C,Accessories,Contoso,213.22,True
SKU-J43D5IQVNB,ZenBook-C,Laptops,Contoso,910.4,True
SKU-4GH2M5ZJA8,AlphaPhone-D,Laptops,Initech,987.56,True
SKU-DZR1YXR2DH,TabPro-D,Wearables,Initech,765.39,True
SKU-YLURTP0LZJ,ChargeCable-C,Laptops,Contoso,374.42,False
SKU-JEGET1GHR0,NoiseBuds-B,Laptops,Initech,713.5,True
SKU-9SKDGIGATJ,NoiseBuds-B,Accessories,Umbrella,678.09,True
SKU-9TZE5R5UQP,FitBand-B,Accessories,Globex,1000.54,True
SKU-GB7R3OCWBF,PowerBrick-D,Phones,Umbrella,1350.31,True
SKU-UK9E1V2ISQ,AirSpeaker-C,Tablets,Initech,1935.66,True
SKU-P49KWV08HH,AirSpeaker-C,Accessories,Initech,292.46,False
SKU-XFGCAQVKIZ,ZenBook-C,Phones,Globex,1745.8,True
SKU-ZQY72WX7PT,ZenBook-A,Laptops,Initech,571.65,True
SKU-X63CFL0UKE,ZenBook-A,Phones,Globex,1184.2,True
SKU-YZ7SRCBPLJ,AirSpeaker-E,Phones,Contoso,1095.19,True
SKU-D84U89YJB1,NoiseBuds-A,Phones,Globex,1115.56,True
SKU-QX6GVWRDML,AirSpeaker-B,Audio,Globex,1447.38,True
SKU-Y4LYK83TQL,ZenBook-B,Phones,Umbrella,766.09,True
SKU-L8OS9XTOGN,ChargeCable-B,Accessories,Initech,641.29,True
SKU-1W1HT7PZE9,AlphaPhone-B,Audio,Contoso,1705.55,True
SKU-VIFTTD96QE,NoiseBuds-E,Tablets,Acme,443.87,True
SKU-3RZSJ49ITN,ChargeCable-B,Phones,Globex,364.41,False
SKU-7S55J2O7S3,TabPro-D,Wearables,Acme,36.12,True
SKU-KKV9RFTMTT,PowerBrick-D,Laptops,Initech,424.89,True
SKU-QLGZUI1B0Z,ChargeCable-D,Laptops,Globex,1038.95,True
SKU-3NX39RBSV5,PowerBrick-A,Audio,Acme,1078.79,True
SKU-5PSQ0OXFQ8,ChargeCable-C,Laptops,Umbrella,512.31,True
SKU-MYX444NLZ1,TabPro-E,Laptops,Acme,149.11,True
SKU-5BCW790PDW,ChargeCable-D,Audio,Umbrella,1489.81,True
SKU-5PY6B2KNFT,AlphaPhone-D,Laptops,Contoso,1516.4,True
SKU-U2GC5WI6FQ,NoiseBuds-B,Phones,Initech,1994.69,True
SKU-JJA26YFPMV,PowerBrick-D,Tablets,Acme,1799.66,True
SKU-XPJ4HNRIUU,FitBand-B,Audio,Globex,1851.57,True
SKU-9K9XJUY0BV,AirSpeaker-B,Wearables,Initech,1596.62,True
SKU-R6K2VMWWYZ,TabPro-C,Audio,Acme,1232.31,True
SKU-X4W6XLPU0D,PowerBrick-A,Accessories,Globex,261.32,True
SKU-K0GET8T63J,NoiseBuds-B,Wearables,Globex,1245.89,True
SKU-3R30ME8F84,ZenBook-B,Accessories,Globex,116.58,True
SKU-0982N2ATQY,PowerBrick-C,Audio,Globex,1770.29,True
SKU-YV37DIA5U6,AlphaPhone-B,Accessories,Acme,965.75,True
SKU-HC36KOF8KR,FitBand-E,Wearables,Contoso,1395.76,True
SKU-D5EQY08P0F,AlphaPhone-A,Phones,Umbrella,109.17,True
SKU-ODRO8BNP84,PowerBrick-E,Audio,Umbrella,1070.29,True
SKU-DYT9MOGE4Q,AlphaPhone-D,Audio,Umbrella,605.72,True
SKU-XXVA2IEUC1,ZenBook-A,Laptops,Contoso,573.23,False
SKU-HH5LF6A4FE,FitBand-D,Audio,Globex,781.97,True
SKU-JGXAA2ILGB,AirSpeaker-B,Audio,Globex,6.28,True
SKU-0S0R2SDS8B,AlphaPhone-C,Phones,Initech,935.52,True
SKU-25SQ8CROYR,ZenBook-E,Laptops,Umbrella,975.21,True
SKU-6CCVCJWTL9,TabPro-D,Tablets,Umbrella,1726.08,False
SKU-TQVDZ4X1ZH,ZenBook-B,Accessories,Globex,899.36,True
SKU-QIMQODPXNF,ChargeCable-E,Wearables,Umbrella,729.93,True
SKU-7C3DD03UVU,PowerBrick-E,Tablets,Globex,1988.53,True
SKU-LEMX15Z8VM,NoiseBuds-D,Laptops,Globex,1144.0,True
SKU-UHXID4N1U3,PowerBrick-B,Phones,Globex,947.39,True
SKU-493WXA73JG,PowerBrick-C,Wearables,Acme,993.9,True
SKU-ZLMA5UOFWB,ZenBook-D,Accessories,Acme,1618.51,True
SKU-0HPMNZ1UDB,ZenBook-E,Audio,Acme,684.31,True
SKU-FWYJXRPJ1E,ZenBook-E,Audio,Acme,780.99,False
SKU-PKYRYBOVAK,PowerBrick-A,Tablets,Contoso,1512.21,True
SKU-HEJLA0GNZS,AirSpeaker-B,Accessories,Initech,150.53,True
SKU-43C5BA75UU,AlphaPhone-A,Laptops,Initech,1730.15,True
SKU-ZPEAL2W37D,AirSpeaker-C,Accessories,Globex,862.82,True
SKU-4IVSOLMLGS,FitBand-D,Phones,Umbrella,1164.1,True
SKU-ES6M033IFH,ZenBook-E,Tablets,Acme,1515.41,True
SKU-V1XG1R11Q7,ZenBook-B,Tablets,Initech,535.51,True
SKU-UWW5WFCPKJ,ChargeCable-E,Phones,Initech,1780.29,True
SKU-CSLQC3C54W,ChargeCable-A,Accessories,Acme,1957.57,True
SKU-SQT26Q3XLR,TabPro-A,Phones,Contoso,990.58,True
SKU-FCD6MZSGIP,TabPro-D,Wearables,Contoso,1873.25,False
SKU-PSFNKOMV2X,ChargeCable-B,Phones,Initech,7.25,True
SKU-CDYK0X65MU,FitBand-B,Accessories,Contoso,1788.11,True
SKU-FM8ZOV7LN2,TabPro-D,Phones,Acme,625.22,True
SKU-3Y30YSXPNN,NoiseBuds-A,Laptops,Initech,626.12,True
SKU-GH8RIEC4D1,NoiseBuds-A,Audio,Acme,459.81,False
SKU-45BM1ENF31,FitBand-A,Phones,Contoso,637.13,True
SKU-3FPOYIPK0Q,ChargeCable-E,Audio,Acme,430.69,True
SKU-TL3Q4N89QK,TabPro-C,Phones,Contoso,1811.3,False
SKU-NS832EJX5T,ZenBook-A,Accessories,Contoso,1797.65,True
SKU-D44K1J6FP8,ChargeCable-C,Wearables,Acme,208.81,True
SKU-HQMABSI9NB,TabPro-C,Wearables,Contoso,289.86,False
SKU-74X2EK3ZEZ,FitBand-B,Audio,Globex,1723.87,True
SKU-QACJ4T0SEK,NoiseBuds-D,Accessories,Acme,800.48,True
SKU-KBP2QD6VAS,PowerBrick-E,Accessories,Globex,342.53,True
SKU-IFPWIOXD9C,FitBand-C,Accessories,Acme,1023.27,True
SKU-SS9TOQW9JA,PowerBrick-E,Laptops,Contoso,835.84,True
SKU-2M0W10LBT3,TabPro-B,Tablets,Contoso,442.01,True
SKU-G2QZW3C1QK,FitBand-A,Phones,Initech,1442.18,True
SKU-BHB7S9TJ1G,TabPro-C,Accessories,Initech,1263.79,True
SKU-M25LEN606N,TabPro-D,Accessories,Globex,203.73,True
SKU-9RR7S20CV3,PowerBrick-B,Accessories,Contoso,1850.22,True
SKU-TLCXLVPYMB,FitBand-E,Wearables,Initech,1118.59,False
SKU-5M9J98CWN2,AlphaPhone-A,Accessories,Contoso,503.91,True
SKU-Y8FV2BC2NN,ZenBook-E,Phones,Acme,416.35,True
SKU-UVY8N1UTOX,ChargeCable-D,Accessories,Initech,276.08,True
SKU-IE0RNUJJQ9,NoiseBuds-C,Phones,Globex,851.73,True
SKU-K6RE4Q6QDY,ZenBook-D,Laptops,Initech,275.27,True
SKU-4LMCT64Z7W,ChargeCable-E,Tablets,Contoso,834.14,True
SKU-2SEHE2ATN2,ChargeCable-E,Wearables,Umbrella,301.65,True
SKU-TWDL9ZS13C,NoiseBuds-D,Phones,Umbrella,1314.67,True
SKU-9XQYM52XG8,ZenBook-D,Audio,Contoso,1570.77,True
SKU-P6BEFFLZM7,NoiseBuds-D,Laptops,Acme,1100.75,True
SKU-64JWTEKTSG,TabPro-A,Tablets,Initech,1361.03,False
SKU-7FXZV4U3BB,NoiseBuds-E,Tablets,Umbrella,1876.13,True
SKU-XUX1OXRWK8,PowerBrick-B,Tablets,Acme,1277.91,True
SKU-R2YKCCPRHV,PowerBrick-A,Phones,Contoso,731.13,False
SKU-LZ049ENULQ,FitBand-A,Laptops,Acme,901.26,True
SKU-JIDKNWI5FL,AlphaPhone-A,Accessories,Contoso,1720.89,False
SKU-UL1RSRLA8S,AlphaPhone-B,Audio,Initech,265.66,True
SKU-8HMBR5XQT4,AlphaPhone-D,Laptops,Acme,654.52,True
SKU-P501NOUHTC,ZenBook-E,Laptops,Initech,1156.1,True
SKU-S1K9YE9O2M,PowerBrick-C,Laptops,Acme,1353.72,True
SKU-71HSSBELRQ,ZenBook-C,Phones,Contoso,1527.42,True
SKU-VSLWF90KM3,TabPro-E,Audio,Contoso,639.5,True
SKU-TZK3NY9V20,AirSpeaker-B,Phones,Acme,295.84,True
SKU-YAR821UZVG,AlphaPhone-C,Audio,Contoso,1908.95,True
SKU-WW4FYB8DAL,TabPro-A,Audio,Globex,157.33,True
SKU-FYO1750CEH,PowerBrick-C,Phones,Globex,196.04,True
SKU-LXSLG6MM1Z,AirSpeaker-E,Audio,Initech,991.92,True
SKU-XYVGIUI9KK,AlphaPhone-A,Laptops,Globex,1638.63,True
SKU-HZLM72JEYN,ZenBook-C,Phones,Globex,1549.36,True
SKU-9382KKZMPJ,AirSpeaker-E,Audio,Umbrella,1874.77,True
SKU-RHT7ZEWVIY,FitBand-B,Tablets,Umbrella,287.36,True
SKU-TWBOZD1AT7,FitBand-E,Phones,Umbrella,754.2,True
SKU-O75RH8LX6D,FitBand-B,Wearables,Umbrella,567.59,False
SKU-UT076G5G79,NoiseBuds-A,Phones,Contoso,1721.58,True
SKU-OR7875AUD9,FitBand-E,Phones,Initech,978.78,True
SKU-K9TR74QGEF,ChargeCable-D,Phones,Initech,58.53,True
SKU-QJG02U1G46,AlphaPhone-D,Audio,Globex,1416.68,True
SKU-3SDYGFLIJI,FitBand-D,Phones,Initech,780.06,True
SKU-18K0AXYCEL,AirSpeaker-D,Wearables,Globex,1064.11,True
SKU-OS6ZLE6KWH,PowerBrick-D,Accessories,Initech,1787.21,False
SKU-EF0VOTQTXH,ChargeCable-B,Phones,Acme,516.94,True
SKU-I15CQZCUCT,ChargeCable-E,Tablets,Acme,484.09,True
SKU-SUFLSEHUDS,ChargeCable-A,Wearables,Initech,529.81,False
SKU-3QSQCQ30O3,TabPro-D,Accessories,Contoso,679.19,True
SKU-0UBMC97C7B,AirSpeaker-D,Audio,Globex,219.06,True
SKU-O119XP9N56,TabPro-A,Phones,Initech,1395.26,True
SKU-NYXTXMGTT0,ChargeCable-A,Accessories,Globex,418.55,False
SKU-IAAKYTT3IM,NoiseBuds-D,Tablets,Umbrella,1851.73,False
SKU-J70E3P15AH,FitBand-B,Wearables,Initech,435.08,False
SKU-DBVZB0OIH5,PowerBrick-A,Wearables,Contoso,514.75,True
SKU-CSK30LVYLK,AlphaPhone-E,Audio,Umbrella,597.26,True
SKU-FXHKC856WP,AirSpeaker-E,Audio,Initech,1537.46,True
SKU-R97Y2LOFN1,NoiseBuds-B,Audio,Acme,857.65,True
SKU-R4KZ36U8UE,ZenBook-C,Accessories,Initech,1638.75,False
SKU-IHX74D0GJY,TabPro-B,Phones,Acme,1570.0,True
SKU-V5G10UR5L8,FitBand-D,Laptops,Acme,1858.4,True
SKU-A78E9RIVH6,FitBand-C,Wearables,Initech,1513.67,True
SKU-T1NTMJSRD9,ZenBook-D,Laptops,Initech,108.51,True
SKU-Q46NOUHFJ7,ZenBook-E,Wearables,Acme,1674.54,True
SKU-UPFLN4RXYJ,AirSpeaker-A,Audio,Globex,1875.52,True
SKU-38XRG2GZR7,FitBand-D,Phones,Umbrella,1986.42,True
SKU-TXCB48Y1O4,ZenBook-E,Phones,Contoso,254.78,True
SKU-IZASNWYWRR,FitBand-B,Wearables,Initech,1227.87,True
SKU-ATATJ9A3Y3,NoiseBuds-D,Accessories,Umbrella,402.72,True
SKU-6DDFGS3JON,AirSpeaker-E,Audio,Umbrella,528.44,False
SKU-OU9IY4X41D,PowerBrick-A,Phones,Globex,1491.7,True
SKU-NTCAGRP2U4,ZenBook-D,Phones,Umbrella,1954.47,True
SKU-DTBH55RBC7,NoiseBuds-E,Tablets,Initech,1191.14,True
SKU-6UB7L8V1ZO,NoiseBuds-D,Phones,Umbrella,1701.07,True
SKU-CFI4O6L1F9,ZenBook-A,Tablets,Initech,22.71,True
SKU-0S9BP4M18O,AirSpeaker-D,Phones,Initech,78.04,True
SKU-1BJ9RM7PYX,FitBand-D,Phones,Acme,1194.87,True
SKU-DW2ZCFZW0L,PowerBrick-E,Accessories,Globex,780.63,True
SKU-DALMJEGQTO,ChargeCable-C,Accessories,Contoso,1779.18,True
SKU-AMDVLNKND6,FitBand-D,Audio,Acme,607.15,True
SKU-69UGNEKRCP,AlphaPhone-C,Phones,Contoso,866.51,True
SKU-PRCJIWVHDK,ZenBook-B,Audio,Initech,1057.65,True
SKU-8LW2LM349E,TabPro-D,Audio,Acme,549.44,True
SKU-L8HL88KZRU,AirSpeaker-C,Audio,Umbrella,1816.54,True
SKU-IN3OEUVTYT,ZenBook-B,Audio,Umbrella,931.28,True
SKU-8QZPKY32OR,AlphaPhone-E,Wearables,Contoso,850.77,True
SKU-WIXZ2C9ROS,NoiseBuds-D,Wearables,Initech,1699.41,False
SKU-7YT2M6TWD1,TabPro-E,Phones,Contoso,627.08,True
SKU-XMXB9YO18P,TabPro-B,Wearables,Globex,1635.03,True
SKU-AJSSUUQO1V,FitBand-E,Phones,Umbrella,248.81,True
SKU-SMADO8E7FL,ChargeCable-E,Accessories,Acme,369.48,True
SKU-QHRRPZLK3E,FitBand-A,Laptops,Acme,1900.98,True
SKU-4XYF9IGFU8,AirSpeaker-B,Tablets,Acme,1684.84,True
SKU-IOGXPBWHVN,TabPro-E,Wearables,Umbrella,778.47,True
SKU-ZH13CD5GLQ,PowerBrick-C,Wearables,Initech,1278.08,True
SKU-J5SXVWVM4W,PowerBrick-B,Accessories,Umbrella,1885.28,True
SKU-3ZKWDEEKGY,TabPro-A,Wearables,Umbrella,427.45,True
SKU-SPENGWYX9T,PowerBrick-D,Phones,Acme,122.67,True
SKU-RFLQBMAE38,PowerBrick-E,Phones,Umbrella,1076.71,True
SKU-SRYO4RCB1K,ChargeCable-C,Laptops,Acme,289.34,True
SKU-JTGQ01TEE1,AirSpeaker-A,Laptops,Initech,378.51,True
SKU-3N3BZT9D31,ZenBook-B,Laptops,Globex,1782.73,True
SKU-K9QM3P91I3,ChargeCable-E,Phones,Acme,19.76,False
SKU-VMZWFFHHCM,NoiseBuds-A,Audio,Contoso,1633.74,True
SKU-KTLZKJ49YD,FitBand-A,Audio,Globex,1035.8,True
SKU-82795E5IZ3,PowerBrick-C,Laptops,Initech,1120.23,True
SKU-1YRUJOQW5D,ZenBook-D,Laptops,Globex,1344.51,True
SKU-SK7N8LA100,FitBand-D,Phones,Acme,865.3,True
SKU-QXMCTHPHJ3,PowerBrick-D,Accessories,Initech,235.53,True
SKU-MUURMYBD2Q,ChargeCable-B,Wearables,Contoso,210.02,False
SKU-E4PA8HYEXF,ZenBook-A,Tablets,Acme,1509.2,True
SKU-7JXJN6FOKZ,ChargeCable-B,Audio,Acme,445.74,True
SKU-IXZAREIYAZ,NoiseBuds-A,Audio,Initech,61.03,True
SKU-39PECN0DL5,AlphaPhone-C,Phones,Initech,1958.35,True
SKU-E11E9FTAXP,TabPro-C,Phones,Globex,1959.9,True
SKU-0WFOY4DD1V,AirSpeaker-B,Tablets,Contoso,759.01,True
SKU-N8LFJDTVV2,ZenBook-B,Tablets,Globex,55.89,True
SKU-Y4XKSS0KB6,TabPro-C,Laptops,Globex,1455.17,True
SKU-8RERVT997E,AlphaPhone-E,Tablets,Acme,1662.04,True
SKU-4UNY181ACJ,ZenBook-D,Wearables,Initech,254.28,True
SKU-BC2SWSOZCT,TabPro-D,Wearables,Acme,275.1,True
SKU-WJLSH3TOW4,TabPro-C,Audio,Contoso,1644.51,True
SKU-YCZ04CDPQV,ZenBook-D,Wearables,Globex,1843.28,True
SKU-L00EZZF8S2,TabPro-E,Wearables,Contoso,1581.77,True
SKU-ZGE2J51B3J,TabPro-E,Wearables,Initech,405.29,True
SKU-CZUCQMRUNJ,ZenBook-A,Laptops,Initech,825.57,True
SKU-DU0ISB5IQN,AirSpeaker-B,Audio,Umbrella,1203.08,True
SKU-F74T60PLOZ,TabPro-D,Phones,Contoso,324.63,True
SKU-JCNS6G298C,TabPro-E,Audio,Acme,424.94,True
SKU-QK4LTAHUKW,AirSpeaker-B,Audio,Contoso,569.07,True
SKU-QVR1H61IAO,FitBand-B,Audio,Globex,1020.97,True
SKU-IM458AX40D,NoiseBuds-A,Tablets,Initech,1023.54,True
SKU-TIRC9ZD76S,FitBand-B,Phones,Initech,1628.7,True
SKU-ZN9DDE3CUP,PowerBrick-B,Tablets,Contoso,1506.5,True
SKU-8IJL2Z0LJC,AlphaPhone-C,Laptops,Contoso,1826.99,True
SKU-H2VFFQOT8H,FitBand-A,Laptops,Contoso,1665.81,True
SKU-LJEFY3ZB4L,FitBand-A,Accessories,Globex,511.23,True
SKU-DIMSYJ9BOQ,AlphaPhone-D,Accessories,Globex,665.61,True
SKU-0IQ2FA39E3,TabPro-B,Laptops,Acme,1002.84,False
SKU-NWXUJ3AC6P,TabPro-D,Laptops,Contoso,33.46,True
SKU-E63LBQGU3O,FitBand-E,Tablets,Acme,1807.38,True
SKU-BYGHGK5BWI,AlphaPhone-B,Laptops,Umbrella,93.42,True
SKU-KOTCKEH5SW,TabPro-E,Phones,Globex,647.95,True
SKU-2292MTR6SN,ChargeCable-C,Tablets,Initech,1139.93,True
SKU-GLH62C9T19,ZenBook-B,Laptops,Umbrella,1037.58,True
SKU-9DXJ37C9H4,ZenBook-D,Tablets,Initech,1309.99,True
SKU-2M44GV3Z6B,NoiseBuds-D,Tablets,Umbrella,1056.88,True
SKU-Z8UUG95RLR,ZenBook-B,Wearables,Acme,461.63,True
SKU-DIHSA7HEZ7,FitBand-D,Accessories,Acme,405.95,True
SKU-4LAV71448N,ZenBook-B,Tablets,Globex,1814.05,True
SKU-7ODKEF828X,ZenBook-A,Audio,Initech,531.35,True
SKU-G8Y72IVGLY,ChargeCable-D,Tablets,Umbrella,565.27,True
SKU-E088O98BV7,TabPro-B,Audio,Contoso,828.43,True
SKU-8HU7F0I9G5,ChargeCable-B,Wearables,Contoso,283.04,True
SKU-DZX5QJICJD,FitBand-D,Laptops,Globex,1016.5,True
SKU-AN085RNTDR,ZenBook-A,Tablets,Initech,1331.07,True
SKU-5XYFC4KL8C,AirSpeaker-D,Wearables,Contoso,1572.28,False
SKU-GN0T6DVWRB,TabPro-B,Phones,Globex,1423.64,True
SKU-7F6FDHGZZ0,NoiseBuds-A,Wearables,Globex,299.39,True
SKU-JKIBU4FMPK,NoiseBuds-E,Accessories,Initech,914.4,True
SKU-XVHAGKC4LO,PowerBrick-C,Accessories,Contoso,81.94,True
SKU-RXDTG5NQJQ,PowerBrick-D,Laptops,Contoso,40.49,True
SKU-IJC1YDMT8V,ZenBook-B,Audio,Contoso,882.62,True
SKU-T43PT5R5RC,ZenBook-A,Laptops,Acme,509.4,True
SKU-6ZS62YWE1G,NoiseBuds-A,Audio,Contoso,1367.62,True
SKU-983EP9P9W4,NoiseBuds-E,Audio,Umbrella,1449.14,True
SKU-J66CNOLJQ5,AirSpeaker-D,Audio,Acme,1790.44,True
SKU-2WSPOFV177,FitBand-A,Audio,Acme,1521.8,True
SKU-UDKTMONRVB,ZenBook-E,Accessories,Acme,101.2,True
SKU-JFVYB6LI07,NoiseBuds-B,Accessories,Acme,746.02,True
SKU-6A3KKRZD5E,AirSpeaker-E,Tablets,Globex,549.41,True
SKU-9P3JPXGH30,AlphaPhone-D,Accessories,Umbrella,774.95,True
SKU-153SFLSE45,NoiseBuds-E,Laptops,Initech,324.19,True
SKU-BG34IQ7ZJ3,TabPro-A,Accessories,Contoso,199.82,True
SKU-SWEBNVG5VM,TabPro-A,Laptops,Acme,1043.84,True
SKU-F60YKNFU84,AlphaPhone-C,Phones,Initech,1441.44,True
SKU-XYJOA21A6X,PowerBrick-E,Accessories,Globex,1404.61,True
SKU-VAJ2K8XPNM,FitBand-B,Laptops,Initech,904.18,True
SKU-JQY3ODSX4N,PowerBrick-D,Audio,Acme,1046.42,True
SKU-XVKDC9X5JZ,ZenBook-C,Wearables,Umbrella,1034.56,True
SKU-6KF1622VXY,PowerBrick-E,Audio,Initech,1383.99,True
SKU-ZX9JPNBZUG,ZenBook-B,Tablets,Acme,100.56,True
SKU-0IT26YS445,NoiseBuds-C,Laptops,Acme,1420.53,True
SKU-GDEJ31GYMD,TabPro-A,Audio,Contoso,1165.91,False
SKU-M0L2LJK4Q5,FitBand-D,Accessories,Contoso,400.03,True
SKU-V7C6S5NKB4,FitBand-E,Accessories,Umbrella,102.82,False
SKU-EHOU6QLZ2R,FitBand-B,Phones,Contoso,221.4,True
SKU-WGWAJ1G1R1,NoiseBuds-A,Wearables,Umbrella,1051.23,True
SKU-DWWO8NBHNA,ZenBook-C,Laptops,Globex,1517.27,True
SKU-L3GYWIYMEN,FitBand-D,Audio,Globex,672.31,True
SKU-VG3KK0VM59,NoiseBuds-C,Wearables,Contoso,760.97,True
SKU-M6MG87OI0E,NoiseBuds-C,Phones,Globex,1867.69,True
SKU-0VGNXB5JTB,AlphaPhone-B,Tablets,Initech,429.75,True
SKU-9XXAYPNTRF,ChargeCable-A,Wearables,Initech,211.88,True
SKU-ZWKXXJVE3D,PowerBrick-E,Phones,Initech,689.76,True
SKU-ZEEDHHJSHZ,FitBand-B,Laptops,Globex,1492.37,True
SKU-KBRH7LAY64,ChargeCable-D,Tablets,Initech,1253.4,True
SKU-YFDS0DJI9K,ZenBook-C,Accessories,Umbrella,834.1,True
SKU-QDGBK2L0D1,NoiseBuds-D,Phones,Acme,1928.72,True
SKU-B4XGMPW5D3,AirSpeaker-B,Accessories,Contoso,1470.58,True
SKU-GO8JN42X2E,PowerBrick-B,Tablets,Umbrella,128.35,True
SKU-ZC7FOV2YGN,PowerBrick-E,Phones,Initech,1489.8,True
SKU-MBY49E7EOB,FitBand-C,Phones,Acme,52.93,True
SKU-JLZY1UU9YM,AirSpeaker-B,Tablets,Contoso,1301.74,True
SKU-SZDXIMYN4U,TabPro-D,Laptops,Umbrella,424.7,True
SKU-9BXF445CRI,ZenBook-E,Phones,Contoso,1393.71,True
SKU-8BIXOIQ2Q4,AlphaPhone-D,Tablets,Globex,622.7,False
SKU-QERXDOUADV,AlphaPhone-C,Wearables,Initech,1745.77,True
SKU-WKSHY8NBIQ,ChargeCable-E,Accessories,Umbrella,676.81,True
SKU-UWRXZE1HM3,NoiseBuds-E,Phones,Umbrella,1240.67,True
SKU-8KSZBFFZZD,ChargeCable-E,Wearables,Acme,575.14,True
SKU-VG7OQ2ZDO7,TabPro-A,Phones,Acme,1833.94,True
SKU-4V1QX8ERTB,TabPro-E,Laptops,Acme,1562.31,True
SKU-74RS7GU0EN,PowerBrick-D,Tablets,Contoso,490.15,True
SKU-V5SN961J88,AlphaPhone-D,Phones,Initech,1896.9,False
SKU-QEOZ0KZ4Z7,AirSpeaker-C,Tablets,Contoso,717.17,False
SKU-WHWKMY9X8S,FitBand-B,Audio,Initech,1304.82,True
SKU-YLEMRUYP04,AlphaPhone-B,Phones,Umbrella,1486.25,True
SKU-K43SAFYH1F,AlphaPhone-A,Laptops,Contoso,50.67,True
SKU-KJ4YK1B3D5,AirSpeaker-E,Laptops,Contoso,1917.18,True
SKU-050UI22KX7,PowerBrick-A,Wearables,Contoso,691.82,True
SKU-N89LTAJW25,PowerBrick-C,Laptops,Globex,383.42,True
SKU-36ZX1TV18K,AirSpeaker-C,Tablets,Initech,1701.31,True
SKU-GYGGSNPUEV,TabPro-B,Audio,Initech,1406.58,True
SKU-JLZFFLB7WX,AirSpeaker-C,Laptops,Contoso,177.97,True
SKU-RUM2LHGCSO,ChargeCable-E,Phones,Globex,238.39,True
SKU-TDHHLMH1T9,TabPro-D,Laptops,Contoso,1431.09,True
SKU-39AYQ6WW8Y,AirSpeaker-C,Audio,Initech,154.12,True
SKU-L68NTK63N2,NoiseBuds-A,Tablets,Umbrella,1833.85,True
SKU-QB6GS8G8TA,TabPro-E,Phones,Globex,1483.63,True
SKU-CY15PDTZ91,TabPro-C,Wearables,Globex,673.97,True
SKU-X70FQLDB2U,AlphaPhone-C,Wearables,Contoso,728.7,True
SKU-UIJNWPAYTX,FitBand-E,Wearables,Umbrella,1014.95,True
SKU-W1VZC7D2KD,AlphaPhone-C,Phones,Initech,724.77,True
SKU-1POXRTEO2T,ZenBook-D,Wearables,Acme,1567.24,True
SKU-8FY620N8TT,TabPro-B,Laptops,Initech,1948.63,False
SKU-EAVT8K06MO,AirSpeaker-E,Phones,Initech,1170.54,True
SKU-XSFH4GG244,AirSpeaker-A,Phones,Umbrella,894.4,True
SKU-79QTKCD0RL,AirSpeaker-C,Phones,Globex,449.21,True
SKU-EXDW6LQWLV,TabPro-B,Accessories,Initech,1307.95,True
SKU-UNLPAIH0P4,AirSpeaker-A,Tablets,Globex,1372.04,True
SKU-E05QMKTGV4,ZenBook-A,Accessories,Umbrella,1371.27,True
SKU-4FTJ5CCASB,TabPro-D,Accessories,Umbrella,58.81,True
SKU-UOV6TT9Q1N,AirSpeaker-B,Accessories,Contoso,1797.85,True
SKU-I10KQSOSX4,TabPro-E,Tablets,Acme,679.18,True
SKU-3WFSQG8X80,NoiseBuds-B,Accessories,Umbrella,1488.87,True
SKU-RMHRCNBH6N,TabPro-B,Wearables,Umbrella,1520.05,True
SKU-QQB9LZS34J,ZenBook-A,Phones,Globex,1302.21,True
SKU-TGXNX4SN6S,AlphaPhone-D,Phones,Umbrella,792.36,True
SKU-M5RRVSFFCX,TabPro-D,Laptops,Initech,1218.12,True
SKU-HGNZEI3ZRR,FitBand-B,Audio,Contoso,85.16,True
SKU-HF4ABUFWBU,ZenBook-B,Wearables,Contoso,1524.22,True
SKU-CJG8VUAZXK,ChargeCable-C,Tablets,Initech,203.58,True
SKU-DQ95G3V23G,NoiseBuds-A,Audio,Umbrella,796.12,True
SKU-XJ0MQVINDH,ZenBook-E,Phones,Acme,211.62,True
SKU-4SPFDRWB2S,AlphaPhone-E,Accessories,Umbrella,1674.13,True
SKU-EREV361XSN,AirSpeaker-D,Laptops,Contoso,1102.3,True
SKU-BTI22NV01Z,AirSpeaker-A,Laptops,Acme,1382.76,True
SKU-DERI4K5OGZ,ZenBook-D,Phones,Globex,1366.07,True
SKU-2UEAXYLNFX,ChargeCable-E,Wearables,Globex,1683.16,True
SKU-J4PNJY1O2R,AirSpeaker-B,Audio,Umbrella,269.34,True
SKU-NTJLMZ04X0,NoiseBuds-A,Laptops,Umbrella,1320.5,True
SKU-QZFHOMTZZF,FitBand-A,Phones,Acme,1151.82,True
SKU-8ADF7PCHCB,ChargeCable-C,Wearables,Acme,66.61,True
SKU-N9WSZV83XP,PowerBrick-B,Phones,Umbrella,406.64,True
SKU-HX2KBVSIGB,PowerBrick-B,Phones,Contoso,538.54,True
SKU-IAF92MOVS0,ZenBook-D,Wearables,Globex,149.68,True
SKU-CDK36M8JVH,ChargeCable-A,Wearables,Acme,712.31,False
SKU-7UJODCK828,AirSpeaker-D,Wearables,Contoso,59.24,True
SKU-53UY8U118Q,AirSpeaker-B,Phones,Umbrella,1108.05,True
SKU-QVAECW9YIL,ZenBook-C,Laptops,Initech,426.73,True
SKU-8SA3IDY3C7,AirSpeaker-A,Tablets,Acme,577.28,True
SKU-RM6J8Y6RH0,AirSpeaker-B,Tablets,Initech,1820.48,True
SKU-5HHIWFD7YX,FitBand-C,Phones,Contoso,1007.62,True
SKU-W1TBRWR965,FitBand-E,Phones,Globex,541.41,True
SKU-R96KHUB2RT,AlphaPhone-B,Laptops,Contoso,1198.33,False
SKU-SOYG9ZQYAH,FitBand-E,Wearables,Globex,407.13,True
SKU-ULWJTIQWNR,TabPro-D,Phones,Contoso,153.34,True
SKU-HZN4KGEUID,ChargeCable-E,Accessories,Acme,46.69,True
SKU-JIPNF8F3GR,ChargeCable-B,Wearables,Acme,1902.35,True
SKU-94SZ2KUUOY,ZenBook-E,Phones,Initech,1449.87,True
SKU-C3RWQMMU7J,FitBand-A,Accessories,Contoso,1600.1,False
SKU-AE58HUXG2M,AlphaPhone-B,Audio,Contoso,1960.95,True
SKU-YR06NKWFG3,AirSpeaker-C,Laptops,Initech,1862.67,True
SKU-MWU4CFILKJ,AlphaPhone-E,Accessories,Umbrella,1474.4,False
SKU-XJQ5NV8OGA,AlphaPhone-A,Phones,Contoso,1388.81,True
SKU-0X7ZCGDC5T,NoiseBuds-D,Tablets,Contoso,676.68,True
SKU-AO1CJFX5LI,AirSpeaker-D,Phones,Contoso,212.41,True
SKU-KWE4BX4LR9,TabPro-E,Tablets,Umbrella,1149.0,True
SKU-TJQ8ZGVWWU,FitBand-D,Laptops,Acme,1154.05,True
SKU-SXLMT2PNJK,AirSpeaker-C,Laptops,Initech,1903.76,True
SKU-A34MQA78RA,AlphaPhone-B,Wearables,Umbrella,887.49,True
SKU-PKIANOUOF0,AirSpeaker-A,Wearables,Globex,1382.47,True
SKU-ONJPI163YK,TabPro-E,Tablets,Globex,1151.49,True
SKU-03O4GKWWJW,ChargeCable-D,Tablets,Umbrella,357.46,True
SKU-GABTGDJZ0I,ZenBook-B,Laptops,Umbrella,1185.58,False
SKU-FRML29Q2L4,FitBand-C,Accessories,Acme,1081.99,True
SKU-8C1CQG433E,FitBand-D,Tablets,Globex,989.85,True
SKU-1I1P0BQ1S9,NoiseBuds-D,Tablets,Initech,1028.77,True
SKU-RYLLWB7SJW,ChargeCable-A,Accessories,Contoso,331.99,True
SKU-H55HEWLGJE,FitBand-C,Wearables,Contoso,929.17,True
SKU-2AB2RVNDFD,NoiseBuds-C,Wearables,Acme,1212.67,True
SKU-W79WCXZ2EI,NoiseBuds-E,Tablets,Acme,980.96,True
SKU-9212PGYME6,NoiseBuds-A,Wearables,Globex,979.44,True
SKU-RPKZGGM0J3,PowerBrick-E,Wearables,Initech,159.57,True
SKU-6TCFKJNAWN,FitBand-A,Audio,Initech,385.4,True
SKU-GA41IZXTNS,FitBand-C,Wearables,Umbrella,645.02,True
SKU-RTWLXDSC4E,FitBand-A,Laptops,Acme,841.18,True
SKU-5HRDU4XSZJ,TabPro-A,Phones,Contoso,1189.31,True
SKU-NVC7HR6C2C,NoiseBuds-A,Tablets,Contoso,1726.51,True
SKU-U7ONZ3JBCK,TabPro-B,Tablets,Globex,322.37,True
SKU-88D0TGSIWG,ZenBook-B,Laptops,Contoso,35.09,True
SKU-0ODWMQX5GG,FitBand-C,Phones,Initech,900.78,False
SKU-OMF9PML9LN,PowerBrick-A,Phones,Initech,866.61,True
SKU-1P0VUH17J8,AirSpeaker-C,Laptops,Acme,1105.49,True
SKU-QO09VS9KKH,ChargeCable-B,Accessories,Globex,1666.44,True
SKU-4A3YJTU7FB,PowerBrick-A,Accessories,Contoso,1604.91,True
SKU-MENUI3DO70,AlphaPhone-E,Phones,Acme,204.49,True
SKU-02G3YU6VK0,ZenBook-B,Accessories,Umbrella,1867.39,True
SKU-UCC1M3O55I,AirSpeaker-B,Accessories,Umbrella,225.17,True
SKU-XVA1NKBTFS,AlphaPhone-B,Accessories,Contoso,1270.33,True
SKU-HB0OQVSHKO,AlphaPhone-A,Phones,Contoso,1345.78,True
SKU-ECUBODS1EE,FitBand-D,Accessories,Contoso,1360.68,True
SKU-URXHW0IC1L,ChargeCable-E,Tablets,Initech,534.11,True
SKU-7DYPMLVAK9,AlphaPhone-E,Audio,Contoso,663.71,True
SKU-W9PFB3HN14,NoiseBuds-C,Phones,Umbrella,1099.06,True
SKU-EB8753AYEQ,AirSpeaker-A,Laptops,Contoso,402.98,True
SKU-AHTHSJR0FZ,PowerBrick-B,Accessories,Globex,45.5,True
SKU-AUXBGK2WBX,PowerBrick-D,Wearables,Umbrella,1125.92,True
SKU-ANJ4X5A5XI,AlphaPhone-A,Phones,Globex,932.77,True
SKU-N9DL5TGSQ7,ZenBook-A,Laptops,Umbrella,1314.52,True
SKU-AITMOFMMWI,ChargeCable-D,Audio,Acme,297.52,True
SKU-9S3W563BTK,ChargeCable-B,Tablets,Umbrella,1681.8,True
SKU-F6XDN8WWII,PowerBrick-A,Laptops,Umbrella,296.57,True
SKU-F86LTHET25,AlphaPhone-E,Accessories,Globex,1782.34,True
SKU-LZSE99F77L,ChargeCable-E,Wearables,Globex,901.35,True
SKU-U8EL5015OO,ZenBook-D,Accessories,Umbrella,1101.31,True
SKU-P767J2DG1W,PowerBrick-B,Laptops,Umbrella,1792.78,True
SKU-JUIIYMYRSV,AirSpeaker-D,Phones,Initech,603.03,True
SKU-ZN4REGB1AJ,ZenBook-A,Wearables,Acme,367.56,True
SKU-O091C795RL,ZenBook-E,Wearables,Acme,893.83,True
SKU-QIOB0NLW0V,NoiseBuds-C,Laptops,Contoso,492.27,True
SKU-S52SQ3B9SO,FitBand-D,Audio,Umbrella,1057.52,True
SKU-0USWBKOK3Q,AlphaPhone-C,Audio,Umbrella,553.86,True
SKU-PWBSF3Q0E2,AirSpeaker-C,Accessories,Umbrella,1728.79,True
SKU-7ZEOQGVZHQ,PowerBrick-E,Laptops,Umbrella,1216.01,True
SKU-JY62ZEEQNS,ChargeCable-D,Wearables,Acme,5.48,True
SKU-N2S8NN16UX,ZenBook-C,Laptops,Globex,1611.11,True
SKU-F5GZPL1QWE,PowerBrick-A,Wearables,Initech,663.44,True
SKU-EHWJQ4TA5I,AlphaPhone-B,Accessories,Globex,643.49,True
SKU-VROCVITWU3,AirSpeaker-B,Phones,Globex,768.83,True
SKU-BFXB4Y4K7B,AirSpeaker-E,Phones,Acme,1261.74,True
SKU-PGYVYV2GQU,AlphaPhone-D,Laptops,Initech,886.47,True
SKU-7DKNNCPTKE,FitBand-D,Wearables,Umbrella,1258.5,True
SKU-ZJSSZWD0W9,NoiseBuds-B,Phones,Acme,297.68,True
SKU-RY79KVLS9M,ChargeCable-A,Wearables,Acme,1939.51,True
SKU-EUSWRGVZ9A,NoiseBuds-B,Accessories,Initech,1459.83,False
SKU-AWE429OMUW,AirSpeaker-B,Laptops,Contoso,503.91,True
SKU-AHK2LSLAYM,ChargeCable-D,Wearables,Acme,1448.99,True
SKU-0WBGLMY62X,AirSpeaker-C,Laptops,Globex,1151.6,True
SKU-RW6TM2O04K,ZenBook-A,Wearables,Globex,222.72,True
SKU-0LTHY25M8K,ZenBook-D,Audio,Umbrella,360.32,True
SKU-B9W4UOV51Z,AlphaPhone-B,Audio,Acme,87.37,True
SKU-LBORIQ8HKE,ChargeCable-C,Wearables,Umbrella,1618.62,True
SKU-226PARSG70,ChargeCable-A,Accessories,Acme,1105.1,True
SKU-S1F537YE0Q,AirSpeaker-E,Laptops,Initech,636.6,True
SKU-ZSA7YVDQBS,NoiseBuds-A,Tablets,Acme,256.93,True
SKU-XLUL6LGJLP,ZenBook-A,Wearables,Contoso,970.19,True
SKU-EFJAWSHMLF,TabPro-B,Wearables,Globex,1052.37,False
SKU-ZKICWMPEQY,AlphaPhone-B,Audio,Initech,1404.69,False
SKU-DBPGVV4ZWL,PowerBrick-E,Phones,Globex,1939.05,True
SKU-3ZYT91QE37,ChargeCable-E,Audio,Umbrella,872.28,True
SKU-QQYZQII4W6,FitBand-E,Laptops,Initech,814.63,True
SKU-OZX25QBRMQ,FitBand-D,Audio,Contoso,742.64,False
SKU-G1VED32LX2,TabPro-D,Tablets,Globex,1653.89,True
SKU-TOOWT9NM3V,ZenBook-B,Accessories,Acme,316.7,True
SKU-2P2TIXC7UR,ZenBook-B,Tablets,Acme,690.56,True
SKU-VQT3G8CD31,ZenBook-E,Accessories,Acme,1450.59,True
SKU-NRXD356WAF,NoiseBuds-D,Tablets,Initech,36.3,True
SKU-FTOUHYLU6K,AirSpeaker-C,Audio,Contoso,582.03,True
SKU-7P9MDA9OEK,FitBand-D,Tablets,Contoso,1284.05,True
SKU-NTBZ3M55IZ,ZenBook-B,Audio,Contoso,375.79,True
SKU-OLNNTXRGN7,FitBand-D,Audio,Globex,608.6,True
SKU-4F9YECAZRP,TabPro-B,Laptops,Initech,974.17,True
SKU-9DXOQ2VPGS,AlphaPhone-E,Audio,Acme,846.51,True
SKU-TQMGVU4ISO,AirSpeaker-E,Phones,Globex,216.42,True
SKU-TN9UZERYF0,NoiseBuds-E,Tablets,Contoso,1875.84,True
SKU-992QC6DR08,ChargeCable-C,Wearables,Acme,93.32,False
SKU-CW2LBM2QSQ,TabPro-C,Wearables,Initech,1499.99,True
SKU-0P82KB700U,AirSpeaker-B,Wearables,Umbrella,147.42,True
SKU-CRGB93WKCS,FitBand-A,Phones,Contoso,936.79,True
SKU-4KEK4AEGVF,TabPro-C,Audio,Contoso,354.77,True
SKU-Q3JZR25MDF,ChargeCable-B,Tablets,Contoso,286.35,True
SKU-7FR91IPWH0,AirSpeaker-D,Accessories,Contoso,256.04,True
SKU-MX1EGOK01T,NoiseBuds-E,Accessories,Acme,907.86,True
SKU-NZRF5A7QY8,PowerBrick-E,Laptops,Initech,1032.88,True
SKU-YB7W8P74MJ,AlphaPhone-E,Phones,Globex,270.97,True
SKU-DXO100VHMY,ChargeCable-B,Tablets,Acme,1957.92,True
SKU-GTY3ADDQHK,AirSpeaker-E,Audio,Initech,518.99,True
SKU-GAD7X48WZE,NoiseBuds-C,Wearables,Globex,919.93,False
SKU-4EX6U86ZJQ,FitBand-D,Phones,Contoso,436.24,True
SKU-7W7JP61LFC,ChargeCable-E,Phones,Initech,989.88,True
SKU-1NLC8JPR7V,PowerBrick-B,Tablets,Contoso,1512.5,True
SKU-GRF1HX6ZDC,TabPro-D,Audio,Initech,1044.08,True
SKU-UJQ6FX7XJZ,ZenBook-E,Laptops,Umbrella,574.58,True
SKU-6US7RP422T,TabPro-A,Audio,Contoso,500.3,False
SKU-A83RU7MYOW,FitBand-E,Laptops,Contoso,1518.32,True
SKU-8DT8CQ1XGB,AirSpeaker-C,Laptops,Contoso,240.77,True
SKU-NGZ6WMDW0F,PowerBrick-D,Wearables,Acme,742.71,True
SKU-GZVRCTLT4Q,AlphaPhone-C,Wearables,Globex,307.06,True
SKU-9BC2BE3YQY,ChargeCable-A,Tablets,Contoso,519.4,True
SKU-5FU7BFXQ7B,AirSpeaker-A,Audio,Contoso,309.45,False
SKU-ZEGBL2QGV3,AlphaPhone-C,Laptops,Acme,1773.22,True
SKU-DR2H2P39YL,FitBand-D,Tablets,Acme,1464.42,True
SKU-9UE421VMEF,ChargeCable-A,Laptops,Umbrella,1123.49,True
SKU-OZTP7BD4W1,NoiseBuds-A,Phones,Initech,452.5,False
SKU-ARAGDX5O31,NoiseBuds-E,Accessories,Contoso,1022.39,True
SKU-YHXSO7VBGR,AirSpeaker-B,Accessories,Initech,1043.54,True
SKU-8W2MAIETDN,TabPro-A,Laptops,Acme,1182.27,True
SKU-1TH1XJG2Y8,AirSpeaker-D,Tablets,Acme,124.81,True
SKU-RGYBXKPM21,TabPro-D,Wearables,Umbrella,1944.97,True
SKU-B07G2RE6ZV,PowerBrick-E,Audio,Globex,933.09,True
SKU-LHYL2LD05N,FitBand-D,Laptops,Acme,1852.5,True
SKU-HQR6F7QNEZ,NoiseBuds-E,Laptops,Contoso,24.56,True
SKU-W9HEYCE4QG,PowerBrick-A,Audio,Umbrella,498.63,True
SKU-M5V2WWG84D,ChargeCable-A,Wearables,Globex,212.37,True
SKU-4R9V4K00IL,NoiseBuds-A,Laptops,Umbrella,1539.61,True
SKU-U6VFUA9BQ1,TabPro-A,Phones,Acme,643.33,True
SKU-BTR23QIUA0,AirSpeaker-B,Wearables,Globex,1680.94,True
SKU-8EKXDRKZ40,FitBand-B,Phones,Initech,1664.78,True
SKU-AQ15O2NQW4,NoiseBuds-A,Accessories,Globex,1336.58,True
SKU-C6LBPJ8T22,PowerBrick-D,Audio,Contoso,1332.57,False
SKU-C50B8Y5DNW,FitBand-E,Wearables,Initech,1401.12,True
SKU-NGUCZH9IER,PowerBrick-C,Wearables,Initech,1348.49,True
SKU-7U8H0IMJYJ,NoiseBuds-E,Tablets,Contoso,776.5,True
SKU-CMRSEZYTKW,AirSpeaker-C,Tablets,Initech,1366.56,True
SKU-2837C6QC6K,AlphaPhone-C,Audio,Acme,1794.43,True
SKU-8DJZR5SWK8,AirSpeaker-A,Wearables,Globex,668.15,True
SKU-TEMPXKC5I8,NoiseBuds-C,Accessories,Globex,1889.11,True
SKU-XOMXLVZ4QK,TabPro-A,Laptops,Contoso,32.08,True
SKU-E2GJR81BMQ,AirSpeaker-B,Audio,Acme,701.07,True
SKU-F7ZK94YXFI,ChargeCable-D,Audio,Initech,268.4,True
SKU-BLEJGUBLMN,TabPro-C,Tablets,Globex,257.48,True
SKU-TFK7ORFQLA,TabPro-D,Accessories,Globex,1630.97,False
SKU-09LZRK79UF,TabPro-A,Audio,Globex,1836.23,True
SKU-U6PY06FTLO,FitBand-C,Accessories,Globex,1555.85,True
SKU-4QDBXVH7KA,ZenBook-E,Audio,Umbrella,1952.37,True
SKU-TQYDSHLV76,ZenBook-B,Tablets,Contoso,436.36,False
SKU-MF4NNKM95D,AlphaPhone-B,Laptops,Initech,285.76,True
SKU-0P92K38P6F,PowerBrick-C,Tablets,Initech,1043.28,True
SKU-VDHR59C81D,PowerBrick-B,Audio,Contoso,1658.1,True
SKU-O6OUZ1EGNT,TabPro-E,Accessories,Acme,84.44,True
SKU-B34KUQAAJ8,ZenBook-D,Phones,Contoso,1990.16,True
SKU-4RX6PRYIEJ,AlphaPhone-E,Tablets,Globex,1205.88,True
SKU-9C0UU5WRYE,FitBand-B,Accessories,Globex,1957.01,True
SKU-SU4FCL5EFJ,TabPro-D,Tablets,Contoso,732.97,True
SKU-P6MKT7S1GD,ChargeCable-E,Audio,Contoso,918.3,True
SKU-1T53YKYYDU,FitBand-A,Accessories,Initech,1505.21,True
SKU-3ASNRM6DFH,AlphaPhone-A,Laptops,Initech,1585.64,True
SKU-G6W3STT1EQ,FitBand-D,Accessories,Umbrella,469.67,True
SKU-C37RLN36V1,ChargeCable-D,Wearables,Umbrella,1859.02,True
SKU-MZB3I4FIEE,PowerBrick-D,Phones,Globex,1734.64,True
SKU-CY2C11BD2S,FitBand-A,Audio,Umbrella,41.3,True
SKU-CEJCY127H6,AlphaPhone-E,Accessories,Umbrella,261.36,True
SKU-GMD478MFS0,PowerBrick-D,Audio,Acme,994.22,True
SKU-IUDUAHGK6T,PowerBrick-A,Tablets,Contoso,924.15,True
SKU-9DHSZNVP8G,PowerBrick-D,Tablets,Initech,1417.53,True
SKU-MNHIE9EDE1,ChargeCable-D,Accessories,Umbrella,183.88,True
SKU-ZUBLEKVL9P,ChargeCable-D,Wearables,Initech,1290.84,True
SKU-TK4GC4RYG9,PowerBrick-A,Accessories,Umbrella,1234.04,True
SKU-RDPXDFOVD7,FitBand-E,Laptops,Umbrella,470.84,True
SKU-9C9MV9E40K,ChargeCable-A,Wearables,Globex,1086.53,True
SKU-ZUJ2XORVOR,AirSpeaker-A,Audio,Acme,448.08,True
SKU-K1DJRWEDBC,FitBand-D,Accessories,Contoso,297.96,True
SKU-Y8NYFWDC11,TabPro-C,Audio,Contoso,1147.83,True
SKU-2HXRJM4T8B,ChargeCable-C,Phones,Globex,1954.08,True
SKU-P6NLNQBU4K,FitBand-C,Wearables,Globex,477.45,True
SKU-ZREZRDYXYU,TabPro-A,Accessories,Contoso,713.54,True
SKU-R4SOR8WM9L,ChargeCable-D,Phones,Contoso,516.61,True
SKU-BB4M0A6MDM,TabPro-C,Accessories,Acme,536.32,False
SKU-MMXIXV6CKM,NoiseBuds-B,Laptops,Umbrella,810.96,True
SKU-ALQ5U6JZV9,ChargeCable-B,Tablets,Acme,1404.5,True
SKU-NOU3DYMS1M,NoiseBuds-B,Audio,Contoso,82.38,True
SKU-WNPR424TKB,AlphaPhone-E,Accessories,Umbrella,1913.51,False
SKU-9OI0D4DMC2,AlphaPhone-D,Wearables,Contoso,97.28,True
SKU-RH2XK2PTHO,FitBand-A,Accessories,Acme,1762.22,True
SKU-WQ1GAZ5UH8,ZenBook-A,Accessories,Acme,1788.39,True
SKU-0Q7TW1PUWS,NoiseBuds-D,Accessories,Acme,1050.83,True
SKU-NFFYKPL3CH,NoiseBuds-E,Accessories,Umbrella,278.17,True
SKU-O3XJVOEGI3,AlphaPhone-D,Wearables,Initech,1131.9,True
SKU-QUPXBFEJ2X,NoiseBuds-E,Wearables,Initech,1258.49,True
SKU-G48RA4DV56,ZenBook-C,Accessories,Contoso,1715.37,True
SKU-ONXD70FE07,PowerBrick-C,Tablets,Umbrella,1103.49,True
SKU-S387J5IE3L,TabPro-E,Accessories,Globex,823.95,True
SKU-VO0IPFG8PJ,TabPro-D,Audio,Initech,1676.55,True
SKU-VRN8LPY857,ZenBook-C,Audio,Umbrella,1961.02,False
SKU-NZ3A8V4X7Y,NoiseBuds-D,Wearables,Umbrella,1291.34,True
SKU-2ITL8N3E54,NoiseBuds-C,Audio,Initech,1748.53,False
SKU-N6O9JD3IH6,NoiseBuds-D,Audio,Umbrella,1198.88,True
SKU-6W51OB537Q,AirSpeaker-D,Laptops,Umbrella,1380.44,True
SKU-O4Z533ZSMV,FitBand-B,Accessories,Initech,1377.21,True
SKU-30QABXW2EO,ChargeCable-E,Accessories,Acme,1410.35,True
SKU-WLCFS8314Y,ZenBook-A,Accessories,Contoso,645.1,True
SKU-2LR0JY32HO,ZenBook-E,Accessories,Globex,1152.87,True
SKU-G585I87XW6,AirSpeaker-D,Phones,Contoso,1189.71,True
SKU-9HZGOPJDN8,ZenBook-D,Accessories,Acme,633.25,True
SKU-EZP7QYEZG5,PowerBrick-E,Wearables,Acme,702.61,False
SKU-2KRE4V9KYP,PowerBrick-D,Wearables,Umbrella,1524.92,False
SKU-OFKJW6NYQA,ZenBook-C,Phones,Contoso,1166.95,False
SKU-ELYYZZ0JDC,AirSpeaker-D,Accessories,Acme,302.53,False
SKU-LI6978V0BJ,ZenBook-E,Tablets,Contoso,1675.25,True
SKU-WKON8UUJS7,NoiseBuds-E,Accessories,Acme,1765.93,False
SKU-5ELTFEBE54,AirSpeaker-E,Wearables,Globex,934.49,True
SKU-07K5W1JL6L,FitBand-B,Laptops,Acme,421.56,True
SKU-91F4X2BFIB,AlphaPhone-B,Audio,Contoso,1894.53,True
SKU-JZP97BMZRR,NoiseBuds-B,Laptops,Umbrella,1764.25,True
SKU-45ED5GGSJ6,PowerBrick-B,Tablets,Contoso,492.3,True
SKU-VV8SUOC1Y5,NoiseBuds-B,Accessories,Initech,195.61,True
SKU-AYYOV84FC3,ChargeCable-B,Phones,Contoso,883.66,True
SKU-XQ8VA8X8L0,AirSpeaker-B,Accessories,Globex,1353.74,True
SKU-08UHBXLBC8,PowerBrick-E,Tablets,Globex,354.72,False
SKU-NOG85D4F2K,AlphaPhone-A,Tablets,Globex,1028.35,True
SKU-1XERP3LYEX,ZenBook-B,Audio,Acme,853.28,True
SKU-3SR5RUP13W,AlphaPhone-E,Tablets,Globex,1780.76,True
SKU-PPBMQIYFRW,FitBand-A,Laptops,Contoso,861.56,True
SKU-SKP6RFE64S,TabPro-B,Audio,Umbrella,1069.35,True
SKU-KBCBDPDXUJ,NoiseBuds-A,Accessories,Globex,1909.84,True
SKU-JCSEXGGOC5,AirSpeaker-A,Accessories,Contoso,602.59,False
SKU-KVQYWJ85GG,AirSpeaker-C,Phones,Acme,581.25,True
SKU-0V5DTAEGRY,AlphaPhone-D,Tablets,Acme,1599.39,True
SKU-58VRW9MYYO,ChargeCable-C,Tablets,Umbrella,558.41,False
SKU-KEAEA84HXX,PowerBrick-A,Wearables,Umbrella,1663.74,True
SKU-PW2GKQRAFF,FitBand-E,Audio,Contoso,195.5,True
SKU-Z8Q4VHU4BA,TabPro-B,Wearables,Umbrella,226.85,True
SKU-WZ940VTKRR,FitBand-D,Audio,Umbrella,1802.24,True
SKU-VWY3RZTPLC,AirSpeaker-B,Laptops,Acme,1083.38,True
SKU-6PRR7MZAKG,ZenBook-E,Audio,Contoso,1438.32,False
SKU-MIH6MV4XEK,TabPro-D,Accessories,Umbrella,454.23,True
SKU-Z83Y0224WK,PowerBrick-C,Phones,Contoso,336.55,True
SKU-0YEHVDO9KH,PowerBrick-A,Audio,Globex,1669.9,True
SKU-BA5MF36BCP,AirSpeaker-E,Audio,Acme,720.1,True
SKU-WEIJMMB5JF,ChargeCable-A,Audio,Acme,912.34,True
SKU-YSYZ7PQ4DD,TabPro-A,Phones,Acme,60.78,True
SKU-V283BDW56F,AirSpeaker-B,Tablets,Initech,774.45,True
SKU-KPS0DXME4P,ChargeCable-E,Phones,Contoso,1541.25,False
SKU-O1I3MSDN1M,ZenBook-A,Tablets,Globex,1642.62,True
SKU-XF1PI2OOQ4,ChargeCable-C,Accessories,Umbrella,1398.32,True
SKU-2NBFA37DL9,FitBand-D,Phones,Globex,1385.21,True
SKU-FC1XX6CWZX,AlphaPhone-E,Tablets,Contoso,1014.44,True
SKU-SKOYTK06AK,FitBand-B,Accessories,Acme,1078.43,True
SKU-T7ZQHT2XZ5,PowerBrick-E,Accessories,Initech,1485.81,True
SKU-2OHKBM00E9,AirSpeaker-B,Tablets,Contoso,498.12,True
SKU-KDTS1FB2VI,AirSpeaker-D,Tablets,Contoso,466.65,True
SKU-109DCNWMBX,NoiseBuds-C,Laptops,Umbrella,1899.15,True
SKU-EK0Q929U6W,FitBand-A,Accessories,Globex,60.21,True
SKU-TVMK2ZYZSI,TabPro-E,Tablets,Globex,283.09,True
SKU-LU3NDZ3CC5,PowerBrick-B,Accessories,Umbrella,1142.24,True
SKU-RQNSVSOJRP,ZenBook-D,Phones,Initech,1476.24,True
SKU-P7R93FEZEZ,PowerBrick-A,Wearables,Acme,1077.55,True
SKU-5EHR07N8VO,NoiseBuds-D,Wearables,Acme,713.0,True
SKU-EUBFN9KR2F,NoiseBuds-C,Audio,Initech,1955.08,True
SKU-VB66H3REM5,NoiseBuds-A,Tablets,Umbrella,1408.48,False
SKU-PUU62RZV1S,AirSpeaker-A,Tablets,Contoso,1662.79,True
SKU-QQQ5L2XOIO,AlphaPhone-A,Accessories,Globex,85.25,True
SKU-T860X5ZU2Z,ChargeCable-B,Audio,Contoso,475.42,True
SKU-UEUGWUBUGR,TabPro-A,Tablets,Globex,751.1,True
SKU-6E7GA2IZ5P,PowerBrick-D,Accessories,Contoso,369.11,True
SKU-3VOB5APO4L,AirSpeaker-B,Tablets,Umbrella,150.36,True
SKU-JEDGFJDLOG,PowerBrick-A,Accessories,Umbrella,453.83,True
SKU-WLACOLOLN3,ZenBook-D,Tablets,Initech,1069.07,True
SKU-EH1VR1NECQ,AirSpeaker-D,Laptops,Contoso,1392.32,False
SKU-OROI5J8YIT,AlphaPhone-E,Accessories,Contoso,1548.4,True
SKU-2KODWH8N92,PowerBrick-D,Laptops,Initech,90.61,True
SKU-TP6QAQ3K8A,AirSpeaker-C,Laptops,Initech,858.4,True
SKU-7RV4NMWVSB,AirSpeaker-A,Laptops,Umbrella,248.69,True
SKU-0UKOEFUKPV,FitBand-A,Laptops,Umbrella,864.81,False
SKU-8LYMJ1QI9M,ZenBook-A,Phones,Contoso,870.35,True
SKU-QVAYXAR6YO,NoiseBuds-D,Audio,Umbrella,998.43,True
SKU-6Z1T2XCB3Y,ZenBook-D,Wearables,Umbrella,1785.3,True
SKU-YM33MG1ZAQ,ZenBook-A,Phones,Contoso,1610.36,True
SKU-7QHAK7MDWK,FitBand-B,Tablets,Initech,1274.62,True
SKU-ZIRNK6ZHH3,ChargeCable-B,Tablets,Contoso,1770.5,True
SKU-O5URTXUYUC,AirSpeaker-C,Audio,Acme,1357.87,True
SKU-ECJUIS2GY9,TabPro-E,Wearables,Contoso,1637.8,True
SKU-YTJUQ7X7B7,NoiseBuds-C,Wearables,Acme,1129.17,True
SKU-P9JYQN15IK,PowerBrick-A,Wearables,Contoso,1052.29,True
SKU-PQAHCUA09P,ChargeCable-A,Laptops,Acme,1448.85,True
SKU-CIFLWDR3VW,AlphaPhone-A,Phones,Acme,44.26,True
SKU-MJDIMBM271,AirSpeaker-E,Tablets,Contoso,1381.61,True
SKU-W1WUDCBL4C,NoiseBuds-D,Phones,Umbrella,1868.43,True
SKU-E7PKWCYUKN,TabPro-E,Phones,Globex,1428.6,True
SKU-D1IVXAN25W,AirSpeaker-C,Phones,Umbrella,78.37,True
SKU-M72QLGDVC2,AlphaPhone-D,Wearables,Acme,758.5,True
SKU-GUWJP0QI2C,FitBand-D,Audio,Contoso,1619.31,True
SKU-LP81L51FLM,ChargeCable-C,Audio,Contoso,1916.47,True
SKU-NAVYCS44PH,AirSpeaker-D,Wearables,Contoso,743.11,True
SKU-H62MYZ9VLU,NoiseBuds-B,Tablets,Contoso,1682.34,True
SKU-8WPFQ2BHAI,ZenBook-C,Tablets,Globex,1727.44,False
SKU-IWI08L0HG9,PowerBrick-C,Tablets,Initech,250.83,True
SKU-NCBEKGV1BB,PowerBrick-B,Audio,Acme,1691.5,True
SKU-HG5ZMTGA46,PowerBrick-E,Audio,Globex,651.55,True
SKU-AYN2D7KI3X,TabPro-E,Phones,Umbrella,1187.92,True
SKU-79955CF72G,AirSpeaker-E,Wearables,Initech,1079.69,True
SKU-NNV9IBWGT2,PowerBrick-D,Laptops,Initech,1327.13,True
SKU-LB25485HCQ,NoiseBuds-B,Phones,Contoso,1481.49,True
SKU-XCS1XSRQLN,ZenBook-C,Accessories,Globex,884.12,True
SKU-ZZRJO7VBHH,NoiseBuds-C,Audio,Umbrella,1776.29,True
SKU-5OL5U7NTED,AirSpeaker-C,Phones,Contoso,1619.14,True
SKU-QMVQWPQO2L,AlphaPhone-D,Wearables,Contoso,1571.13,True
SKU-NGIXMC4SX2,ZenBook-D,Accessories,Acme,918.74,True
SKU-7DCBHHLK3Y,ZenBook-E,Phones,Initech,79.92,True
SKU-JZ99106AK3,NoiseBuds-D,Wearables,Umbrella,986.56,True
SKU-2OOUXQS1FO,FitBand-E,Wearables,Initech,1796.5,True
SKU-I0RS210Q2L,AirSpeaker-E,Audio,Globex,384.76,True
SKU-G1ZHQUNUE7,PowerBrick-C,Laptops,Acme,1964.29,True
SKU-A34MPYO2TL,FitBand-D,Phones,Contoso,1615.54,True
SKU-A27F8LWVV5,ChargeCable-E,Wearables,Acme,1420.4,True
SKU-9HOTGDUQ6D,PowerBrick-B,Tablets,Contoso,1355.26,False
SKU-DTBYRGC8KI,AlphaPhone-B,Wearables,Acme,1175.53,True
SKU-XCCSG4OFDT,FitBand-D,Laptops,Contoso,1442.02,True
SKU-RC85EHPZRV,NoiseBuds-C,Wearables,Initech,846.28,False
SKU-7VSYJAFCO3,AirSpeaker-C,Audio,Initech,1690.5,True
SKU-S65QU0K5QZ,FitBand-E,Phones,Initech,1393.51,True
SKU-ZKW3GI60Q6,ChargeCable-D,Audio,Initech,1542.88,True
SKU-GUO8I5JWK6,TabPro-B,Phones,Acme,1585.22,True
SKU-Z0HR9T9CD1,ChargeCable-E,Accessories,Contoso,188.59,True
SKU-LQJSQCZ0N0,ZenBook-E,Phones,Initech,115.95,True
SKU-4OAE7L0RCT,PowerBrick-A,Accessories,Acme,1602.17,False
SKU-I8F34GADKT,AirSpeaker-D,Audio,Contoso,522.21,True
SKU-OC1YFMHBYH,ZenBook-E,Tablets,Acme,1165.45,True
SKU-Z43XZ6OLBA,FitBand-B,Laptops,Initech,889.76,True
SKU-117NIDP9MG,FitBand-A,Tablets,Globex,48.95,True
SKU-YH523GGODL,ChargeCable-B,Accessories,Acme,85.32,True
SKU-UGHT7EHMGO,ChargeCable-C,Wearables,Initech,1654.29,True
SKU-LOQC3XNCHK,NoiseBuds-A,Wearables,Umbrella,1216.71,True
SKU-V9DT94G8V9,AlphaPhone-A,Tablets,Contoso,1049.54,True
SKU-ZY9YLW5L4R,NoiseBuds-E,Wearables,Initech,1888.04,False
SKU-MVVNXIV9IW,ZenBook-C,Accessories,Umbrella,350.19,True
SKU-6L01WCNKFH,NoiseBuds-E,Audio,Acme,519.39,True
SKU-B7V80LKX1S,ChargeCable-D,Laptops,Acme,1513.94,True
SKU-9XKA4LIT6X,AirSpeaker-B,Phones,Umbrella,1550.82,True
SKU-IYZVNLPA5C,NoiseBuds-B,Accessories,Umbrella,812.37,True
SKU-GWFHDV37IC,TabPro-E,Accessories,Contoso,1901.25,True
SKU-0LZIGIKQWJ,PowerBrick-B,Phones,Acme,1875.88,True
SKU-2C9OGPS013,AlphaPhone-B,Phones,Umbrella,29.74,True
SKU-2AN417VF0J,ChargeCable-D,Laptops,Globex,348.62,True
SKU-QQNVCEQFGA,AirSpeaker-C,Laptops,Globex,1640.52,True
SKU-S0R778NRXV,FitBand-A,Laptops,Umbrella,673.42,True
SKU-OB7NUGPJ60,PowerBrick-E,Wearables,Contoso,195.35,True
SKU-SRYZX70IB3,NoiseBuds-E,Accessories,Acme,1570.29,True
SKU-WYZXJQYJV8,ChargeCable-D,Audio,Globex,911.44,False
SKU-4A1X7OV6SG,FitBand-D,Phones,Umbrella,986.87,True
SKU-P3JK8XNLO5,FitBand-A,Accessories,Umbrella,376.62,True
SKU-0DW1MF07OL,ZenBook-C,Accessories,Initech,1322.82,True
SKU-93ACZSX0GN,ZenBook-E,Laptops,Umbrella,1104.18,False
SKU-ZHG8Q3GCG1,AirSpeaker-D,Laptops,Contoso,417.11,True
SKU-J6OWW5FKNJ,ChargeCable-E,Accessories,Globex,683.62,True
SKU-MVRYDC1AU9,PowerBrick-B,Laptops,Initech,1195.18,True
SKU-DSAV917RMP,AirSpeaker-E,Wearables,Globex,1849.2,True
SKU-N6937XNCML,ChargeCable-C,Phones,Globex,1840.23,True
SKU-DQZ05EV5KZ,TabPro-C,Accessories,Contoso,579.08,True
SKU-3NWXROG983,AlphaPhone-E,Phones,Umbrella,1471.83,True
SKU-AMB3LPVOWC,AlphaPhone-B,Wearables,Contoso,1551.39,True
SKU-P779460KHF,PowerBrick-C,Laptops,Umbrella,1617.79,True
SKU-SU4SE2KYT5,ChargeCable-D,Tablets,Initech,1143.1,True
SKU-GQEXIH1XDP,ZenBook-E,Wearables,Contoso,25.95,True
SKU-ZF761HJR6E,PowerBrick-B,Tablets,Contoso,1523.78,True
SKU-ET0DY571VX,NoiseBuds-D,Phones,Acme,217.56,True
SKU-NZ0NXU43IE,AirSpeaker-E,Accessories,Contoso,238.04,True
SKU-DD070EN48U,TabPro-B,Laptops,Acme,1212.62,True
SKU-ACT49LNY2S,AlphaPhone-D,Wearables,Umbrella,1966.14,True
SKU-VHOTQF74RQ,ChargeCable-C,Laptops,Umbrella,488.62,True
SKU-VFX2ZVL9E9,ZenBook-E,Tablets,Umbrella,1292.75,True
SKU-ZR3RZN9L3H,ZenBook-E,Tablets,Acme,610.49,True
SKU-03ZB5GRO9X,ZenBook-C,Audio,Umbrella,1797.06,True
SKU-49TMY91OTK,AirSpeaker-A,Accessories,Globex,1188.47,True
SKU-ZH4OE1U24Z,NoiseBuds-D,Tablets,Contoso,418.71,True
SKU-QFEZKFH00A,FitBand-C,Accessories,Acme,527.69,True
SKU-0UY9F8P47D,PowerBrick-E,Audio,Umbrella,867.37,True
SKU-9GB9XV8WOB,AirSpeaker-D,Wearables,Globex,248.35,True
SKU-IRY8XNY2X1,NoiseBuds-D,Audio,Contoso,161.99,True
SKU-5XJXNECRYS,ZenBook-A,Accessories,Contoso,1361.04,True
SKU-AUUJ02GRXP,ChargeCable-E,Tablets,Umbrella,816.89,True
SKU-UDC62G3AUT,PowerBrick-B,Phones,Globex,1453.09,True
SKU-3RSVZ2E186,TabPro-A,Accessories,Acme,224.46,True
SKU-GVGT2EEHFU,NoiseBuds-A,Laptops,Umbrella,1221.07,True
SKU-4B9SNTP8AK,ChargeCable-B,Phones,Contoso,888.95,True
SKU-8S2XQUZS9M,AirSpeaker-B,Accessories,Contoso,120.65,True
SKU-THD3IGK38V,AirSpeaker-A,Laptops,Contoso,1091.34,True
SKU-HMEWCJN6OC,PowerBrick-D,Audio,Umbrella,170.11,True
SKU-JPZTC09ZGN,ZenBook-C,Phones,Initech,1655.47,True
SKU-X3VPF9PAVC,TabPro-C,Accessories,Initech,1265.12,True
SKU-EDTCXNMJ5I,AlphaPhone-A,Wearables,Initech,1115.59,True
SKU-AN8ND7G0L3,AlphaPhone-D,Audio,Globex,271.14,True
SKU-RTZ5TV6G8O,AirSpeaker-B,Laptops,Umbrella,578.19,True
SKU-M08TV4REAS,ChargeCable-A,Wearables,Contoso,987.79,True
SKU-FEN0B09ZIV,TabPro-E,Tablets,Globex,1267.77,True
SKU-ZG92SJP753,ChargeCable-D,Audio,Initech,370.36,True
SKU-K48OLDC08F,TabPro-E,Audio,Acme,22.68,True
SKU-C0TR58PS0R,TabPro-E,Accessories,Globex,692.45,True
SKU-S95ZOW60ZZ,AirSpeaker-A,Accessories,Globex,967.85,True
SKU-0I0835TVV8,ChargeCable-D,Laptops,Umbrella,372.76,True
SKU-Y5SIC4S8PN,AirSpeaker-E,Audio,Globex,986.38,True
SKU-NE6IT1EKKH,PowerBrick-D,Accessories,Umbrella,679.94,True
SKU-0UHK7X3BQW,TabPro-C,Tablets,Acme,912.45,True
SKU-RMWLMA6GMD,NoiseBuds-E,Accessories,Contoso,697.83,True
SKU-RDSFERFXIO,ZenBook-E,Audio,Contoso,1258.16,True
SKU-KPG3DP4FMP,PowerBrick-D,Phones,Initech,90.54,True
SKU-M5HGBO06FH,TabPro-C,Wearables,Initech,345.79,True
SKU-RXJPT2ZL15,NoiseBuds-E,Audio,Acme,867.91,True
SKU-S74NDDAFS1,TabPro-A,Tablets,Contoso,715.46,False
SKU-IYM90PKR1I,NoiseBuds-D,Audio,Initech,785.91,True
SKU-FSI159I3HZ,ChargeCable-D,Tablets,Globex,1607.7,True
SKU-3ZSG9VWIEB,AlphaPhone-E,Audio,Umbrella,1772.35,True
SKU-97PWDBOLWI,FitBand-C,Wearables,Initech,500.85,True
SKU-MRSXKJKMPL,PowerBrick-E,Wearables,Acme,1672.76,True
SKU-BBB0HQ6DG8,TabPro-B,Tablets,Contoso,919.83,True
SKU-NKDAT5L0N2,FitBand-E,Audio,Acme,551.0,True
SKU-TNXHN5E0EV,TabPro-B,Wearables,Umbrella,1970.0,True
SKU-6XGZ7CTM09,ChargeCable-A,Laptops,Umbrella,1649.65,False
SKU-HZBGTJ5469,ChargeCable-D,Audio,Acme,1987.54,False
SKU-6QZ6CP7SAV,NoiseBuds-D,Wearables,Initech,340.37,True
SKU-ZEBU2Y0OY5,TabPro-C,Phones,Initech,291.82,True
SKU-8F1N2OJGFH,ChargeCable-E,Phones,Contoso,1008.74,False
SKU-Z52QZSKHZT,ChargeCable-A,Laptops,Contoso,1278.46,True
SKU-GBIBF57J2X,TabPro-B,Wearables,Globex,346.09,True
SKU-I3TAMVNCZT,NoiseBuds-C,Phones,Globex,1720.7,True
SKU-ZOWLC33H8G,NoiseBuds-A,Audio,Contoso,1065.83,True
SKU-8T922D0NX5,NoiseBuds-A,Accessories,Globex,824.42,True
SKU-WT3HJU31FI,NoiseBuds-B,Wearables,Acme,1205.5,True
SKU-0N6DGG5GR0,AlphaPhone-B,Laptops,Initech,1271.1,True
SKU-XAFGOVCCI6,TabPro-D,Wearables,Globex,90.31,True
SKU-8DS03VNA31,AirSpeaker-E,Tablets,Globex,1998.79,True
SKU-XBIDFWA88D,AlphaPhone-C,Tablets,Acme,730.66,True
SKU-0MZHRUPFLF,ChargeCable-E,Phones,Umbrella,127.72,True
SKU-CYWE3DKS4F,AlphaPhone-C,Tablets,Contoso,1704.53,True
SKU-6APFXI5N53,PowerBrick-A,Laptops,Acme,1985.08,True
SKU-EGDD8MWE77,AirSpeaker-B,Phones,Umbrella,1632.82,True
SKU-6VGTVYFYK3,AirSpeaker-B,Laptops,Acme,1703.65,False
SKU-MD6X73ZCA7,AirSpeaker-A,Audio,Initech,1253.11,True
SKU-FXLOZ2RCU8,NoiseBuds-A,Laptops,Acme,1844.12,True
SKU-KD9GNLPYO2,ChargeCable-C,Tablets,Acme,76.26,True
SKU-M2XIPRTT3N,AlphaPhone-A,Audio,Initech,1533.85,True
SKU-UPUY0ZIA9A,AlphaPhone-C,Tablets,Contoso,1342.4,True
SKU-U87CM453KF,PowerBrick-E,Laptops,Umbrella,103.87,True
SKU-486I3CE8ZN,TabPro-B,Tablets,Globex,1089.68,True
SKU-A8NZXC45BN,AlphaPhone-B,Tablets,Contoso,1032.03,True
SKU-CCU3FG00ZK,PowerBrick-B,Tablets,Acme,1383.92,True
SKU-OM2ZKF5B1S,ChargeCable-E,Wearables,Globex,159.6,True
SKU-A3Y5T37SZP,NoiseBuds-E,Audio,Initech,1610.73,True
SKU-F9S9EHWHG0,TabPro-D,Audio,Contoso,282.97,True
SKU-U43QLX3F2X,PowerBrick-C,Audio,Umbrella,839.82,True
SKU-HDCV4BKTCV,AlphaPhone-C,Laptops,Contoso,1762.29,True
SKU-1LTWBJ9UU2,TabPro-D,Accessories,Contoso,1122.7,True
SKU-BL7AMKOH10,FitBand-B,Laptops,Globex,761.9,True
SKU-9ZDO0D3FVN,TabPro-C,Audio,Initech,101.12,True
SKU-V4KFQ5DZ53,AirSpeaker-C,Phones,Initech,1345.51,True
SKU-X1F8S0X7M2,NoiseBuds-B,Tablets,Contoso,1972.17,True
SKU-MM4P61NHVC,AirSpeaker-A,Tablets,Initech,1823.12,True
SKU-FWR2F5T82D,FitBand-A,Accessories,Globex,1435.29,True
SKU-DL7FKNDG1J,AirSpeaker-D,Phones,Globex,214.95,True
SKU-RJ5XFEUB4O,FitBand-E,Wearables,Umbrella,482.44,True
SKU-47EN48NYSJ,TabPro-C,Laptops,Initech,377.58,True
SKU-5YWX0I3A4K,ChargeCable-C,Wearables,Umbrella,713.79,True
SKU-FOCNQDQX6Q,NoiseBuds-D,Phones,Acme,474.62,True
SKU-D0771HLL9R,ChargeCable-D,Accessories,Globex,492.41,True
SKU-ZRKBFQXLBV,NoiseBuds-C,Phones,Contoso,1234.76,True
SKU-N7NPRB58YJ,PowerBrick-B,Accessories,Globex,640.49,True
SKU-WDCOKZ5SYJ,NoiseBuds-B,Wearables,Acme,1355.26,True
SKU-3D6M1FMPRY,AirSpeaker-E,Wearables,Contoso,1895.09,True
SKU-FZMYOA2VCY,AirSpeaker-C,Phones,Initech,1278.12,True
SKU-WL9700LFQF,ChargeCable-C,Phones,Initech,1503.8,True
SKU-5E8OSAQ3EQ,ZenBook-C,Tablets,Globex,1503.65,True
SKU-8DH9PTFNM8,PowerBrick-C,Accessories,Contoso,664.42,True
SKU-8UA3A6S5ZX,FitBand-D,Tablets,Contoso,34.83,True
SKU-QOMTS1EGPG,AirSpeaker-A,Laptops,Umbrella,114.77,True
SKU-VTN4YPKW74,PowerBrick-C,Laptops,Acme,567.43,True
SKU-93DXWOR17D,AirSpeaker-A,Phones,Initech,1379.95,True
SKU-PUBKPIQNHQ,AirSpeaker-B,Wearables,Globex,1812.93,True
SKU-E86O3Z0ANI,TabPro-E,Laptops,Contoso,1916.84,True
SKU-K5J42OI6OA,ChargeCable-B,Laptops,Initech,56.54,True
SKU-FN33VM89I9,ChargeCable-C,Tablets,Globex,1979.23,True
SKU-GX32UEW9G6,AirSpeaker-B,Tablets,Initech,648.06,True
SKU-SPD2SW24WJ,TabPro-D,Laptops,Globex,1685.85,True
SKU-T8HDPWVBZ7,AirSpeaker-A,Phones,Initech,364.51,True
SKU-CN0EQWMI6K,FitBand-C,Tablets,Umbrella,130.42,True
SKU-TI221XJ7WW,TabPro-D,Laptops,Acme,759.44,True
SKU-UDQVDK6DRN,AirSpeaker-A,Wearables,Initech,1717.7,True
SKU-4ORAC8CYNL,NoiseBuds-D,Tablets,Acme,445.32,True
SKU-63GAGUVB99,ZenBook-B,Laptops,Initech,311.99,True
SKU-RWTF07GBAS,NoiseBuds-C,Accessories,Contoso,1819.15,True
SKU-F5EHLH07JR,ZenBook-B,Tablets,Umbrella,1876.04,True
SKU-8MTK0RSOGG,TabPro-E,Accessories,Umbrella,30.02,False
SKU-Y5KOV1L28R,NoiseBuds-C,Tablets,Acme,1455.51,True
SKU-5P03WVPUNW,FitBand-B,Tablets,Contoso,621.56,True
SKU-CGBSVK3X8M,PowerBrick-C,Audio,Globex,752.16,True
SKU-BGL2MCXN2E,NoiseBuds-A,Audio,Umbrella,940.39,True
SKU-LALQ26UNVS,ChargeCable-C,Accessories,Contoso,856.02,True
SKU-DKV54C6P1L,PowerBrick-C,Phones,Contoso,1031.86,True
SKU-LH2R9PEGLN,PowerBrick-A,Laptops,Acme,1166.23,True
SKU-UKX496K4O6,ZenBook-B,Phones,Contoso,933.4,True
SKU-7BXCD20J1O,ZenBook-C,Phones,Contoso,1403.92,False
SKU-ULWOZQ48EN,AirSpeaker-D,Audio,Globex,1437.89,True
SKU-WBBADLYPGG,FitBand-C,Laptops,Acme,883.08,False
SKU-6N6975J2D8,ZenBook-B,Audio,Acme,289.07,True
SKU-CLW3JGEQE5,ZenBook-A,Audio,Contoso,1282.43,True
SKU-158OQESUX9,AirSpeaker-B,Audio,Globex,1546.28,True
SKU-L0IJKCU5X0,FitBand-E,Wearables,Initech,1277.39,True
SKU-HC8CAH3GDH,NoiseBuds-C,Phones,Umbrella,1177.58,True
SKU-VS41LQFS6H,TabPro-C,Phones,Acme,462.45,True
SKU-N95S2GKFL5,NoiseBuds-A,Phones,Globex,1291.4,True
SKU-XF50I6GBXQ,ChargeCable-C,Wearables,Globex,672.7,False
SKU-J7DPFSSBJD,ChargeCable-D,Tablets,Contoso,1838.6,True
SKU-X0PKOVTRPY,ZenBook-D,Accessories,Umbrella,1308.52,True
SKU-X8HBBJCDIW,PowerBrick-B,Accessories,Acme,559.69,True
SKU-ZOD05JH2MK,ChargeCable-A,Wearables,Initech,948.02,True
SKU-V0DSZRK6IL,TabPro-E,Phones,Contoso,1693.08,True
SKU-CG6FARMGJC,ZenBook-B,Accessories,Acme,673.92,True
SKU-Y4V8URID3U,AirSpeaker-A,Wearables,Acme,1052.73,False
SKU-94SGFDK0Q0,ChargeCable-A,Audio,Globex,1360.26,True
SKU-9JRNAMZ614,PowerBrick-B,Laptops,Umbrella,1509.53,True
SKU-6VEY0A94XF,AirSpeaker-B,Accessories,Initech,351.74,True
SKU-RI09M0G8W8,AlphaPhone-C,Laptops,Umbrella,1131.91,True
SKU-5Y6Q8SJY5O,AlphaPhone-E,Phones,Globex,1823.93,True
SKU-P9LBSMWPQ8,AlphaPhone-D,Accessories,Initech,1935.91,True
SKU-2K8RYQF8WX,AirSpeaker-C,Wearables,Initech,1313.35,False
SKU-KK2ABKVBLP,AlphaPhone-A,Tablets,Contoso,1966.42,True
SKU-XAJMK4X1FD,NoiseBuds-E,Accessories,Initech,1143.05,True
SKU-J9HVCHRM3W,AlphaPhone-E,Accessories,Acme,887.55,True
SKU-P8DJKLUYLU,ZenBook-B,Accessories,Umbrella,1104.87,True
SKU-YHETKDUWTN,FitBand-E,Accessories,Umbrella,235.73,True
SKU-5PEPL7ZQPP,NoiseBuds-E,Wearables,Contoso,806.02,True
SKU-OAU8P1WKIS,PowerBrick-A,Wearables,Initech,919.06,True
SKU-ETUK1OOA35,FitBand-C,Tablets,Globex,1697.16,True
SKU-QBB3XMDKRL,ZenBook-E,Wearables,Acme,1517.75,True
SKU-C0Y0BHF0RI,PowerBrick-B,Wearables,Contoso,1204.24,True
SKU-Y4KL9ARYEA,ZenBook-C,Phones,Initech,697.47,False
SKU-VEDHR3PCEO,TabPro-B,Phones,Globex,377.95,True
SKU-934T3Y4WPW,PowerBrick-E,Laptops,Initech,698.44,True
SKU-G3XG0TRKY8,NoiseBuds-C,Tablets,Contoso,1360.53,True
SKU-RYOZDPPBQU,FitBand-E,Phones,Globex,529.5,False
SKU-AKX6WB68Q0,AlphaPhone-A,Tablets,Globex,856.21,True
SKU-J9M4SMZOCX,ZenBook-C,Tablets,Globex,776.22,True
SKU-MZMZ2K1KO6,AlphaPhone-B,Accessories,Globex,1531.59,True
SKU-XNQXU71SEL,PowerBrick-A,Audio,Initech,1767.27,True
SKU-8MWOB4FDD7,FitBand-D,Audio,Globex,1399.55,True
SKU-R1930I6G61,AirSpeaker-B,Audio,Initech,686.15,True
SKU-PCWE4C1V47,NoiseBuds-E,Tablets,Globex,868.76,False
SKU-LZN9UHJPKH,ChargeCable-B,Accessories,Globex,290.84,True
SKU-F33GUWYH36,AirSpeaker-D,Laptops,Contoso,340.19,True
SKU-MOTCG06XR3,PowerBrick-B,Laptops,Initech,332.6,True
SKU-URMWUECPNC,PowerBrick-A,Audio,Initech,265.39,True
SKU-C2KEIVLI77,AirSpeaker-B,Laptops,Umbrella,363.08,True
SKU-JZC58CU47S,ChargeCable-C,Accessories,Contoso,409.16,True
SKU-OCZDQ7JBMJ,PowerBrick-D,Audio,Initech,228.02,True
SKU-M1FT07X5IC,PowerBrick-B,Accessories,Contoso,1281.68,True
