event_id,user_id,session_id,event_time,event_type,page,referrer
EVT-F10OO1PVLND5,306,SES-4YL1W9JPKP,2025-10-12 09:30:39,click,/account,email
EVT-81LTO4RQ3Q7G,2996,SES-F3UZ3AOEAO,2025-10-03 19:04:59,add_to_cart,/cart,email
EVT-KTMQG6NX9OWW,3709,SES-EULTMD3BPE,2025-10-29 13:30:47,page_view,/home,google
EVT-EW9V08LIUQDN,2215,SES-QPRVILAP1J,2025-12-16 06:02:35,add_to_cart,/account,email
EVT-05XT54FN5G77,4149,SES-55CUK5X6G2,2025-10-28 13:37:49,click,/support,email
EVT-LK6HQIV929SE,1210,SES-KRT47Z0A69,2025-08-04 02:56:41,page_view,/account,email
EVT-VL7FQ8ABY595,276,SES-0Q5N5KXQHX,2025-08-30 01:06:57,scroll,/cart,bing
EVT-CPJZE1XTAR0K,147,SES-TDQY89FIQ0,2025-12-17 18:55:45,click,/products,direct
EVT-O31NZSXPEFJ3,3549,SES-FCUZLZOO0A,2025-09-20 09:07:30,click,/cart,bing
EVT-1EGOM62HDXC6,4726,SES-HWY423PACE,2025-12-25 12:59:47,page_view,/checkout,google
EVT-RIJKQ2ZUV1FK,1954,SES-2F346ZSSJN,2025-12-19 11:40:10,page_view,/account,affiliate
EVT-HNNK8FWRPK0Z,852,SES-J8TH1PQUA2,2025-12-09 19:47:24,search,/products,google
EVT-FKNWBHKVJZ09,4524,SES-F9TO0WZN4X,2025-11-20 02:12:53,add_to_cart,/account,google
EVT-OWGMF4LN5RGS,488,SES-J765VA97KZ,2025-10-17 08:18:33,click,/product,affiliate
EVT-G6A8MLIK22XM,1554,SES-B5FW1DUHBX,2025-08-27 03:42:36,search,/support,direct
EVT-Q66442SIHXOD,1762,SES-6ADLOR2TYZ,2025-10-27 14:24:53,click,/home,direct
EVT-LCTT058CUIJ0,3184,SES-C5HSSX0BJC,2025-12-16 18:25:33,click,/checkout,bing
EVT-YXIYQBVTDG3C,584,SES-KJCO6MY4GW,2025-11-26 08:46:22,page_view,/checkout,direct
EVT-6SCIVUQT2LWH,4712,SES-DSHLLSHWA7,2025-08-07 05:52:15,click,/home,direct
EVT-EDHTHRUU5E51,4311,SES-SLKD4QJD7B,2025-11-23 13:51:54,page_view,/cart,social
EVT-H3WQA1VRGSS8,4606,SES-52XOVYXHZP,2025-10-31 11:32:57,page_view,/home,google
EVT-K5IJULP98RL9,511,SES-DSO9SPDU3N,2025-10-29 21:33:28,scroll,/home,direct
EVT-QFCPK7PWTG21,4122,SES-M0SXFC5Z5L,2025-10-21 03:30:24,page_view,/cart,direct
EVT-HSLTDKVUFF12,3814,SES-9HGMTVPPFN,2025-08-13 05:37:27,page_view,/account,direct
EVT-4VF89X22J7Q4,2241,SES-NIIX1SKNXD,2025-10-11 04:18:27,page_view,/product,google
EVT-KFMM0QPOP1O8,2151,SES-6ZMBYTJPTV,2025-10-30 18:03:45,page_view,/support,direct
EVT-M291AZHZKNL2,3203,SES-H31A2MF3G1,2025-12-20 04:45:51,page_view,/home,social
EVT-LUHHS4DILRZQ,343,SES-PUXJCN0CL5,2025-11-13 08:58:35,page_view,/cart,google
EVT-8BXY6RKVNDXJ,1424,SES-NKDI2QG6TU,2025-09-13 08:38:24,click,/checkout,direct
EVT-N7DE0L1OFFKH,3868,SES-Q54X1I5482,2025-10-23 08:24:58,click,/home,direct
EVT-DIU1JTKA1C2Z,4396,SES-Q78E5SFE0X,2025-08-28 09:59:13,add_to_cart,/support,google
EVT-L46Q5GQQLYZJ,146,SES-7H2CPCC3ZK,2025-08-23 16:12:44,scroll,/account,direct
EVT-0AEOORBT6SAP,2818,SES-GYR58MX4YQ,2025-08-12 15:43:01,click,/account,google
EVT-BS22RUW0U92T,4558,SES-Q14267YURN,2025-12-30 16:53:57,page_view,/home,social
EVT-24D7V911PJQ5,916,SES-ZP1OQKV0N4,2025-09-20 04:51:01,page_view,/account,google
EVT-0XCXMSY3PAUA,4920,SES-H2AWNF3KEY,2025-11-16 12:16:59,add_to_cart,/product,direct
EVT-3AIPJIYLQX1U,1912,SES-YN2W8G4U1I,2025-12-28 21:28:58,click,/product,email
EVT-M55F1HGAV42T,3702,SES-WAAYRIBERX,2025-10-01 03:45:01,page_view,/checkout,direct
EVT-8LLIHKPJ7HME,1340,SES-E6L0DCZ6PB,2025-08-26 03:04:30,page_view,/product,direct
EVT-6P4NP00NQOHN,2247,SES-BOUZY46V57,2025-09-27 00:27:06,add_to_cart,/account,direct
EVT-3DG60E1ERV0L,3918,SES-HLSZM6VDUQ,2025-12-21 21:29:06,click,/support,social
EVT-G92MJEQA2O4M,2952,SES-DJI6SOW4YI,2025-10-07 17:56:09,click,/checkout,social
EVT-84P4K9DXOQ8J,498,SES-F5D9REXPFS,2025-08-06 10:56:54,page_view,/account,direct
EVT-XLFIUEFZ1C25,2949,SES-LTJ669REA3,2025-11-19 08:01:00,click,/home,google
EVT-XNOFG7803G5D,791,SES-Y0XAOBK02L,2025-12-08 08:27:40,add_to_cart,/cart,direct
EVT-FRLW6JL2L5B5,4201,SES-VUMHF5OX05,2025-08-24 16:39:30,search,/product,bing
EVT-6BNVSFA6D9ER,10,SES-ZHI646NZ3H,2025-09-04 15:09:44,add_to_cart,/checkout,direct
EVT-94TEVWLQ6EXN,3099,SES-A6CBB3VCPE,2025-09-16 17:51:26,click,/product,direct
EVT-WZR04HHE7ICD,2817,SES-A74TBS9IZK,2025-08-31 19:31:49,click,/product,email
EVT-O5DIGXL9YSU5,327,SES-M5VGYWI7ZW,2025-10-28 10:30:12,click,/products,direct
EVT-1EPXU7B6NBHG,3567,SES-PD1OTXS3FE,2025-10-15 12:46:17,page_view,/home,direct
EVT-FB2FLURMW3UQ,883,SES-WSM91KQZJQ,2025-11-26 11:41:28,search,/product,email
EVT-HWTEK17M6J3R,1672,SES-AMZC39BMTH,2025-12-08 03:13:50,click,/cart,email
EVT-TXYMSCNX8EIQ,738,SES-2I5P7VWKFU,2025-11-12 11:41:15,click,/support,bing
EVT-ETK5LP9C5SO7,2175,SES-90FPI90MB0,2025-09-28 17:17:24,scroll,/products,social
EVT-9H4HA0MVF4S2,924,SES-ORR5SR5ET3,2025-11-04 02:48:20,scroll,/checkout,google
EVT-NI8TNDFWW41F,4267,SES-H7PSXMDX52,2025-10-02 18:07:22,click,/checkout,direct
EVT-7V4K88K686QE,4483,SES-F7GFPPSYAZ,2025-12-23 08:05:03,page_view,/cart,direct
EVT-7AJUL7W8COF3,2825,SES-HXDO3GTXYZ,2025-09-23 09:28:16,page_view,/cart,direct
EVT-138I2XOG4C8J,1154,SES-8AKV3UDLWR,2025-12-03 19:20:59,search,/support,direct
EVT-6E07FPY1AELD,2071,SES-FLVRKTGU8T,2025-12-27 21:36:06,page_view,/home,google
EVT-WQXKE0QC96MJ,4601,SES-L777K1D8NR,2025-08-22 03:16:47,scroll,/cart,direct
EVT-9N6EQV5Y21ID,921,SES-UU8F855MDT,2025-12-03 15:45:23,page_view,/checkout,google
EVT-9VVN5X48PW5K,3483,SES-CE9SB5MBZG,2025-11-05 09:42:31,click,/home,direct
EVT-0JJSP49CD3IR,1444,SES-JZG8U6MQBI,2025-11-24 04:17:07,click,/cart,google
EVT-VXD2ZU4NS7NV,4508,SES-AFHE0FWCS4,2025-08-29 00:02:33,page_view,/cart,bing
EVT-V28UE1MY6PO0,2802,SES-BJU8OXM9F4,2025-12-27 15:12:14,search,/account,google
EVT-M24US73W1YAU,1776,SES-OHEUN5A8XA,2025-08-02 17:43:33,click,/checkout,direct
EVT-A8D7204J3M9I,29,SES-EJGNZFZUNQ,2025-09-11 18:25:51,page_view,/home,affiliate
EVT-QBQ9J2H1TLOM,2293,SES-2W9ZL5Y31K,2025-09-21 00:18:39,page_view,/products,email
EVT-344MW04I3DZX,3704,SES-88NO1RBN62,2025-09-07 16:50:12,add_to_cart,/products,google
EVT-LRGNJZM3618L,826,SES-NK7HLCNPTT,2025-12-09 23:21:15,page_view,/support,google
EVT-EU6ZU1TOZHDV,3742,SES-3M5H0JHK0I,2025-12-31 10:32:13,search,/home,google
EVT-5OJZTO7D835K,139,SES-7MTPFORPOK,2025-10-16 18:32:25,page_view,/cart,direct
EVT-UC9PBTYJR39I,4453,SES-LF43RSASVI,2025-12-21 17:43:30,page_view,/cart,direct
EVT-IXHAIAW4OTUO,2260,SES-1X1VH3JI9P,2025-11-13 22:22:01,page_view,/home,google
EVT-4UW590Z92JN6,1163,SES-VMTM12LC9B,2025-08-10 08:20:22,page_view,/products,google
EVT-7LM8E49ITE92,3440,SES-GJQ0AQK711,2025-11-28 07:36:12,page_view,/support,direct
EVT-SRL3VZZXT9QU,2534,SES-UZQ6RF8LW7,2025-12-05 21:41:41,scroll,/account,direct
EVT-BWRP8GUUCM5F,1360,SES-Y8AUBPM9DB,2025-11-22 07:33:55,page_view,/account,direct
EVT-YCZU80ZRZ79H,2226,SES-EZA9AGULM5,2025-10-08 18:29:33,page_view,/product,social
EVT-QTYLU58FTYLA,2561,SES-FQJYYIIR41,2025-11-17 19:07:49,page_view,/checkout,direct
EVT-VZME9WT00IV1,3673,SES-G20DFXUJ5O,2025-09-13 22:52:13,click,/home,direct
EVT-GGXRED8U8NOZ,2161,SES-GQJT4NGYDB,2025-08-20 07:58:38,add_to_cart,/support,google
EVT-EMDMZ5RGOI9W,283,SES-NIGZMK8J19,2025-11-15 20:24:00,add_to_cart,/product,google
EVT-M1SAV9CNG8TA,1140,SES-23WVLCX7MM,2025-11-27 22:56:15,page_view,/checkout,google
EVT-NA6U48GWGHM5,1798,SES-1HQB1EG4OH,2025-11-17 04:19:15,click,/product,google
EVT-6VU6Z5GF3BBT,4137,SES-PN9FDLR8Z1,2025-08-08 20:16:33,click,/product,google
EVT-873LKMGS6RV9,2980,SES-01JD1BJE9X,2025-09-12 08:44:48,click,/checkout,email
EVT-777TNQETMNI3,1191,SES-OAWCUD3I2I,2025-12-16 05:14:23,page_view,/product,direct
EVT-GOM6736Z4DSX,1245,SES-WMC07LBLWV,2025-09-10 06:11:45,add_to_cart,/products,google
EVT-LSUTOTHLQH7P,4409,SES-F36ZPI288H,2025-12-10 10:06:14,page_view,/support,affiliate
EVT-PCADUVL911ZS,1931,SES-23TU8LM7XX,2025-12-10 01:26:43,page_view,/home,direct
EVT-B8LV6TX0TBKG,2519,SES-CN3ON4FG0D,2025-08-24 16:59:42,page_view,/account,direct
EVT-8B350SGNZ6D8,48,SES-JQ1PQVCZKA,2025-08-21 08:49:27,page_view,/support,direct
EVT-6ZCHHXA7HY7A,134,SES-KJ6SZXI5N6,2025-12-16 10:29:32,page_view,/account,direct
EVT-I33993N4BFIY,3047,SES-DBXF9REXLO,2025-09-15 15:27:00,click,/products,direct
EVT-5PU5WH50JYOO,2365,SES-YEYQE6836H,2025-11-29 04:38:19,search,/products,direct
EVT-K63RVWOZQXIW,3510,SES-FEPYDBSIWF,2025-09-13 08:58:13,click,/account,direct
EVT-E6RGL7JY7OTK,3507,SES-VIUCLHQ2EA,2025-11-08 06:13:45,page_view,/checkout,google
EVT-UDE358TRE9QD,2134,SES-ESQAXMVW0N,2025-09-02 23:23:01,add_to_cart,/checkout,direct
EVT-I3G13IWPFVB7,4095,SES-HJLA9A1N3I,2025-11-02 22:59:24,add_to_cart,/checkout,email
EVT-1GHLU8M87MHX,2538,SES-RW50LMBVSQ,2025-09-05 09:31:22,page_view,/product,email
EVT-OFKCGGXP5CIT,2472,SES-OI2JVZHOYY,2025-12-31 14:08:02,click,/product,google
EVT-UF8CYOTWG7NF,2435,SES-KCZF2TDCIT,2025-08-13 19:05:21,add_to_cart,/account,affiliate
EVT-DINU31EIWUCX,4336,SES-EGB1DINDLF,2025-08-14 04:53:42,page_view,/home,bing
EVT-67XKWQ0YWM9Q,3523,SES-DTTNIBTH05,2025-09-19 01:30:55,page_view,/product,email
EVT-7FTMFWG895NA,2306,SES-YS0WI4IUYD,2025-10-07 09:54:52,page_view,/home,direct
EVT-2FQZTIO4M7PP,4140,SES-7RINA0VLRR,2025-08-01 01:53:16,scroll,/products,email
EVT-0PNNLO0HHGH5,1811,SES-BAEJZ286QP,2025-08-03 16:15:34,page_view,/home,social
EVT-XW6T1OXHFDXK,664,SES-JN22Y4LGQT,2025-12-10 06:13:43,page_view,/home,direct
EVT-31WBHTFNSGPY,3055,SES-CD21W2KJNV,2025-08-14 07:30:07,click,/checkout,bing
EVT-NYJ0UFO2HOQ5,4850,SES-FOM3VQRIQY,2025-10-28 13:22:01,search,/product,email
EVT-E7L7W05Y2DA5,4201,SES-E1SOFPVOEO,2025-11-11 13:57:41,page_view,/cart,direct
EVT-B4L6HFH4N6V3,3493,SES-37PHANHDT4,2025-12-03 22:04:05,add_to_cart,/cart,google
EVT-RZKDU6FOTWFT,954,SES-RK9FFY71KN,2025-10-06 07:41:32,click,/checkout,direct
EVT-Q9Y69XFQ1ENN,1674,SES-CKONRHHKYC,2025-08-07 13:04:09,click,/support,direct
EVT-GAY37VG688U5,1343,SES-Q2YGYNKIV9,2025-08-08 22:55:42,purchase,/support,direct
EVT-95CEKOF92Y8L,3492,SES-0H7JAJLTUV,2025-09-13 05:12:01,page_view,/support,google
EVT-Z8CV2A6PG4GK,2743,SES-67HT2IBTRV,2025-12-13 21:00:58,search,/products,google
EVT-S6R6BILQPB01,2105,SES-XOI41UG82Z,2025-09-17 09:27:06,purchase,/products,social
EVT-QCTE9W0AN6NB,240,SES-8EXRCLIC6B,2025-10-01 01:15:01,search,/products,google
EVT-YZM242OM7ZTR,2625,SES-0YUCQEFRSA,2025-08-25 20:22:56,add_to_cart,/home,direct
EVT-J67DXLSE33DC,3050,SES-TQV9OB3MQW,2025-11-26 02:01:29,search,/account,direct
EVT-NF225AA35WFW,2110,SES-20X3RKWWCF,2025-11-21 21:01:36,page_view,/product,social
EVT-5Q52DEZH0CD8,4248,SES-5DEK429M0T,2025-12-24 16:50:39,page_view,/products,google
EVT-A2IBCLTRH9VG,4226,SES-TD78PRWY8Z,2025-11-30 23:19:03,page_view,/cart,email
EVT-KY5CGAGHFT9Z,1464,SES-OI9HDV9NM3,2025-08-04 01:59:50,page_view,/home,direct
EVT-ZCGL9FWVVSKP,400,SES-01DVVH6SD4,2025-12-23 21:06:12,add_to_cart,/products,google
EVT-30TX8J1CCM0W,2722,SES-H4ZX5BT8ZE,2025-09-16 14:21:18,page_view,/products,direct
EVT-3C1ZA0DV6NYY,1938,SES-H3RPRGYGO2,2025-11-26 17:42:52,page_view,/support,direct
EVT-CJ4Q0RR1L9GV,4637,SES-YPE4CWSJB4,2025-09-14 10:07:20,add_to_cart,/support,email
EVT-BMQQ749Q6QF1,182,SES-LVCRFMKSLI,2025-10-28 03:07:40,search,/product,google
EVT-PAFL9WOA2XGV,1075,SES-Z63IVV1ERK,2025-08-03 05:04:57,add_to_cart,/product,direct
EVT-GDOFMAOK8TIR,2574,SES-0VF616D3CV,2025-12-18 00:40:45,purchase,/home,email
EVT-0P8F8C8CLRKI,2398,SES-0L5C098JRP,2025-12-23 02:29:36,click,/cart,google
EVT-72OALFWYPEEK,1082,SES-G739ZOBZOU,2025-11-26 23:10:07,search,/checkout,direct
EVT-035N8CQPHLI5,419,SES-JJ30TLDO1V,2025-08-22 05:54:35,click,/support,social
EVT-L692TULGELW8,1161,SES-A1QOXM8BVZ,2025-09-08 15:06:26,scroll,/cart,direct
EVT-IVI3RQASD1WC,640,SES-L5UQW6B9W5,2025-09-08 22:21:47,page_view,/account,email
EVT-RV68JQ12JF4C,2085,SES-ZQW6L87PSC,2025-11-15 18:19:45,add_to_cart,/support,email
EVT-IWL3RFJL9VT3,4590,SES-H8Q7QRERIK,2025-11-08 22:24:03,click,/product,direct
EVT-X8VE00H2K2P3,359,SES-A7LXX08DW5,2025-08-16 09:29:55,click,/product,google
EVT-AJFAX1CQ6FWT,1804,SES-4I3O6GIL6D,2025-11-26 17:49:28,add_to_cart,/checkout,direct
EVT-V1DJJZQFE8E5,539,SES-TXLJK85JYY,2025-08-29 18:55:31,purchase,/cart,google
EVT-TNLZTWXOL4BK,4440,SES-FK31AVPM6D,2025-10-10 14:17:08,search,/cart,email
EVT-UU5CZECCFS7I,2219,SES-YSX9OJWUDR,2025-10-16 19:48:21,page_view,/checkout,direct
EVT-19MO1RTSXOF3,1714,SES-GTZ6QL3E49,2025-12-27 15:59:47,page_view,/product,direct
EVT-3QE6JIXUB4IB,866,SES-YWS3NC62AH,2025-12-10 12:17:48,page_view,/home,google
EVT-HIF5SL1YA1RY,2068,SES-NWGU9B8INN,2025-12-04 20:44:33,page_view,/cart,google
EVT-ZTBVHUAZUN6F,2351,SES-U7PGGMINUD,2025-11-07 22:10:07,page_view,/products,bing
EVT-HT60KUSFHVML,776,SES-C32GY422KK,2025-11-24 23:02:26,add_to_cart,/cart,email
EVT-JEKBVXSOGB20,3269,SES-WFAPG0JG3Y,2025-08-15 20:54:11,click,/account,bing
EVT-5HU03Y53MBWU,4672,SES-TIIHN70N6J,2025-10-29 19:13:48,add_to_cart,/cart,email
EVT-5JSLHGMRZZQO,3628,SES-BP33GIUNWE,2025-12-13 19:03:05,click,/account,direct
EVT-17RV2Y7CDABB,1036,SES-LAJM3UM94W,2025-12-24 15:21:38,click,/cart,google
EVT-AJAQ08DNX80N,361,SES-739V5745IP,2025-10-28 11:04:26,page_view,/product,google
EVT-KXKBEFQ796EW,2820,SES-65PLLD5OBQ,2025-12-27 13:26:18,add_to_cart,/products,affiliate
EVT-8257GE0Q5ZJA,296,SES-2SA12MESQ7,2025-11-24 17:21:59,add_to_cart,/account,google
EVT-UCYHONBPQGA6,1427,SES-90VON8PVWJ,2025-12-14 06:50:36,page_view,/cart,affiliate
EVT-X85ZZHJY8GY3,3510,SES-AZQ4X55PB4,2025-08-20 03:13:10,page_view,/home,email
EVT-9BU4UZ2Z0KDN,2817,SES-W6C8HS287Q,2025-10-21 05:33:10,page_view,/support,email
EVT-3TN60TLXOUN9,2866,SES-MRMPLXC0PA,2025-11-25 01:51:09,add_to_cart,/account,google
EVT-1FY6YO8DJE7X,693,SES-DRKU0GKH8V,2025-10-06 04:39:33,add_to_cart,/support,google
EVT-QTY6M79FMW04,4596,SES-XPSA97L6X2,2025-10-01 04:20:48,click,/products,google
EVT-U923O359TSUJ,1068,SES-OZ2IMB30JG,2025-08-18 19:29:12,page_view,/checkout,direct
EVT-T70Y2RL4N7S3,1133,SES-UC3TGLQKBE,2025-10-30 02:44:27,page_view,/home,social
EVT-HMO1DXQ46GA2,1122,SES-C54T59PGN3,2025-11-18 18:16:28,page_view,/checkout,email
EVT-SDFC8IO3TD3A,1242,SES-S2W1IXU1OU,2025-09-25 20:26:28,page_view,/cart,email
EVT-BEG1CJ8PMOZK,947,SES-BNLMA4AC1P,2025-10-24 23:38:06,page_view,/account,google
EVT-NHPVRWBRBLBZ,3148,SES-UVD3XAK74F,2025-12-28 11:51:14,page_view,/product,direct
EVT-5NTDYWM8RABR,1616,SES-5ZQS1BHLF8,2025-08-08 16:30:37,click,/cart,bing
EVT-6RTC0Z7Q0I9B,4660,SES-0HKKWJSV0Z,2025-12-17 12:05:32,page_view,/cart,google
EVT-L14HOAE527PS,63,SES-ITYFIPPR46,2025-11-15 02:11:05,page_view,/checkout,social
EVT-QZN7XBVZR6KF,394,SES-QHEQKMQPY6,2025-08-12 14:04:17,click,/cart,email
EVT-KLDF4HRA1361,1527,SES-N7QLBW66V3,2025-11-11 12:23:48,click,/home,direct
EVT-BGMY4IQZ6DF0,1502,SES-JR1NJKIKSM,2025-10-02 03:31:45,click,/product,google
EVT-8UPNZASYWDRK,520,SES-V4QQJ3A1IO,2025-08-27 12:47:37,page_view,/checkout,bing
EVT-UPCJ8MO765EF,389,SES-PRA5A5PMLQ,2025-09-04 08:49:46,add_to_cart,/products,google
EVT-UXQ9NJC2GOUI,588,SES-HDLQH1CV2X,2025-12-08 17:53:03,search,/support,google
EVT-FEZAC2EXVA5E,3498,SES-B402NMSIKJ,2025-12-14 18:06:19,page_view,/cart,direct
EVT-742GRRDNWT2F,3062,SES-I92XPI865E,2025-08-20 10:23:42,page_view,/support,direct
EVT-ES5CS9UI14NI,4732,SES-O9W6YA8JB9,2025-08-08 21:52:34,search,/account,email
EVT-JCP52AY7OV50,2572,SES-0C03V1NPCY,2025-10-07 12:17:17,search,/checkout,direct
EVT-EW25X1FVK1PB,280,SES-VU049DD5S0,2025-12-19 14:00:50,page_view,/support,email
EVT-CD6FXNOQ37KT,3117,SES-Q7OC0QPDXX,2025-10-25 08:16:32,page_view,/cart,google
EVT-LL8SN5YZ7VXU,3473,SES-SYKQVOX2N5,2025-08-26 21:22:58,add_to_cart,/account,social
EVT-QDRMSWJJJKSL,1985,SES-ZANEO9VAXC,2025-10-20 22:30:43,page_view,/cart,affiliate
EVT-66UML3SOJPX1,2282,SES-ZZYAGZR64L,2025-11-28 17:44:31,search,/checkout,bing
EVT-6F1KYNTL2UG0,4282,SES-4YWP6CBC5T,2025-08-18 21:06:32,page_view,/home,google
EVT-5WH23GXRIRJU,805,SES-NLL5HVDQ0M,2025-10-08 16:43:17,search,/products,google
EVT-TFVJ839AG77Q,75,SES-JKKEGVKA65,2025-12-18 03:18:19,page_view,/cart,direct
EVT-9VJUHBP9VRNE,2986,SES-FZ2RIMC6Y1,2025-12-08 08:57:24,page_view,/home,direct
EVT-GN2B4JTJ27YH,710,SES-OL5RKH87CY,2025-12-13 18:06:19,scroll,/cart,google
EVT-6UAMWJPIWUJT,3663,SES-AMNJ8PL3M8,2025-09-16 06:33:04,page_view,/cart,email
EVT-4FTLH33HW8D0,4631,SES-71NGETL53C,2025-12-01 03:03:40,page_view,/home,direct
EVT-9JRD4HQFGHDI,1431,SES-UK52CG99L3,2025-09-23 09:09:43,purchase,/cart,google
EVT-LUVNHDCZP0NW,4992,SES-49DQ1GT7DH,2025-08-15 03:57:31,page_view,/products,google
EVT-NTJ5R2SLRW4V,647,SES-T8D61098CJ,2025-10-05 19:56:20,page_view,/support,social
EVT-NZVZN2HLOIKI,2039,SES-NJZ9G6DVNQ,2025-10-20 09:09:07,page_view,/checkout,direct
EVT-VQA7IZQ2NMNR,4134,SES-49440DCLQG,2025-09-05 14:23:58,click,/account,direct
EVT-06DJIN9RG4XV,3939,SES-DD0DILXN48,2025-08-17 15:12:11,add_to_cart,/account,social
EVT-349N1D6DZBC7,2216,SES-LBCLAPDZ6W,2025-08-02 04:39:20,search,/support,direct
EVT-QK4K6ILSIDBX,3357,SES-5OWK1LO4P0,2025-09-02 20:26:21,click,/home,bing
EVT-287GT76I3HZC,103,SES-K9K20GVF74,2025-11-01 17:57:26,page_view,/support,google
EVT-D3GEQ10F7IA4,145,SES-VMBLCW0DPD,2025-12-02 05:03:31,page_view,/product,google
EVT-1SASCEBFE54U,755,SES-ZNXYDC14ZS,2025-12-12 06:42:36,purchase,/account,google
EVT-KIGDIX1CNAQ2,4058,SES-EXE0OF37FD,2025-11-08 06:39:21,add_to_cart,/cart,social
EVT-YOTOS87MVZ01,4462,SES-3MWG24UNFT,2025-10-27 12:16:26,search,/checkout,direct
EVT-SOSR2HVNKVON,1831,SES-WR2Z0AUF2W,2025-08-11 05:11:51,scroll,/products,direct
EVT-NLHAPWF520XK,3710,SES-7WR1TQZFB8,2025-08-05 21:57:26,page_view,/products,google
EVT-IAIPRQQ5QOB8,83,SES-X6JMRE2U7F,2025-08-30 08:12:00,click,/product,google
EVT-67KBQNXPVMSR,1312,SES-MKGZBYS7XZ,2025-12-16 06:53:45,click,/support,google
EVT-75RMG7F9FZJA,3340,SES-FWSANKB23J,2025-10-30 20:13:28,page_view,/products,social
EVT-HSAO2QWKBSEP,3695,SES-PMKRQ2YVMZ,2025-10-30 10:25:04,page_view,/support,social
EVT-R1B20UC87NXP,3932,SES-A5W8VLOYHD,2025-12-30 10:53:58,search,/checkout,direct
EVT-0JF6DNOBK8HU,3448,SES-OWM2HUT7P5,2025-11-30 13:01:23,click,/product,direct
EVT-P3FTJ6AC4JRC,3669,SES-MZ6W3CO8PE,2025-11-26 08:30:42,click,/support,direct
EVT-Q97RCQ6W948J,1616,SES-74ADD0GN7R,2025-09-30 20:00:56,click,/home,social
EVT-U63LXSY4VY32,4247,SES-VXQ51WHAL1,2025-11-10 07:51:39,add_to_cart,/support,google
EVT-I3PJ7K99BV2J,2804,SES-04S210U8UL,2025-08-26 12:14:06,page_view,/support,google
EVT-3T4H8QFDTN0P,4826,SES-V1J308IPUV,2025-11-17 23:31:03,click,/product,email
EVT-LCFR7CL6P3FR,2063,SES-58OHCU0E0R,2025-11-20 01:16:16,click,/home,google
EVT-B7EI5R8VO4KV,4197,SES-3JSS3T14LY,2025-09-08 01:59:43,search,/products,direct
EVT-FFLNCC2ATRD8,780,SES-F6NXXX5F6Z,2025-08-03 16:25:00,click,/account,google
EVT-3X9AGE9NY3MU,1059,SES-61DHIHPSMT,2025-09-07 21:12:30,search,/checkout,google
EVT-B6LBU9W3GGO9,2399,SES-K7P6XSVOLT,2025-09-11 07:19:12,page_view,/support,email
EVT-DVWS3KCVJXZD,3005,SES-RJKLUMCMH7,2025-09-17 17:12:04,scroll,/cart,google
EVT-VYB4XZ3MSKZO,2331,SES-LM2LW7ZRTQ,2025-08-13 13:26:46,search,/product,direct
EVT-3I9LLIFFCVED,4733,SES-J8CW8N57PL,2025-10-28 21:25:32,click,/products,direct
EVT-QFC1YUZPEX7T,1760,SES-E0EWRJIWML,2025-10-27 15:25:52,page_view,/support,email
EVT-V7HRBFGCB4JG,4621,SES-12P5WPVI06,2025-09-25 04:19:04,page_view,/checkout,social
EVT-RXOZLEL8PL6U,4261,SES-B8MSG4OGB1,2025-10-02 16:30:18,add_to_cart,/cart,direct
EVT-ZA28OR9F5IV8,428,SES-LRXGKEKT0K,2025-10-19 15:52:53,click,/product,direct
EVT-6ZP1WZ2NAR3S,3877,SES-XGNTUSJXBC,2025-09-12 00:18:05,page_view,/checkout,google
EVT-HLX0ST69WWP8,2491,SES-WSBAH6TC45,2025-10-14 10:08:17,click,/products,google
EVT-2QZTT1BLOW2R,2117,SES-PI2SO0DMJP,2025-09-26 23:57:28,add_to_cart,/account,direct
EVT-576VILVQKXBI,2322,SES-AIFOWP473O,2025-12-27 00:24:47,page_view,/support,google
EVT-6JJTB8QOP82J,560,SES-ZRBLH74KUD,2025-10-02 20:34:36,page_view,/support,affiliate
EVT-3TPS82XLVB9H,4945,SES-YZ3MQWY2NB,2025-12-04 06:56:29,page_view,/support,google
EVT-XKEI9ULTHYCX,1386,SES-958804XXU4,2025-12-03 22:38:11,page_view,/product,google
EVT-8AE0JXYO6HFD,2618,SES-YQ5TDFGJ7N,2025-08-01 11:08:25,page_view,/support,email
EVT-7LTTC954AI22,1955,SES-RSKOQV333C,2025-10-31 12:52:49,add_to_cart,/product,direct
EVT-78EQE12QEYKC,590,SES-2UUDSQNCUY,2025-11-27 01:58:22,page_view,/support,google
EVT-2MNG806W819F,499,SES-K2VFHD7WG1,2025-09-01 18:29:05,page_view,/home,google
EVT-MSYG91MMO1DS,2823,SES-1SXXRPPNL6,2025-12-04 05:46:06,click,/account,google
EVT-3HGW10C9IX6R,1530,SES-RNKWXZWL9P,2025-08-26 17:43:14,scroll,/support,social
EVT-1NXHBQAM97XO,1639,SES-QRMOU803JW,2025-09-30 20:41:49,page_view,/home,direct
EVT-485D4VUEER90,1133,SES-6R8YKEHVQ9,2025-11-20 00:51:19,scroll,/product,direct
EVT-MWB4LL3K4BK8,4484,SES-XD8XQ41WJX,2025-12-23 23:59:32,page_view,/checkout,social
EVT-EJNFMOCTCLKA,416,SES-3XYRG7QSOD,2025-10-08 03:22:47,page_view,/products,direct
EVT-9LZ57V4NDJM5,4997,SES-MX0RDT5NHX,2025-08-29 18:48:42,add_to_cart,/cart,google
EVT-GH2IJ4TT43TU,1592,SES-F4T8MA1024,2025-10-02 12:17:59,click,/home,google
EVT-YKTK61B7PXJB,4408,SES-RV3NSXOF6T,2025-12-12 02:36:38,add_to_cart,/products,affiliate
EVT-C8VDRQNTJVU2,3884,SES-6WEGGH02WP,2025-11-13 16:59:00,search,/support,google
EVT-CGXU5WAHZG85,1608,SES-KQJ39QZJ9Y,2025-11-23 01:15:18,page_view,/product,google
EVT-S9ASJ21GTCHY,3725,SES-R33IKUZU9S,2025-08-21 12:37:32,click,/products,google
EVT-GTMOV6KI4EPX,1716,SES-H7N1BQG3DC,2025-10-26 13:44:16,click,/products,affiliate
EVT-R9OGJEGXEYEB,203,SES-MYXBD07Q2J,2025-09-04 15:04:50,search,/account,email
EVT-900YEH8UXZ3A,3855,SES-BTZGTLD6F0,2025-09-21 10:03:42,page_view,/account,direct
EVT-DHF025LOXYPH,3960,SES-N3IT2VQYMH,2025-09-15 01:41:22,page_view,/support,email
EVT-WHM54XR8PJPF,110,SES-P9NYMSORQE,2025-09-26 06:08:31,click,/products,email
EVT-240SHDKKG1R1,4178,SES-TJDH231WCG,2025-09-11 05:32:19,scroll,/product,bing
EVT-CQKIH548JRPE,769,SES-V6LRLWP47L,2025-10-16 14:23:46,page_view,/account,bing
EVT-2XN9TXFJNJD5,139,SES-Z0O158J8H1,2025-11-06 14:36:22,page_view,/home,google
EVT-SLOC8D6JI874,221,SES-9YX6YINW4U,2025-08-16 13:33:39,page_view,/cart,google
EVT-U77W9A8LYTUA,861,SES-F3S9M8YI03,2025-12-11 20:17:56,add_to_cart,/checkout,email
EVT-GDL1J2VWY8UM,3928,SES-8Z2FS1O7D3,2025-08-01 05:25:33,page_view,/home,direct
EVT-NW6L4M1TRPUY,2388,SES-Y82FJXLFN7,2025-12-28 13:10:30,page_view,/cart,direct
EVT-D6I5HO9CY9PE,2526,SES-V2T3FLWL91,2025-09-17 00:55:47,click,/product,direct
EVT-0HDJ7O9X66D7,1446,SES-QJWNNHN3K7,2025-11-30 13:27:59,page_view,/cart,email
EVT-WDJV07IRJG10,1610,SES-DD1T46MH7G,2025-08-26 01:05:49,page_view,/product,bing
EVT-7R925DSIUAZ7,199,SES-8YFH3XDVQ8,2025-09-03 04:41:28,page_view,/cart,google
EVT-1UF09UYG3IBG,2864,SES-PKD2KRCNEB,2025-11-22 20:21:41,page_view,/account,email
EVT-3HKCQWB00N11,1161,SES-CXIIJCDGGH,2025-09-27 08:21:24,page_view,/home,email
EVT-4PY4FNGBG4PD,1370,SES-OHS5OK6BU9,2025-12-13 10:02:54,page_view,/support,social
EVT-FCOPZFZZ5T6V,3572,SES-XRDT1N0NRX,2025-08-25 14:37:49,page_view,/support,direct
EVT-8VLQ3VXHQG4Q,2223,SES-YCO8RBT4OB,2025-12-18 17:46:36,add_to_cart,/support,google
EVT-LV724HK1QDU2,489,SES-KS3II3F4X2,2025-08-27 12:07:44,page_view,/product,email
EVT-EB0T4UOXZ3BG,3541,SES-JPKVCBZYIY,2025-10-25 13:13:54,click,/products,direct
EVT-52IB4TCTDSDJ,2868,SES-N62U8Z1XIE,2025-11-26 19:39:53,page_view,/support,direct
EVT-T3BR4F2ZDFPP,2428,SES-39ZVYEC5UD,2025-10-20 10:38:11,page_view,/product,google
EVT-WC1QY9MBAAXA,1878,SES-OTUQAJELIV,2025-10-14 02:45:10,search,/account,email
EVT-3BL13VCG8D2T,4538,SES-WOE58OAGP0,2025-11-01 08:30:04,page_view,/product,google
EVT-N20VZ9LY2SKK,865,SES-1TSNJA57I1,2025-09-03 05:48:03,page_view,/cart,google
EVT-FTFYTKS1F3KW,2181,SES-NISKYWCOQ5,2025-11-23 14:55:26,search,/product,google
EVT-BNBPAVAJIMMN,3029,SES-LDL7NHYMAF,2025-11-21 15:33:37,add_to_cart,/cart,direct
EVT-STOUIFJILXN3,3099,SES-CB3D6IDLSW,2025-11-20 10:18:03,add_to_cart,/account,social
EVT-2NBZWBHO4UW2,3329,SES-ZUAH35QRR4,2025-09-29 15:07:47,click,/home,direct
EVT-AWW77GCJBEO4,3635,SES-ZGMS66KE6Z,2025-08-26 03:41:11,page_view,/product,google
EVT-EUTAWJ4G8R7S,656,SES-ADOTIWTLIN,2025-12-04 14:58:51,scroll,/products,direct
EVT-N1TCJFCZWKGU,1380,SES-J1Q3Q5PCNI,2025-09-14 17:54:16,search,/products,google
EVT-Y0OFIPZN0THL,236,SES-L8472QW44X,2025-09-01 10:42:54,page_view,/home,social
EVT-2C53K9OM115B,989,SES-RIIGUP30L1,2025-10-10 14:12:01,add_to_cart,/account,affiliate
EVT-OIYMYK86ADNO,1383,SES-R99M2KKTBK,2025-08-23 07:41:19,page_view,/support,google
EVT-KKU3S710NUSG,815,SES-5P24T9N44F,2025-10-02 21:19:54,click,/products,direct
EVT-9L9Q3CYBYC4I,2967,SES-BV46MU62OE,2025-10-09 00:29:19,page_view,/cart,direct
EVT-6H1M3JLZOHFD,1690,SES-DR9RLQK0PQ,2025-09-23 15:28:38,click,/product,direct
EVT-DVSZ2TVHVWHH,3801,SES-S2FNUKM7Y1,2025-08-27 07:57:08,page_view,/checkout,google
EVT-OLI54087WS1L,2487,SES-UVJYTMP4NV,2025-11-01 08:14:35,click,/account,google
EVT-OQSOT56AG39B,1666,SES-V78ZOHEOTB,2025-10-18 05:11:05,page_view,/product,email
EVT-D2EEV7INRZJK,2636,SES-1PPQVQ1HU3,2025-09-05 17:17:48,click,/account,email
EVT-9E0OAWHN2ECL,3987,SES-FIQG01PYD8,2025-12-11 03:07:06,click,/account,direct
EVT-CES1KTIOR4V1,1824,SES-19ETPG2O8X,2025-09-01 13:19:42,search,/product,email
EVT-OG07VSCQMPD7,4089,SES-GHIY1BFW7J,2025-12-27 04:51:47,page_view,/checkout,email
EVT-Z4KSO03W2MRO,611,SES-N23648N9JI,2025-08-17 19:49:27,search,/support,google
EVT-P2BYEE2ABG9S,1336,SES-7OMEMTO2VD,2025-08-22 00:20:34,page_view,/account,social
EVT-HO5D5AFQL0DG,3869,SES-SIZB25JT3M,2025-09-10 15:33:48,purchase,/products,email
EVT-H6M3SGUR4PU6,4326,SES-T2MD8W1SAG,2025-09-28 01:39:16,click,/products,google
EVT-W93K8EKT292M,3693,SES-MLF2L9O98N,2025-10-14 13:50:26,search,/product,social
EVT-I560TOHXWEDN,4436,SES-2R48TWQOYB,2025-11-30 05:11:29,click,/products,google
EVT-YA3S9UCKU7ZQ,3567,SES-Z8GICR6D86,2025-08-10 18:33:24,click,/account,google
EVT-J3OVU7PW35X3,2212,SES-U8781XTQSR,2025-10-26 05:58:01,page_view,/account,google
EVT-X10Y14DSF2UW,2164,SES-7SH2C23U2G,2025-08-05 23:39:01,scroll,/cart,social
EVT-UFUK15U2486D,71,SES-3RXOKPI1TS,2025-09-24 01:09:54,add_to_cart,/account,direct
EVT-43I21PU8BWAU,1750,SES-QACBSLYFAY,2025-08-26 07:52:50,page_view,/cart,google
EVT-FXQP6XGHU9IV,4946,SES-0XA0RK8CJR,2025-08-04 02:50:51,page_view,/checkout,google
EVT-LX6X6SXUA3KA,342,SES-E5C5JO5L02,2025-11-15 17:35:56,add_to_cart,/account,google
EVT-MOX96UPB22O1,4684,SES-MOYQJ3IZBT,2025-08-27 23:06:09,scroll,/product,bing
EVT-TFXDTUMW7HU3,2827,SES-1KT7GA8SR6,2025-12-04 01:07:09,page_view,/support,google
EVT-D3513LM7E41O,3832,SES-YHTXP25M9F,2025-08-03 18:59:56,search,/cart,direct
EVT-FV14J643F1AY,2380,SES-ERJXMZWQDB,2025-09-19 19:10:49,page_view,/home,social
EVT-SV6O9E9NHCGW,3870,SES-DPV4REWMUB,2025-12-03 09:59:47,scroll,/products,bing
EVT-33A8NCXCWC0B,4203,SES-4F0MIZ8QAJ,2025-08-26 11:25:38,add_to_cart,/support,social
EVT-OGWHUPOF0HKA,3274,SES-XHRMF6M8WN,2025-12-24 19:34:26,page_view,/product,direct
EVT-RPKFZQFO5YVM,2440,SES-LEPHVPKFA2,2025-12-13 01:17:57,page_view,/cart,google
EVT-TD503779U7C1,4326,SES-M7K4986K33,2025-11-25 01:31:12,click,/checkout,email
EVT-A7YJ8HQDE7M7,2068,SES-UFEVSTYGX8,2025-09-14 10:57:56,click,/cart,google
EVT-H6OQ7QH96YCF,3540,SES-860I7P2R5J,2025-12-19 03:48:48,search,/home,email
EVT-NHP39LQT9NGQ,4748,SES-GLWMK6SF9N,2025-08-06 06:43:34,add_to_cart,/cart,direct
EVT-6TLV0GUB5KB3,472,SES-RMOZL65X4W,2025-09-22 12:57:29,click,/product,google
EVT-PKBQY3OT760R,3766,SES-U1I7XXEQ58,2025-08-04 21:40:19,search,/checkout,google
EVT-S6C4X56V3DGS,4170,SES-WZUACZRRE5,2025-09-29 09:48:17,click,/account,google
EVT-9GT0R0VIP35T,654,SES-OZ83EJFBOV,2025-10-11 20:44:23,purchase,/checkout,google
EVT-54GYLBI18A2V,462,SES-B1ZJ396YFI,2025-10-14 15:43:42,purchase,/home,direct
EVT-ZPY9QZO7IO2F,1174,SES-7EQ3O6J8LU,2025-10-05 18:53:29,search,/product,bing
EVT-2NATD4GWLF9Y,1668,SES-25WSEVI9V9,2025-08-22 01:17:42,page_view,/home,direct
EVT-XAM97YOFCX7C,3746,SES-J2FUW48XLP,2025-12-18 11:14:56,click,/home,google
EVT-ULOQVBV1JPVK,3322,SES-OY22CM5AGP,2025-09-20 00:44:25,click,/home,direct
EVT-TAF6BLBV0XT9,640,SES-60Q2OAZFUU,2025-12-23 21:18:40,click,/cart,google
EVT-VYSKE5M0SWXK,4370,SES-ZWP4O5XKQR,2025-11-01 12:45:42,click,/products,google
EVT-QTQ36ZPMG6OO,482,SES-4ZLXB7GIOR,2025-09-18 02:21:15,purchase,/cart,email
EVT-H1XAWJ28CW9R,82,SES-FZCP83JUWL,2025-08-16 10:20:39,page_view,/product,google
EVT-TNFW6SZF4LUR,3304,SES-IUVJ40Y52Y,2025-09-13 06:21:43,click,/support,direct
EVT-02TYAXY2NZ5X,4127,SES-GQYMH33DHA,2025-11-15 16:58:54,page_view,/home,google
EVT-51O0LQBYG6G0,2794,SES-RJI6YB9PDG,2025-12-28 04:46:11,page_view,/home,bing
EVT-4JGSQOF3WGI8,1108,SES-KRJWTG3FIM,2025-11-02 03:31:00,click,/products,direct
EVT-Y0423H7T6UDO,3786,SES-LCBIEDBZNM,2025-08-08 16:10:00,page_view,/checkout,google
EVT-JY6G107G8O8G,251,SES-TR28J9BF63,2025-11-18 11:50:58,page_view,/home,google
EVT-8HZMVYD47DZN,2435,SES-Y8OCVF34EI,2025-08-18 06:28:09,click,/cart,direct
EVT-AXS88UALRY3I,1621,SES-2BRSV43056,2025-10-19 02:13:08,page_view,/account,direct
EVT-GWEYSU7ERRBS,1719,SES-M00L879W5D,2025-11-26 11:06:14,page_view,/home,direct
EVT-ZUJB4HLLQLLD,266,SES-Y4LRE7PI8W,2025-10-11 08:54:12,search,/product,google
EVT-0N53R4SIP4B8,22,SES-EJI4P0E4Y5,2025-11-02 12:32:34,purchase,/account,direct
EVT-J4ZXD82BMQW8,2124,SES-X6ZIE5APCB,2025-09-07 00:40:21,page_view,/products,google
EVT-EVRC0ERJE4S4,1511,SES-FLUN3YPQ5L,2025-10-20 16:42:29,page_view,/support,direct
EVT-MFEL33PCL1S2,3853,SES-YYP6S0VDCK,2025-11-15 19:17:47,search,/checkout,google
EVT-QPKGRMM0YTMV,4776,SES-1040VRSSDV,2025-12-08 19:52:41,page_view,/support,direct
EVT-82LZWGE8683P,2939,SES-B26XNISOSZ,2025-09-11 11:33:04,click,/product,google
EVT-LE45B2NIXI8E,3423,SES-0D3MPV9WXN,2025-11-26 07:16:16,click,/cart,social
EVT-55325CAMBHWT,240,SES-91TFRSA8ZF,2025-08-21 13:12:20,add_to_cart,/support,google
EVT-GDK4SNV9RR49,51,SES-AWTY7KFGHP,2025-12-08 12:35:05,scroll,/product,google
EVT-HQWP8XFANS0G,3008,SES-AS0ZBTBOP5,2025-08-05 10:21:13,page_view,/support,bing
EVT-NH8S2GT30GCH,476,SES-1V9NXMKTO6,2025-08-17 11:46:09,page_view,/home,direct
EVT-F4AKDNADIJFZ,2005,SES-JRU7NSPN5M,2025-08-24 12:27:07,click,/products,direct
EVT-QAFQSDQ26RL0,4990,SES-RDPMBY23HK,2025-12-14 21:55:31,scroll,/home,direct
EVT-NWRN57LWS1YQ,157,SES-7DBWPVFZET,2025-12-28 12:12:10,search,/products,direct
EVT-6T0OTGPEQCYH,4762,SES-8P1H1ZRIYD,2025-09-28 18:25:34,click,/cart,direct
EVT-207X887LGUUW,2784,SES-RUD24DKRF4,2025-12-30 00:57:42,purchase,/product,google
EVT-05802XVXITIF,2020,SES-FXEN3MACMV,2025-08-26 14:01:19,page_view,/support,direct
EVT-XZIU6HULPRX0,1687,SES-B9ZXVTH4OQ,2025-09-30 02:04:09,page_view,/products,social
EVT-5H3K7UJJ31W0,4171,SES-SRLDHH2KS1,2025-12-14 16:07:18,page_view,/product,social
EVT-GQ34PGGCBI6Q,3859,SES-CBCIFL79R9,2025-08-12 16:52:40,page_view,/account,affiliate
EVT-SRER6LUU6IF3,2415,SES-KPU8O9ONSR,2025-08-14 12:33:10,click,/support,direct
EVT-1D2O25TG5JTV,2804,SES-HDVNFF2WCF,2025-08-30 08:22:43,search,/account,social
EVT-75SSUMH0ZNSG,3250,SES-IE6KN0Q48G,2025-11-07 13:24:02,click,/account,email
EVT-WOC4191HKK7X,2156,SES-CNUBJ74F55,2025-10-01 09:09:13,click,/products,social
EVT-34UDC4FH065A,1827,SES-ACOBTEGURT,2025-08-31 11:03:19,page_view,/home,google
EVT-FU20VMAKRX0G,3758,SES-1RWVNGCFOL,2025-08-27 03:24:48,click,/products,email
EVT-WHAOQHVD8FBF,93,SES-T34KFF2JTJ,2025-08-01 07:37:53,click,/products,direct
EVT-FHEYZQQXBV0D,4277,SES-TO0IQQKB74,2025-09-10 07:39:51,click,/checkout,direct
EVT-EOEGEZQ0X717,671,SES-56BFYW372V,2025-12-20 07:53:11,page_view,/support,direct
EVT-HW0BUPMTXQ53,2144,SES-IUADJ725U0,2025-10-13 02:44:37,click,/support,social
EVT-1D1KDK2YWFMA,232,SES-332W04NXV5,2025-09-11 20:18:47,page_view,/account,direct
EVT-X9FKE4VZN8Z4,3990,SES-0OT1K8HCD1,2025-09-09 14:35:50,click,/cart,direct
EVT-C0X2HYVEZRAD,1603,SES-SD44WL8MDZ,2025-08-14 02:54:54,page_view,/support,social
EVT-8EJPMLNL7HA7,2952,SES-FWQVALBNA0,2025-11-08 00:01:18,page_view,/home,direct
EVT-52A97PNFIRCV,1773,SES-236QK3QHAD,2025-10-30 21:34:34,page_view,/home,social
EVT-CZ8P5AIEKX6M,2067,SES-3M6JR8FL9V,2025-12-17 23:04:01,add_to_cart,/product,email
EVT-J53YXHZKIEW6,1311,SES-2QJI47JWU7,2025-11-14 02:29:37,add_to_cart,/products,direct
EVT-OR6XN6LCPY9N,159,SES-SA7IDI09KG,2025-09-18 09:03:13,search,/products,direct
EVT-PGIRD4JPDT12,3779,SES-W8C4AG1QIC,2025-11-14 19:22:34,click,/support,google
EVT-SBA62TDO1DFS,1587,SES-XBR8IYBATO,2025-12-16 19:47:45,page_view,/products,affiliate
EVT-TS3YQFBZ9ZQH,378,SES-LODLONKCP8,2025-08-07 00:45:23,add_to_cart,/home,social
EVT-BQIQICB5NTJK,3296,SES-OV5NWVSJJC,2025-10-20 02:42:53,click,/checkout,direct
EVT-2GZAUGTTMPPJ,714,SES-AXOD97QQ1Q,2025-12-18 13:45:10,page_view,/product,google
EVT-BEAHY5HO37PJ,4188,SES-81HRULHH9B,2025-11-09 18:41:41,add_to_cart,/products,google
EVT-PO3CVS3ZRB9O,2224,SES-TD5PU139KA,2025-09-24 09:19:32,page_view,/checkout,email
EVT-PLLV12BVXEJA,4072,SES-7JK83MVQII,2025-08-07 22:06:43,page_view,/support,direct
EVT-XVT7CZ14WJAI,2783,SES-XKUOZM7I9R,2025-12-30 19:46:25,add_to_cart,/cart,direct
EVT-9C2BVS3K337O,738,SES-Y30M651LZV,2025-09-03 23:30:50,add_to_cart,/home,email
EVT-V9WXHVY3NUKO,2501,SES-GW9HNE0R3I,2025-12-04 10:45:59,add_to_cart,/cart,google
EVT-NDHKBRJIGLG0,3147,SES-9HUKP6JR07,2025-08-29 04:02:19,page_view,/home,direct
EVT-8YVU69QAZ6FP,1864,SES-H0UMS48IW5,2025-08-26 11:16:33,search,/product,email
EVT-9XAQS3TGDBFX,492,SES-XNQDZ98JHE,2025-10-13 12:30:22,add_to_cart,/support,google
EVT-A2WD7772IY1U,3005,SES-17O7PNUD53,2025-09-14 16:52:45,purchase,/cart,google
EVT-V52QFE980TW8,3614,SES-QE5EEAZVW7,2025-08-17 09:10:51,add_to_cart,/product,bing
EVT-7S34876KE1Q5,1530,SES-NJKHVYQDK9,2025-10-02 22:51:43,click,/account,google
EVT-MS7UPSPAG3JB,946,SES-XMA5VIXR4D,2025-12-29 14:05:30,page_view,/account,google
EVT-RRD44NDVDXDF,3641,SES-TO8UFLV4BA,2025-11-01 23:34:25,add_to_cart,/product,social
EVT-6YV2VP6F0O7Y,702,SES-7OBBC83Y0C,2025-10-05 12:34:02,click,/product,google
EVT-4XBBMZJ22PMB,3957,SES-LCCVGJJ1WS,2025-10-31 22:28:23,page_view,/cart,bing
EVT-6XGK6YULND7U,2485,SES-FDIB0SXG4X,2025-11-25 18:22:39,add_to_cart,/cart,google
EVT-4XXGX57ZKVNI,2756,SES-NUBY8634RH,2025-09-11 09:15:12,click,/cart,google
EVT-JWAQLCAUDF9M,3269,SES-7CJJEY7QWW,2025-10-10 02:06:26,click,/account,direct
EVT-13OTESU2HTTS,3103,SES-O6NLPVEC9T,2025-10-14 23:00:33,page_view,/account,direct
EVT-W5EJR91QUPWC,1868,SES-5AHC0OKRCW,2025-10-10 23:27:43,page_view,/products,bing
EVT-KH3V10M1V395,4126,SES-9IBGJEWVPG,2025-09-12 16:57:56,page_view,/product,google
EVT-ZDHZ6M9BJUDL,3806,SES-6VC4PAIIUC,2025-09-24 17:19:59,add_to_cart,/support,google
EVT-3AF6KKFEDLBG,3034,SES-UIGM2T5WOQ,2025-09-25 05:02:11,page_view,/products,email
EVT-KBUOC1R601EJ,4780,SES-DNVQJ4U4FG,2025-10-18 04:10:20,page_view,/home,direct
EVT-T1WT805QTDCJ,390,SES-GW1JYK820P,2025-10-22 20:46:11,scroll,/account,bing
EVT-S924W7W8TWT2,1244,SES-ZTS55C2IBJ,2025-11-29 16:32:03,page_view,/cart,google
EVT-I9OWP7NL6DMJ,3348,SES-VSLRDMZVXY,2025-10-11 20:50:43,click,/support,google
EVT-LXDW0YCYRNZN,12,SES-16ZGRRVGMD,2025-08-01 17:37:57,search,/checkout,direct
EVT-ZMCCYC3T13HL,1517,SES-FZJOIGO58O,2025-12-08 19:47:24,click,/home,direct
EVT-OZESJNCRBVXK,1621,SES-AFLKTAWMWU,2025-11-01 19:27:47,add_to_cart,/product,direct
EVT-ETUGKNN520UP,1758,SES-R1Z82H394L,2025-09-11 17:31:41,scroll,/account,google
EVT-RB2JA2LPN1M6,49,SES-MUXFZJDCY9,2025-10-13 08:49:42,search,/account,google
EVT-U2LLH22BE4N2,1716,SES-8QHSFM8QPD,2025-08-09 08:18:24,click,/product,bing
EVT-524GPZBOMVIB,261,SES-NU0FH2TN8B,2025-11-22 23:21:13,page_view,/support,google
EVT-ZYFGGK82P5YR,320,SES-8ZUFJWFQ84,2025-08-31 23:40:40,click,/products,email
EVT-O1WODGZDN9S8,4282,SES-GD5YSHGPZ9,2025-11-04 18:21:42,purchase,/account,google
EVT-TSNC19ARSOZ9,2277,SES-1KMGQAW4TE,2025-08-02 09:51:43,purchase,/cart,direct
EVT-E5GV7P2A2Q9O,1928,SES-Q3CYFWP5WL,2025-08-24 21:10:45,purchase,/account,direct
EVT-JF3C07BTI1RI,2833,SES-F0LLYA85BE,2025-09-12 22:57:24,click,/support,direct
EVT-MVN1BT9WNJSL,4117,SES-KTJEPGYAP9,2025-09-20 14:46:40,click,/cart,social
EVT-EU1S5N18BYPK,16,SES-EIB0TA6YY5,2025-10-14 17:28:47,page_view,/account,social
EVT-NXMFH5E8FZQ1,2528,SES-XHQ3U91F8B,2025-11-07 14:27:30,page_view,/home,direct
EVT-W09YW3DP11IK,3867,SES-V5ZHP6PNU0,2025-08-01 09:30:32,add_to_cart,/support,google
EVT-X0RB5TNGCRZX,4102,SES-KI4JKJ7OPJ,2025-12-02 22:24:16,page_view,/home,affiliate
EVT-C4VNIBLWBV2I,2346,SES-QBTK0TD0DO,2025-11-25 17:47:01,page_view,/home,email
EVT-ZSFWI45A4520,941,SES-F83GAEDMLA,2025-10-26 11:55:14,purchase,/checkout,google
EVT-SZORK64MGJ78,259,SES-V3W9O01E4Z,2025-12-07 17:44:16,page_view,/checkout,direct
EVT-JP3HTNCVHZTA,1064,SES-NZZE2TBST9,2025-11-26 12:59:58,search,/product,direct
EVT-Y12YIVFQSX50,276,SES-XWI7084L9G,2025-10-02 13:33:06,page_view,/account,email
EVT-2UPVSF5YC9LU,2792,SES-M5HN1D613L,2025-10-15 10:39:42,search,/product,email
EVT-ERJQENBD0V0N,2567,SES-Y4QZTGBCQT,2025-11-03 06:31:13,click,/product,google
EVT-JJ63XVFIUD99,4923,SES-AIJ82T2A1Q,2025-09-04 09:08:41,page_view,/support,direct
EVT-XRO37U9SSBU7,1931,SES-4P24L6G9H8,2025-10-31 08:19:55,click,/cart,social
EVT-GE3AI6AYNPE6,3583,SES-LYK0VGL2UP,2025-10-24 05:40:50,search,/product,email
EVT-SWYU2RNADKN2,1332,SES-QV9DY292IZ,2025-12-17 13:41:42,page_view,/products,direct
EVT-K7IT7XXDSBRP,1557,SES-1Q8PJ1YDOT,2025-12-17 20:27:53,click,/home,direct
EVT-14XHL5V32BH1,480,SES-948U6B15X8,2025-09-25 04:22:45,scroll,/support,google
EVT-A4OGN378VPCA,4510,SES-G1HZVNASJP,2025-08-07 20:46:46,page_view,/cart,direct
EVT-YP9YPDAX6KDD,3047,SES-0ESUSWIY7K,2025-09-20 18:25:14,purchase,/account,direct
EVT-49IK3TDW7V1Q,3595,SES-6000U1R54E,2025-09-08 12:53:10,page_view,/checkout,direct
EVT-SA11PTKFTUWF,1489,SES-D6LOB24HY0,2025-09-11 05:43:53,page_view,/home,affiliate
EVT-V2TTUSWETYX2,2825,SES-5Y5FNX74SS,2025-10-11 14:45:20,page_view,/product,email
EVT-CB2PN4U6AVE7,2093,SES-D1JIUOIZ6A,2025-09-22 11:13:55,page_view,/checkout,direct
EVT-E51M4WU3GA9T,830,SES-AIVW947XKJ,2025-10-30 22:10:43,page_view,/checkout,social
EVT-A76NFCQML8QQ,4371,SES-Q6X5LD8QU3,2025-12-27 02:02:37,page_view,/checkout,bing
EVT-ZYEKV2DY4TKV,1935,SES-0EX7KI139D,2025-08-30 18:54:49,page_view,/support,direct
EVT-V7PGF7MVQ356,2701,SES-O70IU7HWLW,2025-12-01 08:00:20,click,/home,social
EVT-J0JE3MKR4L2E,144,SES-ZUB3ZUPSLS,2025-12-07 05:41:27,click,/cart,google
EVT-4F4N3ZA0CO76,4931,SES-IYLX2CRL39,2025-08-24 22:05:07,click,/home,email
EVT-O8QHE4QGFULZ,2805,SES-YR8H9XDYQ8,2025-12-03 06:09:48,page_view,/products,google
EVT-2ADS83GYZIEP,1887,SES-D7WGXXASHV,2025-12-12 21:46:56,search,/product,google
EVT-O772NRCMUZ8D,2595,SES-FHZLA6OVM8,2025-08-06 08:41:50,page_view,/support,direct
EVT-U9V45D3DGC50,784,SES-L10I187YOH,2025-12-05 01:16:04,page_view,/cart,google
EVT-I32BUHBCPLA8,4274,SES-QLYLEWFVBF,2025-11-25 05:34:22,click,/support,google
EVT-JZ9DS2ULK3FU,2830,SES-EJRK2LBIMN,2025-09-04 22:07:51,add_to_cart,/cart,social
EVT-QVU5OEJ81O08,2199,SES-Z9B9BOQCPL,2025-12-06 03:26:55,page_view,/product,google
EVT-2SFR23C60CJB,611,SES-72U22EFTIX,2025-10-18 19:14:01,page_view,/account,direct
EVT-MUVHGQK820PS,3519,SES-DWR024LPO6,2025-09-04 02:30:44,purchase,/products,direct
EVT-5I5FTOJTBPGT,541,SES-GF9XXWNKPZ,2025-09-17 10:15:50,click,/checkout,social
EVT-9967ST8LI72W,2198,SES-IAJN3MLEOZ,2025-11-22 05:39:09,page_view,/product,google
EVT-4OEBMQPJBMWM,2310,SES-PRRT2L2IEO,2025-11-13 10:32:48,search,/checkout,direct
EVT-NOHG3VTL1DRZ,413,SES-9UVJ3BSY3O,2025-10-11 06:18:37,page_view,/product,email
EVT-0XV6DDD27D9A,1784,SES-NX3F86UGYF,2025-09-12 17:17:43,click,/home,social
EVT-LK7YBZGAZNI3,4588,SES-UNMAD1BX6A,2025-09-04 15:48:37,page_view,/support,email
EVT-7ZCGACEPL2U5,1728,SES-Z8YGCVHLBP,2025-12-11 10:39:31,page_view,/products,direct
EVT-CFP37CDHZG58,1428,SES-RFEGCXY13V,2025-08-31 19:26:50,page_view,/support,google
EVT-XYJWWBK8R1Z4,3511,SES-W40F72VE4I,2025-11-14 02:24:07,click,/products,email
EVT-QT7ZVNBI1CAO,1638,SES-RF7BCU5SXQ,2025-11-09 03:56:30,page_view,/product,social
EVT-8W81AYUAM75P,4577,SES-KQBKURT626,2025-08-08 22:16:45,click,/products,affiliate
EVT-SZ1CTW689MW6,180,SES-7CGFX30AC9,2025-08-06 06:26:31,scroll,/checkout,google
EVT-8M1INUFNCC8U,3397,SES-PUBKOPSL0J,2025-10-26 10:29:47,add_to_cart,/products,email
EVT-UXOP63CTZRBZ,4678,SES-O4PYAP3JFW,2025-10-19 14:35:10,page_view,/products,direct
EVT-IRJYZ8XUKU8N,1643,SES-79GQQQJR6J,2025-09-13 22:27:20,page_view,/support,direct
EVT-IARN4FLHW3CH,1295,SES-P3ZJLQ1BPF,2025-12-14 22:57:59,click,/products,google
EVT-NJ6GDTGCG8ZF,1583,SES-WSQ7TFS2E2,2025-10-03 17:11:25,page_view,/account,affiliate
EVT-2L4C0BB6PYMA,3537,SES-FOZZ1JPAHR,2025-12-10 09:28:54,scroll,/cart,direct
EVT-1T6SIF6DOHE7,364,SES-X7BNZTAHY8,2025-09-01 06:55:00,scroll,/account,direct
EVT-KY87Q19U9Q44,2117,SES-OLQ54WFUGE,2025-09-22 18:15:02,page_view,/product,social
EVT-DVVPGB8IY525,2356,SES-G1JUM9YJ42,2025-11-21 23:46:24,page_view,/home,direct
EVT-FNSCQQAVAQDM,4519,SES-DV9UJAP7EA,2025-10-02 16:05:24,search,/home,direct
EVT-FZTGP8D20GM6,2562,SES-S0O5DGRX0B,2025-11-22 20:14:46,add_to_cart,/cart,email
EVT-2S60YUP1SHNT,3117,SES-3CIPTNPNZX,2025-10-16 10:41:03,click,/support,email
EVT-CVL0YQZDUBB9,2543,SES-KCB9D7UAYB,2025-08-22 12:23:07,page_view,/cart,google
EVT-MIT3VHTN7SU6,4021,SES-DTN0ABMKRY,2025-12-05 16:43:17,page_view,/home,social
EVT-2J8LBDSG1FBT,884,SES-7IYGC9G6Q6,2025-08-31 15:53:24,search,/checkout,direct
EVT-WTW4IXFJJRKH,1173,SES-2RXYX4MIVL,2025-08-24 07:09:08,page_view,/home,social
EVT-E0SDP8MVHAEW,1785,SES-590J1MNYW0,2025-08-03 11:35:31,add_to_cart,/home,email
EVT-ABHB7ZHEZR4E,4675,SES-YFKOE2HK72,2025-09-02 18:27:43,page_view,/account,google
EVT-5IZB1EDMBJHY,3969,SES-4D6GQ2WIPP,2025-09-20 21:17:16,search,/product,email
EVT-3M2I3QM6DTEC,2163,SES-101YQT061A,2025-08-30 21:52:59,click,/home,direct
EVT-AFVO5Y0QNV4F,2676,SES-TM13QVBNK0,2025-08-25 08:32:58,page_view,/home,direct
EVT-0TE2J403CNFU,4333,SES-SCJWSH3MOK,2025-08-28 11:32:45,page_view,/account,social
EVT-2HERSNUN446Q,2095,SES-BMJLUUPGNI,2025-11-05 21:33:54,click,/products,direct
EVT-16NZ7DSONKK1,2322,SES-FPVDEYCZNY,2025-10-26 14:47:26,page_view,/cart,direct
EVT-JXPP9YVGIPAX,113,SES-CTOPST9LIF,2025-08-26 13:06:26,click,/account,google
EVT-NQEGE5EKFHOE,792,SES-I3OSH3QZXY,2025-11-28 13:14:12,page_view,/home,direct
EVT-3MXZJFY4W8TR,1316,SES-4A15F4JM8R,2025-12-14 12:55:58,page_view,/home,social
EVT-98W07FIL3DVY,2364,SES-7A4K33S5R2,2025-11-09 08:40:44,click,/checkout,social
EVT-JHMIE8989GNC,3234,SES-5ZFC1K8J0K,2025-11-05 07:06:17,click,/account,google
EVT-TIJH33IC44TO,51,SES-KAGIQDZ7Y9,2025-08-15 23:51:33,click,/home,google
EVT-NZNQ06UJLQV6,3496,SES-5CPQRT3MF3,2025-09-18 18:19:09,click,/product,google
EVT-2J16W8MINQ4O,144,SES-GQ7P7SWVTQ,2025-11-19 08:09:46,click,/support,direct
EVT-7VS8CHKCMNT6,3688,SES-QKLJQKCJEV,2025-08-08 17:41:07,click,/checkout,direct
EVT-U777LDM1VL7U,2576,SES-9ZUYH97Y8P,2025-10-24 06:11:52,page_view,/home,direct
EVT-O4G4IQ9ENZ9J,4486,SES-ZL99UJ6SAF,2025-12-06 23:18:54,page_view,/support,google
EVT-N7K98XVI673K,2021,SES-K9KKVP2ME5,2025-12-09 02:25:18,page_view,/product,google
EVT-LLZCUH1I8YAT,3731,SES-9O2EE75C7Q,2025-12-15 18:12:16,click,/cart,social
EVT-YE737FENTD7K,749,SES-XMJBLINEEW,2025-08-14 04:50:55,click,/home,email
EVT-FN8K6P62J4XY,875,SES-KIHPY36Z6C,2025-10-30 13:04:38,page_view,/cart,email
EVT-BRXFX3AT253I,2945,SES-OXKQ5P52DW,2025-12-26 04:19:02,add_to_cart,/home,direct
EVT-QQUOLGQE6XB1,4804,SES-HZR4UR1BOC,2025-08-04 18:07:17,page_view,/checkout,social
EVT-Z337C7NXXBAF,1209,SES-ZKWSSNML4C,2025-12-30 03:16:10,click,/checkout,social
EVT-4GELLX8EAK8Y,3734,SES-7F4YGF76ST,2025-10-15 00:59:37,page_view,/support,social
EVT-E71TWD96HHWM,214,SES-PB74WO7V1G,2025-08-28 09:34:37,add_to_cart,/product,direct
EVT-F1GZVG042MZ8,4109,SES-SFYTK5LBCH,2025-11-07 03:58:42,click,/products,google
EVT-M6XHIGX1PZGS,1819,SES-Y3T5Q21G07,2025-10-06 10:48:05,add_to_cart,/account,google
EVT-VANRY632IIPS,3495,SES-HPNPK270TE,2025-11-25 16:03:33,search,/support,direct
EVT-8QDB9BGV2ESF,486,SES-8Z2GFQNBIA,2025-08-17 14:17:22,add_to_cart,/support,affiliate
EVT-4NDRFDX89I8Y,3016,SES-9RU3PC0OXI,2025-12-12 02:22:08,purchase,/product,direct
EVT-WGD4X4PZJ42R,3724,SES-HWM518ZRMP,2025-11-15 20:25:06,page_view,/home,direct
EVT-L1EH8HYF87SW,3480,SES-GX44QX1CLM,2025-10-20 04:45:39,page_view,/cart,google
EVT-1K9M94UZXY4G,4215,SES-MVH71HW3GM,2025-08-11 20:57:27,search,/cart,direct
EVT-8ON3W9HX6I62,4028,SES-7Q6LFJ18LM,2025-11-09 02:00:12,search,/home,social
EVT-R2CXTJYRDIRL,4938,SES-6S0ZIUQ6QB,2025-11-15 09:41:07,click,/products,google
EVT-481XLAXHNOC2,3119,SES-DO8T8MVW5O,2025-11-28 17:57:42,page_view,/products,google
EVT-XI3RNC02BLU2,664,SES-XIO25NA8KY,2025-12-28 13:14:32,search,/products,google
EVT-7XNPZCU7MPA7,1024,SES-60P0HZWCYK,2025-12-22 22:41:22,page_view,/home,direct
EVT-DZVHLTMGRAEJ,4883,SES-VMQYBXPFYJ,2025-11-14 16:50:24,page_view,/account,email
EVT-PFAWXD0DL7U1,4443,SES-L4YKFJRATL,2025-11-26 00:49:53,click,/checkout,email
EVT-P8OTXOUSHFRR,237,SES-CEZI8UBEZS,2025-10-15 03:14:14,page_view,/support,google
EVT-CV1EXYB8Z8TR,3285,SES-D1FIMTB6T9,2025-08-05 00:04:06,page_view,/checkout,affiliate
EVT-TM477Y6ZLED1,3344,SES-BY8NHQ4HOA,2025-08-26 15:45:14,add_to_cart,/home,google
EVT-LG8Y2WGEBEC4,2126,SES-WQF1CLNVXN,2025-10-16 12:25:38,page_view,/checkout,bing
EVT-1RN9UQ7RZAPU,3218,SES-ZU6MRUWNN6,2025-12-30 11:02:25,search,/account,social
EVT-OLXPOUV75D3N,1956,SES-LXYNUWPKN6,2025-10-06 15:44:18,scroll,/products,bing
EVT-MYB4BOMZQB09,229,SES-46UW7YE46F,2025-09-01 15:37:27,add_to_cart,/checkout,google
EVT-UW8PDWXEZIHZ,4939,SES-7761XS1CXD,2025-12-29 21:59:52,scroll,/home,direct
EVT-VZGMFFOHK94W,3413,SES-CWGK6RZLCH,2025-11-27 04:12:58,click,/support,email
EVT-6WUUMO7OPKLJ,2887,SES-2XRNWJHS1F,2025-11-10 08:01:46,click,/checkout,affiliate
EVT-670LJC6WO7V1,4260,SES-8G0YI0DG95,2025-11-17 00:44:49,purchase,/checkout,google
EVT-IZ4JQI55JSYX,4478,SES-K0GH1IX2AJ,2025-10-18 09:15:55,click,/checkout,direct
EVT-UFBLPVR79YT1,4678,SES-GZ36N3FRLU,2025-10-05 18:36:44,page_view,/checkout,google
EVT-S4JIDA6UEYER,2820,SES-ZK3VJE6IFK,2025-12-17 18:16:08,click,/support,email
EVT-BL6SGW2NRV4E,2990,SES-ATV82HK89J,2025-10-19 11:00:53,click,/home,direct
EVT-IBKPK7FVU3F0,1087,SES-SNCH1WY6PO,2025-12-24 03:57:12,add_to_cart,/product,social
EVT-MEE0Q45TVGUW,1994,SES-GI3EEAFDZH,2025-08-10 04:38:13,click,/checkout,social
EVT-48TP37V7JMKJ,4342,SES-DIDVKBW8BT,2025-10-16 07:05:19,add_to_cart,/product,google
EVT-LNDITN5KG3FY,3046,SES-TCNO3FEUY5,2025-09-29 18:58:04,click,/support,direct
EVT-E4HQGOXAIQUS,3306,SES-BFYGOU3HPF,2025-08-08 12:04:45,click,/home,bing
EVT-Y2O33B29XZ6U,1993,SES-15WR99ZZCR,2025-09-17 18:38:56,page_view,/cart,direct
EVT-K18F2DXR6CJ9,3600,SES-AXY6DES1KL,2025-10-20 19:15:59,add_to_cart,/account,google
EVT-K4CI248F3VKO,3588,SES-5EZ2A5I8JN,2025-09-10 08:03:47,page_view,/product,direct
EVT-G1011HE9WIEE,1306,SES-BRJS1M3RMZ,2025-12-01 17:51:47,scroll,/home,google
EVT-O9H5IHJQCYYP,4460,SES-M4QI31HO4X,2025-08-08 10:28:18,purchase,/cart,direct
EVT-Q7A4FRV1L6CK,920,SES-8SCX401L51,2025-11-01 01:35:29,click,/checkout,email
EVT-NC7GIU13GBJ7,42,SES-9881UN1COQ,2025-10-30 15:52:23,scroll,/support,email
EVT-2BTQ82327AQF,1283,SES-AVK658OV5E,2025-10-03 12:45:32,click,/support,affiliate
EVT-F2K5C3Z6J5Q1,3566,SES-1HQBDYSAAR,2025-12-05 04:11:06,page_view,/home,direct
EVT-D7XYLJD2V57B,2121,SES-6JBPIHHB1M,2025-10-27 05:00:20,click,/products,direct
EVT-MTT7FYWM5CFV,3146,SES-TRKZYTWXIM,2025-09-14 21:56:06,page_view,/cart,google
EVT-2VYN1KJS08RW,2683,SES-04RF4LTYYT,2025-12-22 17:16:16,page_view,/products,direct
EVT-Q1CGEDBT8BZ9,4497,SES-MJL5H16828,2025-08-26 18:42:06,click,/support,direct
EVT-T30B69C45RY2,3151,SES-7SF1PT6TRO,2025-08-15 19:04:40,add_to_cart,/support,google
EVT-7VMVWJMV06DD,3725,SES-UWFIAJIJNL,2025-09-27 11:02:15,click,/checkout,google
EVT-G680IUGA4FEG,1834,SES-P2S07JORDB,2025-10-18 13:41:47,click,/checkout,direct
EVT-YYJ5N860ATH9,2518,SES-IQMGPOEMKS,2025-08-25 06:28:18,page_view,/product,google
EVT-KP6ASSSULJAF,3837,SES-D1JCPTZZZ6,2025-10-07 11:38:13,click,/support,google
EVT-4WNSMW5GYRW6,3863,SES-CTEL745CSF,2025-09-05 11:46:51,page_view,/checkout,direct
EVT-OWH8VLIG7R2F,129,SES-0ALMWNMJ0S,2025-11-25 15:05:15,page_view,/product,social
EVT-MFP5MD3EXU7F,4475,SES-ISJ424IQ93,2025-10-19 05:48:52,add_to_cart,/cart,direct
EVT-KC781HFL1ZOP,3187,SES-H5YWL94MOP,2025-09-28 10:33:26,page_view,/products,direct
EVT-QZFO30X8BNMJ,1346,SES-A94D8XERFH,2025-09-09 15:44:28,page_view,/cart,direct
EVT-SXTDHDX1BJT4,2437,SES-S2QJED48Q5,2025-11-25 21:52:12,page_view,/account,direct
EVT-ZF3D4D32NKX5,2834,SES-H2IN2BU4WA,2025-10-20 00:15:39,click,/products,social
EVT-ZT5TT9KA1DLU,4560,SES-2GBZUO7MTC,2025-12-09 03:14:11,add_to_cart,/home,direct
EVT-CLLE4A2G76RW,4643,SES-OYJ61AJSJJ,2025-10-10 02:34:45,scroll,/cart,email
EVT-R3S18WK501EP,4505,SES-583BYGRUZU,2025-12-18 20:10:26,add_to_cart,/account,google
EVT-EKGVZPFCGLCK,4714,SES-5E3VMK0PLE,2025-11-09 14:44:53,page_view,/home,google
EVT-WT2E077U55D5,4857,SES-D0Z4ZMPRGA,2025-10-09 07:31:17,page_view,/products,social
EVT-Q3OV9JYDFZDT,3224,SES-AO765ZC9HL,2025-08-25 19:24:58,page_view,/support,email
EVT-C5PAYGAA70TG,3477,SES-U2ZLGLEOHI,2025-10-28 13:17:14,click,/support,direct
EVT-O5AWLGITIZ7T,2539,SES-FK0VZYYBDA,2025-12-09 14:03:33,click,/product,email
EVT-FP3G21CQTP31,2855,SES-U8EZKXQ80I,2025-10-02 16:35:57,click,/cart,google
EVT-74GU65S6Y5H3,1436,SES-4527KKZ4GZ,2025-08-30 12:25:33,page_view,/cart,google
EVT-O0SW58611GQI,256,SES-W6IZ1256HH,2025-11-01 06:45:19,page_view,/product,bing
EVT-T8D9GX2HIVDT,2418,SES-GTQMOR9EH7,2025-12-10 07:09:46,page_view,/product,affiliate
EVT-S8MG00CRZ17A,1754,SES-OLJQZDCSE0,2025-10-17 05:28:02,add_to_cart,/checkout,direct
EVT-8RNXPWNUA6TD,4747,SES-94588YSVCZ,2025-10-24 18:49:11,page_view,/account,email
EVT-XJ1WQQOQSD8P,3412,SES-A0E9EKOJZC,2025-10-10 01:44:35,click,/support,direct
EVT-4XTKXGY93FON,76,SES-DUSCUNK0K7,2025-12-27 17:06:34,page_view,/checkout,google
EVT-8ONG5UDLHWV6,3612,SES-H01STXMZI9,2025-10-10 12:09:51,click,/products,social
EVT-FLVYWAPKE5AJ,505,SES-Y8U40QCU5W,2025-12-07 19:32:33,page_view,/support,google
EVT-R1OV9CPWRUTV,3393,SES-MG7F10TB81,2025-09-03 05:41:26,page_view,/cart,direct
EVT-LYJMWUOCS224,1993,SES-OUVWXOATMZ,2025-10-26 03:33:30,page_view,/product,google
EVT-EQKQ7MOU3DN1,4758,SES-H93XMCL1YE,2025-12-09 13:43:22,page_view,/product,email
EVT-TJL2FX35LG49,3379,SES-DZ3G9R304A,2025-08-18 04:10:27,page_view,/account,google
EVT-FFQOKVC4GTJS,2395,SES-BISCW1PZ11,2025-09-12 08:25:35,purchase,/support,direct
EVT-1A5UGXBRYTIV,1417,SES-7IB22ZU6SJ,2025-10-15 20:16:05,page_view,/home,google
EVT-R40DM9IF826B,2230,SES-JFZP0T57GO,2025-10-17 23:21:27,page_view,/account,social
EVT-HYZ1OV5VXA8M,240,SES-CRK53OPPOY,2025-09-10 21:21:08,click,/account,bing
EVT-KU1GPT49PUSR,1778,SES-DVFD9JRM43,2025-11-14 08:29:44,click,/checkout,email
EVT-ZAEQOXBE1P5E,4261,SES-GMEFG9O9IH,2025-11-17 11:44:05,page_view,/support,email
EVT-I7K8EVBRX8U7,4159,SES-4O8JG78IA6,2025-08-24 04:11:17,click,/support,direct
EVT-3NKBF2E6WPRL,2403,SES-19Q1J10IDS,2025-08-24 04:57:32,add_to_cart,/home,google
EVT-PG7GVLHWXPBR,4147,SES-FFQ0NEZH1U,2025-08-03 14:04:14,page_view,/product,google
EVT-RNTYLVVLD3II,2632,SES-9C245O7O7G,2025-10-12 17:07:43,click,/cart,direct
EVT-A38K0HF36C0O,3907,SES-RI9ETMO11I,2025-08-24 01:50:00,page_view,/cart,direct
EVT-X87CZR7XWQF1,3011,SES-F24HYG1HB3,2025-11-27 19:32:30,page_view,/home,email
EVT-TTIMLYTGVKYM,3390,SES-Z30ZBTVFH7,2025-09-09 12:19:57,scroll,/account,direct
EVT-ZLO9LNDCMB4B,4077,SES-B0AHI1YWT3,2025-10-10 19:36:20,page_view,/checkout,direct
EVT-LDQLQ1WMFPT0,1215,SES-HKO1CMRT7J,2025-12-15 04:33:31,page_view,/products,direct
EVT-0E2QMK3UHK6H,670,SES-HDSZW1YE8U,2025-11-17 17:52:44,scroll,/support,direct
EVT-MRTIEHC2YIX7,3562,SES-NA9WK4MK3F,2025-11-11 11:37:40,add_to_cart,/cart,google
EVT-9PBRTG6C2RRA,616,SES-NXTIWFKLZW,2025-09-02 11:36:48,click,/products,email
EVT-3PLCGQLLX70R,4659,SES-QX9VSNH0E9,2025-10-01 18:13:56,click,/support,direct
EVT-3SDUDPRK5R0P,1131,SES-H2BVWV6YSH,2025-10-24 16:30:49,add_to_cart,/checkout,direct
EVT-NF3VCLHOVU5W,1522,SES-HYAFVNUY82,2025-09-30 04:16:23,add_to_cart,/home,email
EVT-P8MVU2YETTRU,4452,SES-2Y0EAP50SW,2025-11-01 15:42:26,page_view,/account,google
EVT-TI7ZFZTOS6GK,2665,SES-1OQ9RQ53UT,2025-08-27 10:00:08,page_view,/checkout,email
EVT-J71K16Y0UPU5,4863,SES-IUMW6ASGFQ,2025-12-04 13:30:16,page_view,/product,direct
EVT-36LZMS804BFP,304,SES-GDM1IYKU9I,2025-12-23 03:11:49,page_view,/checkout,email
EVT-V0V6443KTX6Q,3980,SES-VW7KHUL0OP,2025-09-29 13:01:55,page_view,/home,google
EVT-CALUK87322HR,1895,SES-XNCCRBF4AF,2025-09-16 09:06:06,click,/home,google
EVT-5SOSC0WHS14E,1516,SES-3QHYH0G0XQ,2025-11-20 18:37:04,page_view,/checkout,direct
EVT-CI9RTJ6U5A2X,584,SES-Z3G0KSJH9P,2025-10-26 09:30:21,page_view,/support,direct
EVT-54U44QUNF57V,367,SES-O2UBATPZ00,2025-11-17 14:09:13,click,/home,email
EVT-H2D3LS11Q01Y,2047,SES-H4FL7Q15WH,2025-12-27 17:11:00,click,/product,direct
EVT-HYA0EIVA8T49,459,SES-QMN7D922WA,2025-12-14 20:27:00,search,/products,direct
EVT-LXLE0BCT324Z,120,SES-HDO61XN8DK,2025-10-12 07:58:12,add_to_cart,/checkout,google
EVT-BL5KZHCMZ2RN,3285,SES-13ZP84JRH8,2025-11-30 12:20:00,scroll,/home,google
EVT-O6CYSVUHIWZW,3255,SES-IPTC16ZE7B,2025-11-05 19:56:16,click,/account,google
EVT-T994PN8QIX43,3566,SES-LP7DGT60PV,2025-10-07 20:22:33,click,/support,google
EVT-IRGM5DKOYBES,3303,SES-7TIQIJB3SW,2025-10-02 22:34:08,search,/support,google
EVT-IRQ4TP1NA6KS,4460,SES-SO0CISUVYK,2025-10-21 04:26:04,purchase,/support,google
EVT-NJCZOBD9Q8WH,1969,SES-28F7K5MTVG,2025-08-30 07:42:22,add_to_cart,/products,social
EVT-T37OJ98BYTE9,2532,SES-E3YN3SCSBL,2025-08-25 15:56:07,click,/product,google
EVT-AFPP7SDWYQTU,852,SES-LWNAK2HOPQ,2025-11-29 17:44:27,page_view,/checkout,google
EVT-V27UUBRJ174W,1930,SES-0UX5PGEM9I,2025-11-05 16:02:19,search,/home,direct
EVT-YAGS1KWQJL8E,1944,SES-UYZ9TOS7CU,2025-11-07 09:29:55,add_to_cart,/products,social
EVT-Z31T6ERQ5A83,764,SES-WB3ESHHETZ,2025-11-14 19:53:41,purchase,/product,direct
EVT-89214311BKHS,3297,SES-XA3SLA5GM4,2025-09-25 12:16:04,page_view,/cart,google
EVT-SCRTP08IIO1Q,2679,SES-GSD5BGKMQ8,2025-12-08 04:49:57,page_view,/home,google
EVT-3DZVWE8G358G,3812,SES-DNB0XDKUUG,2025-09-22 11:07:27,page_view,/support,google
EVT-EEJGBJXG56W0,902,SES-O2N5MUY0V3,2025-12-04 19:08:05,purchase,/support,google
EVT-MQA1CCYY4JUF,1519,SES-UTCPXCAAL8,2025-09-10 13:17:59,search,/product,email
EVT-N24XCRWDWF1T,3257,SES-VHF48UZ27N,2025-08-23 03:22:37,page_view,/account,direct
EVT-QV0R095UHGCR,3987,SES-R6DPFVHF1K,2025-08-31 17:16:54,click,/account,google
EVT-KFKJ6XHPD3BG,742,SES-M8B543BB9H,2025-08-02 03:51:25,page_view,/products,email
EVT-NPYHRFOZG7FB,3554,SES-5C7RSMFQTN,2025-09-29 01:56:58,page_view,/account,direct
EVT-V2I6OEUH8VAQ,1694,SES-DY69620ZX7,2025-10-17 23:56:30,click,/support,direct
EVT-VBDIM28AQWD1,2130,SES-9V37PRDDTB,2025-08-23 21:58:47,add_to_cart,/checkout,google
EVT-BQFDTNBS5XRG,4012,SES-XT6YEYXIY4,2025-09-04 20:36:31,search,/products,affiliate
EVT-A3L71029DG38,3253,SES-7HGM5SRZEP,2025-08-01 00:06:29,page_view,/support,direct
EVT-RAJIB931K26G,1366,SES-FEKXVTYZ93,2025-11-13 11:00:59,click,/checkout,direct
EVT-FXAMHV1F070V,196,SES-45ZWUOT8MM,2025-09-18 04:35:19,click,/product,google
EVT-K32RGWHGXMD7,151,SES-DFBHPSOJDY,2025-10-01 09:47:04,page_view,/product,direct
EVT-QCQ3ZA8E83MT,4524,SES-UAJ2OBTCW6,2025-08-15 23:23:11,scroll,/products,google
EVT-EBDUD8T7D2TO,331,SES-J2TIPLK5BO,2025-08-21 16:05:44,search,/products,email
EVT-1KVTORP59YEQ,3111,SES-V3036B3YQM,2025-12-14 06:31:37,page_view,/checkout,direct
EVT-96SJQA0PX99D,3325,SES-PUYW6MXRF9,2025-12-13 06:59:54,click,/account,email
EVT-BK4EPBO01717,890,SES-CFWAWQ4X6G,2025-11-13 02:42:48,page_view,/home,google
EVT-HV0EHLITSJ8B,955,SES-4YWKOODVMB,2025-09-03 07:52:25,click,/products,social
EVT-FI8OJGZACF0R,3690,SES-O4KF9OQKZ6,2025-11-29 03:05:17,click,/support,affiliate
EVT-7FA6AHHCASIK,4450,SES-L6E2YE38D1,2025-11-04 10:37:54,page_view,/home,google
EVT-ZOIEASU29EE2,2949,SES-N1TP1LSJ75,2025-08-10 15:55:52,search,/home,google
EVT-A84N1W3ER70U,3242,SES-VW2OXENFRR,2025-10-29 20:48:51,click,/account,email
EVT-T100WNT0K987,2396,SES-YBCN78HZFF,2025-09-27 02:45:13,scroll,/home,direct
EVT-5TRJIB739SYI,2045,SES-GHF3OBS0SW,2025-11-17 15:46:03,page_view,/product,direct
EVT-ED48CD5LXTNJ,3600,SES-V5QD8C1AM0,2025-11-07 02:26:25,purchase,/product,affiliate
EVT-S18L9GJ4ANLI,3991,SES-IHDZSNOL8W,2025-11-17 21:31:28,add_to_cart,/home,google
EVT-OBL7VJUZ5PFB,4015,SES-KFF0ZADF5J,2025-12-10 09:30:37,page_view,/home,direct
EVT-CE5Z3ZTDS7XS,2056,SES-J002JZ2KB6,2025-10-28 22:13:07,page_view,/product,email
EVT-V18F6FTSCJLE,2671,SES-7RIZ2H4Q4V,2025-12-14 14:07:27,search,/checkout,google
EVT-I6WGL8I9AKFD,1576,SES-TYK1DE7FDR,2025-08-12 08:36:04,click,/account,direct
EVT-18TLTY7W29MA,1853,SES-756SSX82UF,2025-11-26 01:28:52,page_view,/account,direct
EVT-X6EBQGBPADUS,2214,SES-L9MQ11PHLS,2025-10-27 07:17:43,search,/support,direct
EVT-QB00G9E07PME,1227,SES-QK7MEHZS8F,2025-10-27 13:12:34,page_view,/account,social
EVT-XJTNRP1I3661,1664,SES-093FL0ELLC,2025-12-31 05:39:27,click,/cart,social
EVT-L08KGFP94K3A,364,SES-QSUGABIMI0,2025-12-08 03:18:38,click,/products,direct
EVT-WLAR0WH0RFIU,1948,SES-G8F9PRNNBE,2025-10-12 23:14:15,click,/home,email
EVT-PROG710EQ8O9,4754,SES-TRLZSCXCRH,2025-10-22 14:51:20,page_view,/product,google
EVT-S4ZNMZOFE98W,3633,SES-Y3ZOMGN1EE,2025-08-05 17:29:39,click,/account,bing
EVT-P94P4JWR3XUX,3482,SES-XB4Z7J8HWE,2025-09-16 05:29:03,add_to_cart,/home,direct
EVT-NB9DSSRKFI53,1275,SES-2C7MV5NLZL,2025-08-24 20:40:12,click,/home,google
EVT-LLP0NFDD2PJ0,1446,SES-7HVWR3YNII,2025-11-29 19:57:43,click,/home,direct
EVT-MMUG8XJK31DZ,4828,SES-JUQW4QD102,2025-11-03 13:09:14,page_view,/account,direct
EVT-RHTTQAYIIY2S,2958,SES-KKVR0TMTOC,2025-12-20 07:28:34,purchase,/home,direct
EVT-530TJ2T9O5A4,3457,SES-TS4RO893EN,2025-09-20 11:01:49,page_view,/checkout,direct
EVT-39GF5LXK2G5E,2166,SES-VRJQ9HE6VB,2025-12-12 21:13:19,scroll,/products,affiliate
EVT-OL0TA8RD05N9,1010,SES-7HFG5LU7PK,2025-12-23 18:52:13,page_view,/products,affiliate
EVT-HCZDQ3W6BDJ7,2820,SES-HEL706HOQQ,2025-10-21 04:21:38,page_view,/product,email
EVT-H7REDY0VQXO2,1729,SES-0RAAOO91OA,2025-10-11 06:14:11,page_view,/checkout,direct
EVT-DWN717YW1BSD,696,SES-8NZF94E82X,2025-09-20 03:26:57,click,/checkout,google
EVT-X4W3LNAEHPIT,4618,SES-EU74S5TR21,2025-09-21 09:09:14,page_view,/products,google
EVT-ZA7UY4SAEQ1Z,2385,SES-EJ2VHAK2X9,2025-08-12 17:28:04,add_to_cart,/product,google
EVT-Q8DAYDW9F6Y5,1383,SES-PF16O8BJMI,2025-10-20 08:57:19,search,/checkout,direct
EVT-V9JREHMIQP56,2496,SES-GJ6HM3J5UE,2025-11-03 18:38:20,page_view,/product,google
EVT-A2TYZNM5SAXY,3606,SES-SL4PD8GBNI,2025-11-23 10:59:41,page_view,/products,direct
EVT-K2E58F3OB9V1,1848,SES-UD1AU0INWT,2025-12-07 04:57:46,search,/home,email
EVT-T4JXA2YMPYI4,1729,SES-COMMN9TWN7,2025-08-11 15:50:56,page_view,/support,bing
EVT-6N05FL0463NA,653,SES-GWR17H4GYM,2025-08-16 05:54:26,page_view,/support,google
EVT-7HN98X16F4ZZ,759,SES-RRQSRNH2PH,2025-11-09 11:53:57,page_view,/support,google
EVT-W5UK4SHA60V3,1280,SES-1DJVVH3T8X,2025-11-21 03:30:52,page_view,/checkout,direct
EVT-3LIFNCRN3TNK,442,SES-2G24GVA34E,2025-10-31 03:49:49,page_view,/product,direct
EVT-ZIY75ITDL35J,4505,SES-5BCIDL8LGH,2025-08-09 03:32:35,click,/home,direct
EVT-RJ9R3VP8LIM0,4906,SES-8RFC9VD5SO,2025-11-27 11:50:08,click,/products,email
EVT-6ETCQR3EV1RD,3489,SES-2N333ZA49X,2025-12-01 09:38:12,add_to_cart,/account,direct
EVT-NF4X13QINF2P,3574,SES-UD9RT7NWUQ,2025-08-08 08:31:07,page_view,/cart,google
EVT-091PQFMPAH3Q,4793,SES-IQ9VOBGGGK,2025-08-25 18:57:14,click,/support,direct
EVT-N21R91R0HRLI,4194,SES-YCSNU966WQ,2025-11-27 13:18:49,page_view,/checkout,direct
EVT-AGP34SLQGBUL,3971,SES-X1N6PH1RAE,2025-12-29 16:18:15,search,/account,direct
EVT-1OT96GSKBOJA,4638,SES-MYD8YH304A,2025-08-23 22:26:29,click,/checkout,google
EVT-XNHRC4HM08OP,1527,SES-8PMSY5YPC7,2025-09-13 22:07:51,page_view,/product,google
EVT-EVHTZ4VOYBJ7,191,SES-SYR7S9R37V,2025-09-25 16:16:01,page_view,/products,email
EVT-SOYGY21JMAS4,1874,SES-3869OJRGHR,2025-12-01 18:08:22,page_view,/support,direct
EVT-1RU08L4PJAGX,3016,SES-4X51MO5JMQ,2025-08-23 22:49:51,page_view,/products,direct
EVT-LQ0S5RMJPCZA,258,SES-0NJVJPCMW0,2025-08-09 04:11:57,click,/checkout,bing
EVT-3SFGHO4QHCG7,155,SES-JPJLBWJ1IR,2025-08-04 23:34:32,page_view,/checkout,direct
EVT-FD143XRV8DF2,2992,SES-VA0Y0WLIWL,2025-11-29 04:38:34,scroll,/support,direct
EVT-F5NK4OTBGDPU,4094,SES-AP3K5B8SNT,2025-11-06 10:43:59,page_view,/support,direct
EVT-H4GBGO8UTD9J,3903,SES-HT7UGVIVK0,2025-12-09 14:38:29,add_to_cart,/product,email
EVT-YJ3CT5Q5173C,2276,SES-B73BHH85DA,2025-10-22 03:00:59,page_view,/product,google
EVT-7Q25Y7KHG4G7,3583,SES-5H3Z4LB0FM,2025-09-03 21:11:14,page_view,/cart,direct
EVT-NIE3FKP96AIU,4170,SES-ITWPHKOKPY,2025-11-13 21:26:39,scroll,/home,google
EVT-01LC5WW9LZHV,2413,SES-98OPBH4ER3,2025-11-15 18:42:43,add_to_cart,/product,email
EVT-EZ9RTD6ENMB9,24,SES-UREV2Z1K3B,2025-09-12 02:47:07,click,/home,google
EVT-UPEPPOLG5TK9,1742,SES-DGRB2D5LO9,2025-08-12 01:59:44,click,/checkout,direct
EVT-VJ0VA0STKA09,3161,SES-J5RWHHI4PJ,2025-08-16 06:44:16,scroll,/cart,bing
EVT-14ABAZD84VF1,3606,SES-HL5NZRV4A3,2025-10-01 13:25:39,click,/cart,google
EVT-6185IBJUBI6M,3372,SES-M1XGB1BOTM,2025-08-17 12:28:16,page_view,/account,direct
EVT-GHAGMB362M9E,2092,SES-1CD4ZYEFG5,2025-08-15 05:09:17,page_view,/account,bing
EVT-5IMLZ6IOSTUZ,1061,SES-ODHDGQNXSK,2025-08-26 08:28:37,click,/account,google
EVT-HG1GF4OFPATM,3352,SES-YZ86IOSA6S,2025-09-14 18:14:25,click,/cart,email
EVT-0TXE321D5C21,461,SES-9RCB2OXEBP,2025-12-08 22:39:12,add_to_cart,/products,direct
EVT-O6WW8EIRHRLN,2118,SES-BBQHTXP0SH,2025-12-23 15:17:19,page_view,/support,direct
EVT-F6NV5XU6M9DE,1607,SES-AJ4MH7LKY5,2025-10-04 18:38:14,search,/account,google
EVT-OCIRIO74JLYS,72,SES-5WRSWG5T3I,2025-11-02 21:06:29,click,/support,google
EVT-7JD6Z6PQ1AUF,4924,SES-XO9I8P0LW3,2025-08-30 23:38:40,click,/checkout,google
EVT-0TJ5JGZCY4ML,4273,SES-895TX69VA9,2025-10-07 03:50:35,page_view,/products,email
EVT-JZFUDI4SP7QF,707,SES-8BWNAZMPWB,2025-11-14 10:08:12,scroll,/products,google
EVT-Q9N04FDTZJ2L,1929,SES-0F4X6VVWNH,2025-09-13 14:38:05,click,/cart,email
EVT-72V08KTRPW3H,4980,SES-83FI4OJAIP,2025-11-04 01:18:13,click,/products,direct
EVT-HIGVUMMWCMZX,2799,SES-XEM242YHFE,2025-09-29 13:26:41,search,/checkout,email
EVT-8J5MS20T3T9L,1178,SES-5WMD9LAEC8,2025-08-01 06:59:50,search,/checkout,google
EVT-P2E2ASOEVGKH,154,SES-FB947E6K52,2025-08-19 09:03:25,page_view,/account,direct
EVT-250CVGFGM1TM,30,SES-BI86MTZHSP,2025-09-02 06:00:46,search,/products,direct
EVT-27O19QTG15XD,3312,SES-3V5VS0JZWL,2025-10-30 12:37:58,add_to_cart,/support,direct
EVT-82IJKUV2VXO3,3827,SES-SD4TR4GSE7,2025-08-24 07:29:17,page_view,/checkout,google
EVT-PEOJ3M48NGC4,4787,SES-4V5DM5NQPT,2025-10-22 22:44:20,page_view,/support,direct
EVT-XAIC0DHNHWEK,1875,SES-S0MMBBSU04,2025-12-03 16:28:16,page_view,/home,affiliate
EVT-QDVNAB87FRBO,237,SES-W4JSNYM31S,2025-12-31 10:52:55,click,/products,social
EVT-O703B95OHS7A,2186,SES-K0540SEJOK,2025-12-17 10:16:50,add_to_cart,/cart,email
EVT-UIGJD3X4YH5H,4726,SES-ILP4VN2V27,2025-08-09 02:50:51,page_view,/account,google
EVT-OA7WKDPEHDM6,618,SES-NLS4SZXQ1K,2025-08-06 06:12:23,purchase,/cart,email
EVT-K6HGQ6SRP7B4,1572,SES-1QRRN5N5EH,2025-09-27 19:55:34,purchase,/checkout,direct
EVT-HJKWBJPCLMSP,2438,SES-Q403IVWACK,2025-11-08 12:50:01,click,/checkout,google
EVT-94RWGKG5KHL1,4456,SES-LN9TLYO674,2025-11-30 21:05:37,search,/cart,google
EVT-CRHM22SNJU9F,582,SES-DPHU2XRFNH,2025-11-09 09:33:05,add_to_cart,/home,direct
EVT-51NI4EUBYGS0,2255,SES-671PJ0AK26,2025-08-11 10:47:28,page_view,/cart,direct
EVT-JX9AMSM5R7GO,601,SES-9RYOHCKNEW,2025-12-29 00:31:39,add_to_cart,/products,google
EVT-KLVA2UHTJPK4,979,SES-JR73CKNU2M,2025-08-01 22:24:34,scroll,/cart,direct
EVT-W0KQ8SJQONTQ,515,SES-WM3728PU8H,2025-10-20 03:53:03,page_view,/product,email
EVT-X45JOQYNIT38,810,SES-N8XZ4OSU2M,2025-11-18 06:18:26,scroll,/home,social
EVT-CX5DNSVBCQ7G,2486,SES-A90DS1BHRN,2025-12-29 20:15:11,page_view,/account,direct
EVT-4ASMZX4NKIO5,1447,SES-LQLFWUUIU5,2025-11-08 05:39:17,click,/home,google
EVT-B6IIJPSHOXXA,469,SES-2W85YPS859,2025-11-13 07:38:48,add_to_cart,/cart,email
EVT-OZ5E7GGO46X1,630,SES-TXADN2TVDN,2025-12-11 08:07:03,add_to_cart,/product,direct
EVT-W1QXPH1Y3BQH,3383,SES-HBOBVGYIHU,2025-11-07 13:51:17,add_to_cart,/products,social
EVT-OK3ZY5SRO0L9,114,SES-IVGAYIUQGX,2025-08-09 12:21:27,click,/cart,social
EVT-LAYKE3ZCXU11,1226,SES-8UWTK7S1OQ,2025-12-10 02:13:51,click,/products,direct
EVT-TO0BOGCC1U86,4343,SES-O0J4EAISDK,2025-09-26 07:09:13,click,/product,direct
EVT-AG3U1SWYUTFE,1617,SES-0OKK0OJBQU,2025-12-02 21:25:37,click,/account,affiliate
EVT-FZ811ID07T3L,3318,SES-111VPIVXSY,2025-12-31 23:24:20,click,/cart,affiliate
EVT-JOKBZVYX9D18,4641,SES-TP4JULSXL8,2025-08-06 02:57:55,purchase,/cart,google
EVT-K9VAK1VPANGW,2671,SES-NV9UZI3LPL,2025-12-20 10:55:07,page_view,/products,direct
EVT-3PAJVF9I60K2,4814,SES-FWAFN21472,2025-10-02 12:33:41,click,/cart,google
EVT-3Z2Y3C0EQ4AW,4874,SES-J8NP9S8E9G,2025-11-26 07:48:19,page_view,/product,direct
EVT-8JHE5S517DXJ,3069,SES-F2FXX9XJUE,2025-10-04 14:05:11,click,/cart,social
EVT-17X6XDA71EBV,2538,SES-6IHRUJ9YCS,2025-09-21 13:38:21,page_view,/account,email
EVT-FWB5HSTS68CF,3175,SES-RK5SLSBJLV,2025-10-04 04:39:44,click,/account,google
EVT-FF8TX134L8XA,2638,SES-Y6L1XXX2N2,2025-12-03 10:16:18,page_view,/checkout,direct
EVT-FSUMUXQJCTPV,2223,SES-SUA5M4EO0X,2025-11-08 08:03:42,page_view,/product,email
EVT-EV64GROABEAW,52,SES-JJVHOIQND8,2025-12-14 23:40:51,click,/home,direct
EVT-QW29PY5KH2NX,2345,SES-M52GCF9SPQ,2025-11-04 10:28:59,page_view,/products,direct
EVT-XMS3RAG0KXXK,2223,SES-DNBLWD8M7A,2025-08-08 23:06:09,page_view,/support,google
EVT-XNOAD78QIG6U,4696,SES-MNDI5TBDJG,2025-08-14 01:10:26,page_view,/support,google
EVT-O3ZIN1A7KNE1,4267,SES-GGU5RPZH4Y,2025-08-24 06:19:51,search,/product,email
EVT-YBMZPSCTPN7Y,3109,SES-YBKHTAB92W,2025-11-01 12:04:38,page_view,/support,social
EVT-853J5SFMZQRS,1659,SES-C3BNECJQ42,2025-08-25 15:58:24,search,/home,google
EVT-JZO98IBOQ18O,3558,SES-7U1NVMEAGW,2025-12-12 11:24:33,add_to_cart,/home,google
EVT-VEUUR656EBJV,4551,SES-P82H6SGL5W,2025-12-07 01:42:41,page_view,/product,google
EVT-NFOWAPCQ7VG6,4823,SES-R6ZEBCVF6F,2025-10-26 10:37:09,click,/home,direct
EVT-N968XF6V8TH1,887,SES-OVK2HQKQ8F,2025-09-02 20:53:33,scroll,/home,email
EVT-05OSZQG6PKIS,3054,SES-KCEK2GPM4G,2025-12-20 00:27:08,click,/support,google
EVT-B8363DHTG1D9,2803,SES-HDOMSPFQLF,2025-09-25 20:25:16,page_view,/checkout,social
EVT-OB6KB9Z7FW0C,2198,SES-QEBIWRCQLA,2025-08-28 08:42:54,click,/cart,bing
EVT-20X450UHEH3R,4011,SES-6M04YPRPAQ,2025-08-29 13:01:32,click,/support,direct
EVT-FWTEVTX3NF27,636,SES-CCGZDN5V38,2025-08-23 21:30:11,add_to_cart,/support,direct
EVT-E6L8XCGMIURP,3015,SES-N2UIZIWNT0,2025-09-07 06:23:00,search,/checkout,google
EVT-V2WJ6O6U9179,3886,SES-Z85PRCPKFD,2025-09-12 23:26:58,page_view,/cart,direct
EVT-B9NT5DXI7QOD,2083,SES-TBJOJ02WY0,2025-08-10 09:39:23,page_view,/home,google
EVT-SU9F16X14AI7,175,SES-UFBC16LKS2,2025-08-27 02:51:41,page_view,/cart,direct
EVT-REFICGXLOARR,1057,SES-DVGONI9HIL,2025-12-14 18:22:11,scroll,/account,affiliate
EVT-XC9MIDUX8FMW,1749,SES-ZNKQ5A36E1,2025-10-24 23:00:59,click,/account,direct
EVT-4VCHRHBKGK9J,2763,SES-JQQXF2A8JC,2025-08-13 14:00:51,search,/checkout,bing
EVT-QTAJPP8OEI97,3469,SES-3MZWTY257W,2025-09-27 06:03:18,page_view,/products,direct
EVT-5YQL1V2W9Y49,2302,SES-UQQ4TNDNQB,2025-08-03 16:14:56,add_to_cart,/products,google
EVT-DZ8FTMJN8B3U,568,SES-VR081I1CCM,2025-11-08 17:10:03,page_view,/cart,direct
EVT-MAM003L4JZWY,4419,SES-N3DN1GZCV9,2025-11-12 02:39:49,search,/account,google
EVT-IX7BRRBAI3AL,1784,SES-NXBV30BMZW,2025-08-05 22:23:53,click,/products,google
EVT-6EJA1V2TG2AH,2144,SES-7539MH4QX4,2025-08-22 13:23:42,add_to_cart,/product,google
EVT-N110BS6TO8WY,4439,SES-95AJGATXPX,2025-10-05 01:46:21,page_view,/products,google
EVT-AQTFLVM8NYZH,2241,SES-ZQU3O193X2,2025-10-28 15:43:35,click,/cart,google
EVT-HIZEBG9K4SSB,2559,SES-3CUS50AV7H,2025-09-09 08:29:48,page_view,/home,email
EVT-1PBZVR8VBYEZ,1475,SES-4VCKU3CQBH,2025-10-27 19:00:53,page_view,/checkout,social
EVT-D43W95CH4FOD,4103,SES-EYYSM4YYQ3,2025-11-30 07:31:55,page_view,/products,email
EVT-MJMBFOGEVOKQ,330,SES-42DYQZS5DU,2025-08-05 01:12:33,click,/cart,direct
EVT-Y9FLVQARJZK0,4179,SES-PX06LBRHLV,2025-12-22 21:09:22,page_view,/account,affiliate
EVT-8CT6176C1K03,2674,SES-O2Y93FM348,2025-11-25 19:25:01,page_view,/checkout,social
EVT-U0UP229EOIZU,4623,SES-NI747X202V,2025-08-15 07:22:56,click,/product,email
EVT-7N9EN0KERTQH,890,SES-MBMP050ORN,2025-10-14 23:37:18,page_view,/home,google
EVT-NOL3OBOPAB05,762,SES-EEE0JQ9RVN,2025-10-19 06:25:33,page_view,/support,direct
EVT-DWJATE4VV9C0,1024,SES-97Y8XLTNVV,2025-08-18 12:08:21,click,/checkout,email
EVT-XFEVMY1QNQVI,1681,SES-1GFBCHZ6PU,2025-11-10 20:44:41,page_view,/support,social
EVT-EXGOBZPE8M3R,3257,SES-F3EDPVGNYH,2025-12-10 11:49:06,page_view,/account,bing
EVT-KL39VEL08KKL,1062,SES-C1RHLOE20R,2025-09-22 23:14:21,purchase,/checkout,google
EVT-SEAUZVMMH541,904,SES-ILLPGEY18J,2025-09-27 13:35:43,page_view,/cart,direct
EVT-OO5VYFRRLOA8,134,SES-SEUO4VKNQU,2025-11-20 18:53:14,click,/product,google
EVT-O34LPQK5FP7A,1126,SES-FEUCXSM72U,2025-10-24 07:37:48,page_view,/account,email
EVT-H2CSANHAPYWD,1965,SES-JZ4N1XL8YR,2025-10-14 17:40:12,scroll,/products,direct
EVT-RDPMPCEJCILP,2040,SES-R4CKCEKKLM,2025-09-27 10:52:03,page_view,/product,google
EVT-JZ80ND3Y9QB0,4189,SES-SZCLM4F8FW,2025-11-24 20:09:59,purchase,/home,email
EVT-E7CXSUO874OH,2850,SES-S0GV4QMP5J,2025-09-28 01:40:03,click,/support,direct
EVT-L5THLVJYQTAY,3212,SES-HDT6293TLO,2025-08-30 03:03:44,page_view,/products,direct
EVT-BGI0RR0TIAXU,3367,SES-1I7XJ2CZAF,2025-10-07 04:46:13,page_view,/support,email
EVT-FVPIG3YVR2EU,2912,SES-R0RWM4F7A4,2025-10-14 01:47:38,page_view,/product,direct
EVT-4KB57L1376QW,4870,SES-2S5WW7XHF4,2025-10-07 16:59:54,page_view,/home,google
EVT-VGFRI7FZ5XBI,2592,SES-WIQ8HLSWDL,2025-12-09 23:07:21,page_view,/checkout,email
EVT-GUJ9CWI2SKHK,4284,SES-R4KNBD9O45,2025-09-26 14:53:41,search,/checkout,email
EVT-XVS6AYLLD4YE,2184,SES-FG3MLOF683,2025-09-10 17:50:13,page_view,/support,social
EVT-O6PPYWH8EA32,4262,SES-MJOZGXUA4D,2025-08-04 00:35:09,page_view,/support,google
EVT-9HF1PW26RQH7,3549,SES-QXIN67273J,2025-09-08 03:42:45,add_to_cart,/checkout,google
EVT-O0ZBO70B2AUB,245,SES-YZBB27S9BU,2025-11-17 14:18:57,add_to_cart,/account,email
EVT-NBWGSKWD3X2K,1180,SES-1DGEJ1DG6F,2025-11-14 22:25:48,page_view,/support,google
EVT-B6JY5R1SPPN7,4926,SES-WRONBVPXD0,2025-11-16 08:05:45,add_to_cart,/checkout,google
EVT-4PF4IO2XM43O,1779,SES-6JGYPM2FM7,2025-08-11 21:38:55,click,/account,google
EVT-8JOCUJVXHSHV,2536,SES-2C6Z5TPWY0,2025-08-11 19:37:01,page_view,/support,google
EVT-1Y04Z4VCVZPV,437,SES-TUZG2VG35X,2025-09-23 06:37:00,page_view,/products,google
EVT-WLL5V2H31PHE,2271,SES-DKU6JEDAD3,2025-08-20 22:16:35,page_view,/support,google
EVT-IV6DDZV7TXX6,1825,SES-8YOUGE4OF6,2025-12-06 09:16:26,page_view,/checkout,direct
EVT-LK7IAZGQ095E,794,SES-33BQ6FWSKL,2025-10-15 05:54:34,page_view,/products,affiliate
EVT-GVT67K37FOQS,4269,SES-WS8ONKCTQ7,2025-11-27 02:31:14,page_view,/products,direct
EVT-R41S6EQXXCX9,1281,SES-VIN5LVDO8Y,2025-08-14 18:40:39,click,/product,direct
EVT-KNBZ9H0UNL0U,1739,SES-U98GFEX6DC,2025-12-01 03:03:07,add_to_cart,/checkout,google
EVT-T5JAYSYWU2GY,450,SES-LEDO515IGJ,2025-08-25 08:16:20,click,/account,google
EVT-IAW7FOE4C5PN,1955,SES-ZAE557O7RC,2025-11-14 14:19:31,click,/cart,social
EVT-EDL60YOKR78L,615,SES-I2AFI41JIP,2025-11-14 17:22:18,search,/support,email
EVT-1MRD8JPABSM2,4322,SES-23RB1W0XWX,2025-11-11 17:48:02,search,/checkout,email
EVT-OTEYMOMLF65J,739,SES-VTX6POQBT5,2025-08-10 02:50:27,search,/cart,social
EVT-1VRKF4HT69A1,1632,SES-5REBXGKYA3,2025-08-14 10:48:46,page_view,/checkout,social
EVT-4350Q8OBW3J6,4172,SES-Z5NCY31ZR7,2025-12-11 01:59:08,page_view,/products,direct
EVT-SOG2LBWTBV50,3666,SES-KQ9MGM5P39,2025-08-22 09:53:48,click,/checkout,google
EVT-HYA1W3RR43UR,69,SES-VHG9P01ZUL,2025-10-14 08:35:00,page_view,/checkout,google
EVT-4MFJHOJALBH1,1875,SES-GTDT2SGNGY,2025-08-29 03:16:11,page_view,/account,google
EVT-NYKS9URXIJAM,870,SES-F4TPA50BG5,2025-12-13 18:52:01,page_view,/checkout,bing
EVT-31BXPGWJX3BI,1394,SES-M61ISVUCCP,2025-12-24 18:27:41,scroll,/checkout,google
EVT-D6V1LK4AGLBD,3471,SES-UGCGIZZM39,2025-09-04 10:49:49,page_view,/product,google
EVT-0XQTQV8ELSPJ,3192,SES-9ARAU76UXV,2025-10-10 09:09:56,page_view,/support,google
EVT-6SFAS04LX5Z3,3120,SES-2O2QSZO1I7,2025-11-02 14:08:40,page_view,/product,direct
EVT-JUFXH8P0MTZ1,2116,SES-36MV3T0KG6,2025-08-04 22:28:45,add_to_cart,/products,google
EVT-FPR7H4PZNGVX,3966,SES-UMH4GBLCKU,2025-09-20 07:29:57,page_view,/products,email
EVT-XYN9T61QSKFN,377,SES-HYD07DVRMY,2025-11-02 08:11:28,page_view,/cart,google
EVT-NMLWVAPFE0HR,2324,SES-93POMV7MBC,2025-08-30 06:22:55,scroll,/products,affiliate
EVT-QSU95IYUB31P,2816,SES-I56FJPZ42Q,2025-11-02 10:21:50,add_to_cart,/product,email
EVT-35ZWQYT39UZC,1942,SES-8BZ53GWTFC,2025-11-18 20:01:51,add_to_cart,/products,google
EVT-2PLHS95TWBQH,205,SES-C2SW01M4Y0,2025-10-13 17:50:54,scroll,/cart,direct
EVT-SMCRCUN91WG3,745,SES-4LF3CF08P1,2025-12-20 07:10:09,page_view,/cart,bing
EVT-HJSOS58YOFVY,3137,SES-R3CL4H9DAT,2025-10-26 12:13:15,add_to_cart,/product,email
EVT-G72VWMD5TFU2,1550,SES-O9BP12UJ3A,2025-12-18 18:55:32,page_view,/account,google
EVT-SNX1SE3XR6N1,4421,SES-3TSAZK8ZY7,2025-10-15 20:12:37,click,/products,direct
EVT-8BEQERFTNVIJ,2426,SES-ESKZADBS9C,2025-08-26 16:03:32,page_view,/support,google
EVT-ZX4XVQBZBRQW,2865,SES-WQQ2G1KVR6,2025-12-12 16:36:00,page_view,/cart,direct
EVT-5259GMQ2P014,3974,SES-AX8KXXJ0LE,2025-11-09 04:51:47,page_view,/account,social
EVT-X5DLWY1P6MXS,4777,SES-BN52KOCWDE,2025-11-23 09:33:08,page_view,/account,google
EVT-WY0SZKBNSH8L,671,SES-MM0UEZ19YE,2025-12-21 16:46:15,click,/products,direct
EVT-LRB7DFIXLBO9,3418,SES-I8P4YEDN2Z,2025-11-14 17:16:04,click,/products,direct
EVT-EWO7TCBW5QQB,3066,SES-2V17TZ63RR,2025-11-11 23:51:34,click,/support,email
EVT-5I92WMSJ9UK6,1728,SES-PNCSQC2VD8,2025-12-25 15:51:35,page_view,/account,email
EVT-93P483CHELHR,4027,SES-IQWFJRBNVL,2025-11-12 14:29:41,page_view,/product,google
EVT-X5M8NZF6YXIS,2933,SES-0OS3X23IET,2025-10-16 22:21:09,click,/product,google
EVT-81HBUDU7XX9I,3815,SES-YR9X20BW2M,2025-11-03 12:57:34,click,/products,google
EVT-GD40CM0TU2AQ,1704,SES-RLLGU1TLXZ,2025-11-15 21:09:49,page_view,/checkout,google
EVT-HKNQJGE0UTX7,3087,SES-B63V1VQYLB,2025-11-20 04:15:00,click,/checkout,social
EVT-R07VPPM86CXO,3265,SES-OS46A908CM,2025-09-21 08:07:12,add_to_cart,/home,google
EVT-TX76D2KJRZCV,4542,SES-QXGYMYMMHL,2025-08-18 02:44:08,page_view,/home,direct
EVT-3HRQA9VZEOX9,54,SES-K1B17ZYQZS,2025-09-26 19:04:06,page_view,/home,direct
EVT-81BF8W80UXN3,692,SES-S8V5X6E9D7,2025-09-02 23:42:29,page_view,/product,direct
EVT-E6OQE09O8A90,4100,SES-0QFX7A1L1C,2025-11-12 17:16:57,search,/products,google
EVT-6K37E4EY9JVB,257,SES-EGOYNRY6K7,2025-12-10 01:59:36,page_view,/support,google
EVT-6HPPHPM0D5WL,3433,SES-AYLPRSJJ8E,2025-08-19 20:31:55,page_view,/support,direct
EVT-WJOJAFI4CKOM,834,SES-K38CJTQEAE,2025-08-07 12:41:03,search,/cart,social
EVT-5F33DNREHU2M,2530,SES-Q2IFQBKK2B,2025-08-26 01:53:08,page_view,/products,google
EVT-6NWMUFGYN53K,2897,SES-ILNPT95XJ3,2025-10-26 17:15:14,click,/products,direct
EVT-BH423L90MCZH,1162,SES-Y1XC2I92PV,2025-11-06 01:44:42,page_view,/home,direct
EVT-7827JTRG6IAQ,3523,SES-07UJ4FQKSD,2025-12-14 01:29:35,scroll,/products,google
EVT-IIJNN0DYK3FD,473,SES-7GDP9II37Y,2025-12-19 09:00:03,purchase,/support,direct
EVT-J2QSVLC5AALI,2027,SES-3D2FNC3CII,2025-09-01 05:10:10,click,/home,direct
EVT-RPDGZ2SC0T8D,1638,SES-1J0F53QB38,2025-09-03 00:22:20,page_view,/products,direct
EVT-HDDCIROW8A2C,3549,SES-YHEDXFE3JW,2025-12-24 11:33:58,page_view,/cart,google
EVT-QBYWLKLQBXXA,2241,SES-E46XAAD0XH,2025-09-24 20:25:19,click,/checkout,direct
EVT-53XI3C7G0ABG,2355,SES-2MECYJXP7X,2025-09-12 13:26:51,page_view,/checkout,direct
EVT-B8PMX76AL3G0,4855,SES-80NHJE1E3D,2025-12-30 08:54:48,click,/product,social
EVT-D2AOBLJ0UA9O,906,SES-YYWZL0OZT4,2025-12-27 07:36:00,click,/cart,direct
EVT-6H0FEEB9I9EX,1184,SES-LH19L8OEXN,2025-12-24 20:34:23,purchase,/support,google
EVT-BNXDXWBC1JLI,2220,SES-TJW3X8GGHT,2025-12-20 17:18:14,page_view,/products,direct
EVT-DIGGN92F0J3O,3645,SES-V3SY80W5GS,2025-08-19 12:57:41,click,/cart,direct
EVT-KEKSK2VPAJSP,1089,SES-M7RBRXDY63,2025-09-26 20:34:50,add_to_cart,/products,email
EVT-J00VMPQYW5IX,1193,SES-3M236MKZRR,2025-10-19 19:57:49,click,/cart,direct
EVT-TWGQIO1MGN8N,2129,SES-K6UJVBP3BA,2025-08-02 05:06:45,purchase,/cart,direct
EVT-L4J1OF25SWOK,3452,SES-U57OTE0Q32,2025-09-18 12:49:45,page_view,/checkout,google
EVT-J2NI4ZF5187O,3842,SES-RV23U65XNU,2025-10-29 18:55:05,add_to_cart,/cart,direct
EVT-ZYMUZZO15U50,332,SES-FA4AFM3MHP,2025-08-22 13:13:40,search,/product,google
EVT-FH61N7FDRFQX,1212,SES-DPU943FWJB,2025-10-30 03:12:58,page_view,/products,direct
EVT-780TIJ7KTSPY,1049,SES-UOEY6DRHY1,2025-08-29 16:10:48,page_view,/home,direct
EVT-A2OTKQXW112C,4089,SES-HNXIYYVIWS,2025-08-06 13:34:40,page_view,/cart,direct
EVT-D4YSD6SHQBA3,2276,SES-T87QUF7P2R,2025-12-01 08:23:22,click,/home,affiliate
EVT-RNQF3ADTPRTZ,1635,SES-6U0M2V0MW4,2025-10-24 22:12:43,click,/checkout,google
EVT-UF0UE99OH12P,3606,SES-05G00R5Y52,2025-12-01 06:46:21,page_view,/home,google
EVT-GX409WNZMO7G,503,SES-PDI47KAH8O,2025-11-12 17:35:20,add_to_cart,/product,bing
EVT-DE74V6AOUSX9,3570,SES-XENQ7JBX9K,2025-08-14 10:20:26,purchase,/product,email
EVT-DXZNKQWQYO6I,1080,SES-7MNCTICEAA,2025-10-09 23:20:05,search,/checkout,google
EVT-LVB8DM1AOZUJ,1335,SES-E5EZFRXYMM,2025-12-17 05:18:15,click,/support,email
EVT-V1CIJJRX3XHY,4648,SES-2798P7PRJH,2025-11-10 11:00:15,click,/product,google
EVT-TDBU2J085RHC,4019,SES-HZH139Q0EP,2025-10-08 14:40:56,search,/products,google
EVT-JTDAKXVX1BL6,4217,SES-8V1UC8EANR,2025-10-18 08:40:10,page_view,/support,email
EVT-F6FU547OTB85,2074,SES-1CGWJ9S8U2,2025-09-07 01:36:42,click,/product,social
EVT-VIF81J67KJFC,4055,SES-87M5C6REAG,2025-10-01 03:17:21,click,/support,direct
EVT-LCCR9D47D7NC,23,SES-UUCQB39BW4,2025-10-19 22:25:05,page_view,/cart,google
EVT-2DZDRHEZUL4A,1850,SES-Q46DERG870,2025-12-24 17:57:40,page_view,/account,bing
EVT-E6YA8S2DDET4,2164,SES-SB9FYY9V3Z,2025-11-25 05:15:21,page_view,/product,direct
EVT-KERZ1V8RSRKP,480,SES-SOZACFAXR5,2025-12-04 13:11:45,page_view,/support,social
EVT-VI2C7RWE9EUK,2355,SES-7EV1KGVXLO,2025-08-24 01:52:25,click,/products,google
EVT-IFM5CI7HBVPX,2749,SES-BICLW2WZ8E,2025-11-07 08:44:03,purchase,/checkout,google
EVT-NOJMGL1RLCFN,2540,SES-M2BGA7SCPA,2025-12-13 04:10:16,page_view,/product,direct
EVT-R37QTZJS6PVS,4865,SES-V7QA80EHAP,2025-08-14 21:52:35,page_view,/products,direct
EVT-9V9BD9ZMQ77H,1144,SES-WPXS2LYM9V,2025-11-02 08:03:32,click,/cart,direct
EVT-NS54GWDFO1NN,2334,SES-UDMK3P6OWY,2025-08-24 18:17:17,page_view,/account,direct
EVT-J5RXC4XJ4A3S,2646,SES-EGPMTE1EL8,2025-08-13 05:09:09,page_view,/home,google
EVT-8PGBZQ35AW3O,839,SES-IT1LB8JOD5,2025-12-25 21:39:34,page_view,/home,email
EVT-VY92DEFQGSEM,1850,SES-JGK546D27Z,2025-08-29 19:40:22,page_view,/checkout,google
EVT-2FITGUKTQ5SM,3387,SES-5Q8P6U5PS4,2025-08-22 09:50:22,page_view,/checkout,direct
EVT-VVBJB1JVEN2Z,2853,SES-768TQW8DO3,2025-08-02 05:54:11,page_view,/home,direct
EVT-7MB41G877FXV,2210,SES-PX9KDQIUT6,2025-11-11 08:27:46,add_to_cart,/home,google
EVT-7A7KX7MR9VQI,1393,SES-HRCFU5D0MY,2025-09-05 10:31:00,page_view,/checkout,google
EVT-ET4AKW6ZLKW5,3257,SES-SF699PAPKR,2025-09-07 01:49:40,page_view,/home,affiliate
EVT-E11DXKU2K5EB,1960,SES-VOCSQOU966,2025-08-18 22:55:51,search,/product,email
EVT-DSTVAHM9UZA9,276,SES-FB818Y8F88,2025-09-20 13:23:21,click,/support,email
EVT-QVEFHX0ZJ7IZ,4625,SES-1EN699FIA2,2025-12-21 16:01:45,page_view,/account,direct
EVT-VA3T862VL1TK,1460,SES-QSU2EIZG1N,2025-12-06 21:38:39,page_view,/account,email
EVT-U04VPWYMFVTA,3332,SES-AT0A573HXB,2025-08-17 04:18:56,click,/products,direct
EVT-CBLQI1N6CLPD,959,SES-8B6J393OXE,2025-11-20 22:24:52,click,/support,google
EVT-IXCVTFHAKROW,1842,SES-SP7J6V4523,2025-10-16 19:25:36,page_view,/checkout,google
EVT-X4KK1R6L5AKG,4060,SES-ARBBR7DKI5,2025-08-22 14:25:22,page_view,/products,google
EVT-06GKABCZLZM7,4146,SES-BBKV0X96KN,2025-12-01 07:02:24,search,/cart,direct
EVT-ODTLK87N4UNF,3378,SES-PXW4NSZP56,2025-12-06 09:02:53,click,/cart,google
EVT-FQI1HF2YKGIC,2525,SES-6Z230JNSPS,2025-10-29 06:53:00,page_view,/product,direct
EVT-X7FNBA3VO6YV,488,SES-KTRCGS5WJ0,2025-12-10 16:10:10,page_view,/cart,direct
EVT-PDKFEEKOT16M,2128,SES-VSGHJUCFHH,2025-08-07 15:04:22,page_view,/checkout,bing
EVT-IGOVR9AHEMBH,1941,SES-54S47EUAQ3,2025-12-16 16:39:29,page_view,/product,affiliate
EVT-4VSK23AFPYBU,2454,SES-H8XAZ8J2P7,2025-08-15 00:11:01,search,/support,email
EVT-XHWRRVAXGUMD,4015,SES-RN3J0QZOKP,2025-09-09 18:23:34,page_view,/product,google
EVT-F4NZKRSN8L0U,3798,SES-VIDDY0NXR2,2025-11-10 19:58:19,scroll,/account,direct
EVT-W6IK209EI8XQ,4351,SES-YQ373ZN5RO,2025-12-22 09:11:07,page_view,/checkout,direct
EVT-6TCLK04P2EK1,960,SES-UES0MXVL57,2025-11-06 22:49:37,page_view,/home,direct
EVT-HW67Y9PPPCGQ,2564,SES-CNKWSTVS9Q,2025-11-28 23:31:22,page_view,/account,affiliate
EVT-6PE2FDZLTOCZ,464,SES-KJFPYTYOVV,2025-08-18 15:52:26,click,/products,google
EVT-CECERT7AWRPM,1937,SES-T2IS2JC2FO,2025-08-02 14:34:12,click,/checkout,email
EVT-EHRTVCE3SKSO,4132,SES-8HBF5JCDZ9,2025-11-28 12:21:45,click,/account,email
EVT-6DKFLAB0QM6U,16,SES-3I36DE5JAM,2025-12-24 06:35:07,click,/home,google
EVT-T6FIZHJMXSNW,4071,SES-SLSLEKFOMJ,2025-09-23 01:34:07,page_view,/home,social
EVT-ER8ZDXHYOU5M,919,SES-OQJQ8HCQUT,2025-11-05 03:54:24,add_to_cart,/cart,direct
EVT-HSBDJ532FPKP,1614,SES-XQ7XL886P5,2025-10-12 15:51:23,page_view,/support,google
EVT-555N2R9LM86R,823,SES-XH4ZUZ0PJQ,2025-12-21 12:36:51,click,/account,social
