employee_id,full_name,department,title,hire_date,salary_usd,manager_id
5000,Quinn Martin,Operations,Specialist,2019-08-14,135456,5005.0
5001,Jordan Adams,Sales,Specialist,2015-12-18,120783,5022.0
5002,Riley Walker,HR,Analyst,2018-12-07,151382,5051.0
5003,Drew Walker,Support,Manager,2023-10-28,127178,5082.0
5004,Morgan Martin,HR,Senior Engineer,2021-08-28,72365,5024.0
5005,Jordan Adams,Sales,Director,2023-07-05,167255,5060.0
5006,Casey Hall,HR,Specialist,2021-07-01,204021,5045.0
5007,Riley Young,Support,Engineer,2016-04-09,171829,5025.0
5008,Cameron Green,Finance,Specialist,2021-11-18,219575,5048.0
5009,Taylor Green,Engineering,Senior Engineer,2023-09-02,181267,5012.0
5010,Sam Martin,Operations,Specialist,2018-03-03,131387,5062.0
5011,Quinn Green,Finance,Engineer,2021-01-18,134942,5006.0
5012,Sam Martin,Sales,Manager,2016-07-09,201000,5071.0
5013,Jordan Walker,Finance,Specialist,2015-10-27,202904,5013.0
5014,Cameron Lee,HR,Director,2025-08-02,193606,5099.0
5015,Alex Young,Support,Manager,2015-12-22,187907,5081.0
5016,Riley Green,Finance,Engineer,2018-06-17,125251,5030.0
5017,Morgan Nguyen,Finance,Analyst,2016-07-17,219453,5039.0
5018,Sam Walker,Support,Specialist,2025-12-23,109780,5022.0
5019,Drew Adams,HR,Manager,2017-03-03,121412,5075.0
5020,Casey Nguyen,Engineering,Specialist,2017-10-19,195397,5034.0
5021,Sam Scott,Finance,Director,2022-03-18,215518,5074.0
5022,Jordan Green,Operations,Specialist,2025-08-14,153975,
5023,Riley Martin,Sales,Manager,2022-08-29,184788,5009.0
5024,Riley Green,HR,Senior Engineer,2018-04-05,115662,5033.0
5025,Quinn Hall,HR,Manager,2020-12-27,153664,5006.0
5026,Alex Hall,Finance,Engineer,2023-10-16,135249,5058.0
5027,Quinn Allen,Operations,Manager,2020-03-19,111525,5000.0
5028,Taylor Young,Support,Director,2021-04-01,196656,5085.0
5029,Morgan Hall,Finance,Manager,2020-07-29,189973,5074.0
5030,Cameron Lee,Finance,Manager,2017-10-23,168094,5017.0
5031,Jordan Martin,Support,Director,2015-09-13,111203,5045.0
5032,Jordan Green,Sales,Manager,2021-08-15,142597,5042.0
5033,Cameron Young,Support,Director,2021-05-14,57090,5071.0
5034,Cameron Young,Finance,Engineer,2022-01-07,212924,5037.0
5035,Cameron Scott,Engineering,Director,2023-01-30,77454,
5036,Alex Nguyen,Support,Engineer,2019-12-11,110084,5023.0
5037,Cameron Allen,Sales,Engineer,2018-05-20,152103,5043.0
5038,Cameron Green,Support,Director,2024-01-01,219895,5097.0
5039,Sam Allen,Support,Manager,2015-09-27,218079,5087.0
5040,Drew Young,HR,Specialist,2021-11-28,159560,5013.0
5041,Riley Hall,HR,Senior Engineer,2019-04-01,200213,5070.0
5042,Cameron Walker,Finance,Specialist,2017-07-16,67746,5093.0
5043,Sam Allen,Finance,Director,2015-03-05,58347,
5044,Taylor Lee,Support,Manager,2025-06-19,195433,5070.0
5045,Riley Walker,Engineering,Engineer,2016-04-04,166972,5043.0
5046,Morgan Martin,Operations,Analyst,2017-11-05,59101,5066.0
5047,Riley Walker,Finance,Senior Engineer,2022-02-24,160811,5058.0
5048,Alex Lee,Support,Specialist,2017-11-08,103095,5098.0
5049,Cameron Nguyen,Support,Manager,2018-09-10,156483,5025.0
5050,Riley Green,Operations,Senior Engineer,2017-06-26,218740,5077.0
5051,Taylor Allen,Support,Analyst,2015-04-03,175902,5019.0
5052,Alex Hall,Operations,Analyst,2017-02-11,72747,5040.0
5053,Cameron Nguyen,Operations,Analyst,2017-03-20,201081,5097.0
5054,Quinn Lee,Support,Specialist,2020-08-03,144187,5075.0
5055,Riley Nguyen,Support,Director,2023-06-16,187128,5027.0
5056,Cameron Allen,HR,Senior Engineer,2019-07-05,218982,5059.0
5057,Quinn Nguyen,Operations,Director,2017-04-19,207287,
5058,Alex Martin,Sales,Analyst,2025-10-18,85375,5022.0
5059,Casey Scott,Operations,Manager,2016-05-02,196148,5070.0
5060,Drew Allen,Sales,Analyst,2023-09-01,171612,5054.0
5061,Casey Green,Support,Director,2023-06-09,165541,5044.0
5062,Quinn Walker,Finance,Analyst,2019-10-14,95664,5067.0
5063,Jordan Allen,Engineering,Analyst,2017-01-18,93779,5036.0
5064,Drew Lee,Support,Director,2025-07-04,114312,
5065,Drew Nguyen,Engineering,Director,2016-06-11,66414,5041.0
5066,Taylor Allen,HR,Manager,2024-09-30,201948,5089.0
5067,Taylor Nguyen,Sales,Director,2018-03-13,178938,5084.0
5068,Cameron Hall,HR,Manager,2016-07-07,64198,5037.0
5069,Riley Adams,Finance,Engineer,2016-05-29,148302,
5070,Casey Green,Finance,Engineer,2025-12-04,154524,5061.0
5071,Morgan Young,Operations,Director,2024-09-11,158170,5072.0
5072,Jordan Adams,Support,Analyst,2016-01-12,178393,5025.0
5073,Morgan Allen,Operations,Senior Engineer,2025-03-28,171305,5044.0
5074,Cameron Lee,Finance,Analyst,2024-10-05,175759,5099.0
5075,Quinn Scott,Finance,Director,2019-09-05,125148,5055.0
5076,Drew Green,Operations,Manager,2016-04-28,163169,5031.0
5077,Jordan Young,HR,Analyst,2016-03-27,86528,5060.0
5078,Cameron Hall,Engineering,Engineer,2019-04-09,196355,5013.0
5079,Jordan Scott,Sales,Specialist,2022-10-05,191025,5015.0
5080,Sam Walker,Finance,Director,2018-01-03,180728,5092.0
5081,Casey Nguyen,Operations,Analyst,2023-07-09,141234,5019.0
5082,Taylor Adams,Finance,Specialist,2015-10-29,114121,5027.0
5083,Casey Scott,HR,Analyst,2019-04-25,77016,5051.0
5084,Morgan Nguyen,Sales,Manager,2023-07-31,199320,5089.0
5085,Jordan Young,HR,Manager,2019-11-09,175184,5076.0
5086,Alex Hall,Engineering,Manager,2019-03-07,203348,
5087,Taylor Young,HR,Specialist,2017-09-25,151544,5067.0
5088,Morgan Hall,Sales,Senior Engineer,2024-01-30,203427,5047.0
5089,Sam Hall,Sales,Specialist,2020-08-27,113451,5044.0
5090,Sam Martin,Finance,Director,2025-03-12,76529,5067.0
5091,Alex Martin,Engineering,Director,2016-02-02,175542,5015.0
5092,Drew Green,Support,Engineer,2017-10-03,75096,5098.0
5093,Jordan Martin,Finance,Engineer,2022-03-26,150653,5062.0
5094,Sam Martin,Operations,Director,2021-02-14,58417,5033.0
5095,Taylor Nguyen,HR,Analyst,2025-02-08,126981,5057.0
5096,Morgan Allen,HR,Director,2025-06-14,125953,5017.0
5097,Alex Adams,Sales,Senior Engineer,2019-12-09,70494,5061.0
5098,Drew Adams,Operations,Engineer,2020-11-21,166670,
5099,Drew Walker,Sales,Engineer,2020-04-30,173839,5030.0
5100,Cameron Lee,Operations,Specialist,2025-03-06,199374,5073.0
5101,Morgan Hall,Sales,Engineer,2024-05-08,110669,5079.0
5102,Taylor Young,Support,Director,2018-10-26,113263,5021.0
5103,Sam Nguyen,Support,Engineer,2015-02-02,95274,5051.0
5104,Cameron Hall,Finance,Engineer,2022-08-28,174240,5050.0
5105,Riley Lee,Support,Specialist,2021-08-18,214875,5039.0
5106,Taylor Martin,Operations,Director,2025-09-24,215236,5018.0
5107,Jordan Walker,Sales,Analyst,2023-11-24,93441,5068.0
5108,Morgan Martin,Operations,Engineer,2023-06-11,118327,5021.0
5109,Alex Hall,Finance,Engineer,2025-10-09,155461,5090.0
5110,Sam Walker,Finance,Engineer,2022-08-20,154099,5050.0
5111,Riley Lee,Engineering,Senior Engineer,2020-01-19,131925,5086.0
5112,Jordan Young,Support,Director,2019-12-10,106035,5025.0
5113,Alex Young,HR,Engineer,2017-06-08,164863,5079.0
5114,Sam Green,HR,Senior Engineer,2021-11-08,68490,5006.0
5115,Quinn Scott,Engineering,Analyst,2020-03-08,61044,5075.0
5116,Quinn Scott,Sales,Analyst,2019-07-25,82509,5035.0
5117,Drew Young,Engineering,Specialist,2015-09-06,82844,5044.0
5118,Riley Scott,Sales,Specialist,2021-10-31,117212,5012.0
5119,Riley Adams,Support,Specialist,2023-05-24,207676,
5120,Quinn Allen,Support,Senior Engineer,2017-09-06,213632,5064.0
5121,Cameron Lee,Finance,Analyst,2024-12-20,187278,5056.0
5122,Cameron Allen,Finance,Specialist,2023-06-03,169587,5060.0
5123,Drew Scott,Finance,Manager,2018-06-13,133632,5021.0
5124,Sam Martin,Finance,Specialist,2021-01-29,215622,5019.0
5125,Cameron Green,HR,Analyst,2018-09-07,107232,5082.0
5126,Cameron Scott,Finance,Manager,2021-08-15,90228,5074.0
5127,Casey Nguyen,Finance,Senior Engineer,2019-04-21,140925,5030.0
5128,Casey Hall,Finance,Manager,2022-10-09,92693,5061.0
5129,Taylor Walker,Sales,Analyst,2022-08-28,139533,5081.0
5130,Casey Martin,Operations,Engineer,2017-02-25,155019,5088.0
5131,Sam Hall,Finance,Manager,2024-03-21,142165,
5132,Sam Adams,Engineering,Analyst,2017-04-19,89337,5080.0
5133,Casey Green,Finance,Specialist,2021-09-13,72060,5031.0
5134,Jordan Nguyen,Finance,Engineer,2023-07-27,103993,5070.0
5135,Alex Adams,HR,Senior Engineer,2020-03-13,134459,5033.0
5136,Drew Adams,Operations,Senior Engineer,2024-11-10,162606,5058.0
5137,Sam Adams,Finance,Director,2022-02-08,170600,5062.0
5138,Quinn Young,Operations,Senior Engineer,2016-02-12,60322,5037.0
5139,Sam Hall,Sales,Director,2022-05-12,93438,5048.0
5140,Taylor Walker,Support,Senior Engineer,2024-10-24,134369,5071.0
5141,Sam Allen,Operations,Senior Engineer,2015-03-05,73134,5044.0
5142,Riley Nguyen,Operations,Senior Engineer,2022-03-06,62575,
5143,Quinn Allen,Finance,Director,2025-10-24,131899,
5144,Alex Nguyen,Finance,Specialist,2021-10-03,143307,5064.0
5145,Sam Lee,Finance,Director,2025-09-19,149265,5083.0
5146,Casey Young,HR,Manager,2021-01-02,74812,5077.0
5147,Sam Nguyen,Support,Analyst,2024-02-26,99522,5027.0
5148,Drew Scott,HR,Analyst,2015-01-17,143383,5044.0
5149,Taylor Scott,HR,Specialist,2025-07-30,79932,5019.0
5150,Drew Lee,HR,Analyst,2020-11-15,103966,5098.0
5151,Alex Walker,Sales,Senior Engineer,2021-11-04,100580,5022.0
5152,Alex Green,Support,Specialist,2025-06-07,163113,5038.0
5153,Alex Young,Sales,Analyst,2023-04-11,81199,5066.0
5154,Taylor Adams,Sales,Director,2017-06-16,158528,5086.0
5155,Drew Hall,Support,Manager,2017-10-12,199909,5000.0
5156,Cameron Martin,Sales,Engineer,2018-06-20,67688,5026.0
5157,Riley Young,Support,Manager,2016-04-23,195859,5054.0
5158,Alex Lee,Operations,Analyst,2015-07-20,145640,5059.0
5159,Jordan Scott,Operations,Specialist,2025-11-21,115539,5002.0
5160,Drew Hall,Finance,Analyst,2020-05-26,186135,5064.0
5161,Drew Nguyen,HR,Director,2024-09-14,132688,5050.0
5162,Casey Walker,Operations,Manager,2015-06-28,139732,5081.0
5163,Morgan Walker,Operations,Director,2021-12-30,201031,5018.0
5164,Morgan Green,Sales,Director,2016-03-28,217352,5015.0
5165,Quinn Green,Support,Engineer,2021-05-06,213539,5078.0
5166,Taylor Young,Engineering,Director,2024-01-19,202128,5068.0
5167,Alex Martin,Sales,Director,2025-02-12,58135,5078.0
5168,Casey Lee,Sales,Engineer,2016-04-30,72564,5077.0
5169,Alex Hall,Support,Senior Engineer,2020-07-16,118258,5005.0
5170,Alex Scott,Engineering,Senior Engineer,2016-07-31,158813,5024.0
5171,Casey Lee,Engineering,Specialist,2015-12-04,82462,5022.0
5172,Casey Lee,Finance,Engineer,2017-05-10,111682,5093.0
5173,Riley Allen,Sales,Specialist,2022-09-05,57728,5046.0
5174,Sam Allen,HR,Specialist,2022-09-05,193703,5006.0
5175,Morgan Nguyen,Operations,Director,2020-06-26,196956,5025.0
5176,Sam Martin,Sales,Specialist,2019-01-11,79974,5086.0
5177,Quinn Nguyen,HR,Analyst,2022-03-16,170092,5083.0
5178,Casey Hall,HR,Manager,2020-08-04,156177,5089.0
5179,Taylor Scott,Support,Analyst,2024-05-21,168795,5035.0
5180,Quinn Scott,Sales,Analyst,2023-07-18,139614,5062.0
5181,Casey Lee,Support,Director,2019-02-28,196346,5024.0
5182,Sam Green,Finance,Manager,2021-07-21,204923,5013.0
5183,Cameron Scott,HR,Specialist,2016-12-02,116816,
5184,Cameron Green,Engineering,Manager,2015-10-20,103526,5018.0
5185,Morgan Green,HR,Specialist,2025-04-18,108467,5058.0
5186,Jordan Hall,Finance,Senior Engineer,2025-04-02,171609,5089.0
5187,Taylor Martin,HR,Engineer,2018-03-19,179420,5008.0
5188,Alex Lee,Support,Director,2019-05-25,134430,5091.0
5189,Drew Scott,Sales,Specialist,2019-04-18,81965,5031.0
5190,Quinn Adams,Engineering,Specialist,2022-10-14,216630,5039.0
5191,Casey Martin,Support,Manager,2020-02-23,114807,5033.0
5192,Cameron Allen,Operations,Director,2017-10-18,107520,5037.0
5193,Jordan Adams,Sales,Specialist,2018-07-07,185030,5022.0
5194,Taylor Hall,Engineering,Senior Engineer,2024-04-16,153983,5068.0
5195,Taylor Martin,Finance,Analyst,2020-10-25,177194,5074.0
5196,Cameron Hall,HR,Specialist,2018-02-07,137667,5081.0
5197,Drew Martin,Engineering,Manager,2022-11-04,203777,5030.0
5198,Jordan Green,Operations,Senior Engineer,2017-06-14,184335,5075.0
5199,Riley Lee,Finance,Director,2022-05-22,100110,5061.0
5200,Drew Scott,Sales,Specialist,2016-06-30,186032,5095.0
5201,Sam Young,Engineering,Senior Engineer,2018-12-17,59789,5039.0
5202,Taylor Walker,Finance,Senior Engineer,2021-09-07,55533,5099.0
5203,Jordan Lee,Sales,Senior Engineer,2024-01-20,105970,5072.0
5204,Cameron Green,Support,Senior Engineer,2024-04-24,83776,5076.0
5205,Taylor Green,HR,Senior Engineer,2025-05-11,73725,
5206,Drew Young,Finance,Senior Engineer,2021-06-30,119367,5047.0
5207,Alex Green,Support,Engineer,2015-05-31,127230,5050.0
5208,Alex Adams,Operations,Director,2024-11-26,125542,
5209,Taylor Green,Operations,Analyst,2019-07-18,147534,5027.0
5210,Jordan Allen,Sales,Director,2020-08-05,157849,5095.0
5211,Jordan Scott,Engineering,Manager,2017-05-28,150623,5039.0
5212,Quinn Lee,HR,Manager,2023-07-01,158211,5014.0
5213,Sam Walker,Sales,Director,2021-05-08,59485,5048.0
5214,Quinn Adams,Finance,Senior Engineer,2022-11-23,121771,
5215,Quinn Adams,HR,Engineer,2020-01-20,152519,5049.0
5216,Sam Walker,Support,Analyst,2025-02-24,121681,5057.0
5217,Cameron Green,HR,Specialist,2025-12-09,209876,5032.0
5218,Alex Martin,Support,Specialist,2021-08-12,56475,5075.0
5219,Cameron Adams,Sales,Senior Engineer,2019-02-24,181803,5009.0
5220,Quinn Adams,Engineering,Director,2024-04-10,107073,5087.0
5221,Jordan Lee,Operations,Specialist,2016-08-12,65047,5095.0
5222,Sam Young,HR,Director,2016-08-10,181104,
5223,Drew Allen,Engineering,Engineer,2022-03-04,150957,5083.0
5224,Casey Walker,Engineering,Engineer,2025-01-16,148491,5048.0
5225,Casey Green,Operations,Director,2018-10-23,142599,5043.0
5226,Morgan Hall,HR,Senior Engineer,2020-10-28,103444,5019.0
5227,Taylor Hall,HR,Senior Engineer,2020-03-24,207871,5041.0
5228,Riley Martin,Engineering,Senior Engineer,2018-04-10,141858,5094.0
5229,Riley Adams,Finance,Specialist,2015-09-15,166897,5016.0
5230,Drew Adams,Finance,Analyst,2021-05-15,158351,5013.0
5231,Morgan Young,HR,Analyst,2021-12-26,112895,5020.0
5232,Alex Adams,Engineering,Senior Engineer,2019-10-23,163500,5052.0
5233,Drew Hall,Engineering,Director,2022-02-18,117559,5092.0
5234,Quinn Walker,Sales,Engineer,2021-12-13,210075,5055.0
5235,Drew Martin,Engineering,Manager,2019-05-28,208573,5020.0
5236,Casey Young,Operations,Engineer,2016-07-19,86092,5041.0
5237,Riley Allen,Finance,Engineer,2025-09-15,84768,5035.0
5238,Alex Hall,Sales,Manager,2019-10-23,89604,
5239,Taylor Nguyen,Operations,Senior Engineer,2025-11-08,142824,5048.0
5240,Quinn Lee,Finance,Engineer,2018-09-22,101760,5008.0
5241,Taylor Young,Operations,Manager,2022-01-12,61476,5083.0
5242,Casey Young,Support,Specialist,2021-07-01,184416,5052.0
5243,Morgan Hall,HR,Director,2018-04-10,153138,5083.0
5244,Taylor Martin,Support,Director,2020-11-01,162620,5095.0
5245,Morgan Lee,HR,Director,2025-09-18,171070,5094.0
5246,Quinn Walker,Finance,Senior Engineer,2022-11-28,130498,5005.0
5247,Riley Walker,Finance,Engineer,2019-03-28,83439,5094.0
5248,Jordan Adams,Support,Engineer,2019-02-13,58400,5078.0
5249,Drew Nguyen,Operations,Analyst,2019-04-17,144976,5076.0
5250,Cameron Scott,HR,Director,2024-07-21,184418,5004.0
5251,Alex Hall,HR,Senior Engineer,2024-05-03,79610,5013.0
5252,Sam Martin,Sales,Manager,2025-08-08,106356,5097.0
5253,Sam Lee,Engineering,Senior Engineer,2021-06-25,215647,5017.0
5254,Quinn Martin,Operations,Engineer,2021-06-09,74728,5012.0
5255,Drew Scott,Operations,Director,2024-02-26,172702,5032.0
5256,Drew Walker,Sales,Analyst,2022-06-30,84067,5090.0
5257,Drew Martin,Finance,Specialist,2023-09-21,100262,5044.0
5258,Alex Walker,Support,Senior Engineer,2021-09-20,56628,5091.0
5259,Riley Walker,Operations,Analyst,2023-06-25,160068,5029.0
5260,Jordan Nguyen,HR,Engineer,2018-06-14,130057,5018.0
5261,Drew Walker,Sales,Manager,2018-08-26,159049,5046.0
5262,Cameron Green,Support,Senior Engineer,2022-06-24,211452,5059.0
5263,Jordan Walker,Support,Specialist,2015-08-21,114853,5035.0
5264,Alex Lee,Operations,Engineer,2023-05-28,214995,5031.0
5265,Drew Lee,Engineering,Director,2016-07-02,89058,5017.0
5266,Quinn Lee,HR,Senior Engineer,2024-02-19,111162,5023.0
5267,Alex Young,Support,Analyst,2023-06-12,149416,5065.0
5268,Jordan Hall,HR,Senior Engineer,2021-12-18,205042,5033.0
5269,Morgan Hall,Operations,Engineer,2024-04-10,93891,5003.0
5270,Morgan Hall,Sales,Engineer,2016-09-09,191002,5009.0
5271,Quinn Green,Support,Analyst,2025-02-26,105107,5033.0
5272,Taylor Lee,Operations,Specialist,2022-12-05,116953,5092.0
5273,Sam Adams,Support,Engineer,2017-10-02,163433,5034.0
5274,Quinn Hall,Sales,Senior Engineer,2021-08-28,104108,5001.0
5275,Morgan Scott,HR,Specialist,2017-10-13,87574,5038.0
5276,Quinn Scott,HR,Analyst,2016-10-03,160287,5065.0
5277,Casey Martin,Support,Engineer,2015-11-12,195929,5057.0
5278,Morgan Young,Operations,Engineer,2021-04-22,209585,5024.0
5279,Riley Adams,Sales,Senior Engineer,2016-03-16,155434,5067.0
5280,Drew Walker,Finance,Engineer,2018-02-12,78593,5061.0
5281,Riley Lee,HR,Senior Engineer,2021-06-04,143219,5012.0
5282,Taylor Green,Finance,Director,2017-07-03,157044,5011.0
5283,Quinn Young,Support,Specialist,2018-02-21,204956,5052.0
5284,Casey Nguyen,Finance,Senior Engineer,2021-04-22,113986,5064.0
5285,Morgan Nguyen,Operations,Manager,2022-05-22,191379,5095.0
5286,Drew Allen,Operations,Engineer,2019-10-08,67904,5039.0
5287,Casey Walker,Finance,Director,2015-02-16,160071,5075.0
5288,Casey Lee,Operations,Specialist,2019-10-19,149714,5007.0
5289,Riley Young,HR,Analyst,2020-01-29,199654,5088.0
5290,Sam Nguyen,Support,Manager,2023-01-29,112965,5061.0
5291,Jordan Allen,Finance,Analyst,2021-11-15,156448,5060.0
5292,Sam Green,HR,Manager,2024-05-14,194097,5009.0
5293,Quinn Lee,Finance,Director,2018-02-20,139724,
5294,Quinn Nguyen,HR,Specialist,2020-09-09,62604,5068.0
5295,Sam Hall,Operations,Director,2020-06-30,213362,5007.0
5296,Jordan Scott,Operations,Director,2015-02-24,62871,5008.0
5297,Morgan Allen,Support,Manager,2021-01-09,157318,5014.0
5298,Casey Green,Operations,Senior Engineer,2016-03-31,131981,5005.0
5299,Casey Nguyen,Sales,Specialist,2021-05-22,131574,5060.0
5300,Sam Green,HR,Analyst,2015-02-05,166376,5039.0
5301,Sam Walker,HR,Senior Engineer,2017-03-28,166358,5022.0
5302,Alex Martin,Finance,Senior Engineer,2020-04-17,189577,5041.0
5303,Jordan Allen,Support,Engineer,2019-12-26,139605,5083.0
5304,Riley Young,Engineering,Analyst,2020-04-30,200490,5092.0
5305,Casey Young,Operations,Manager,2025-10-31,71411,5046.0
5306,Riley Nguyen,Engineering,Engineer,2015-09-13,153569,5054.0
5307,Drew Hall,Sales,Engineer,2021-02-03,64498,5021.0
5308,Morgan Hall,Support,Director,2024-11-28,111257,5048.0
5309,Sam Walker,HR,Manager,2024-02-08,141995,5073.0
5310,Alex Young,Engineering,Senior Engineer,2016-05-22,208275,5046.0
5311,Alex Allen,Sales,Specialist,2025-04-03,148566,5026.0
5312,Quinn Scott,Support,Senior Engineer,2015-01-21,170498,5056.0
5313,Drew Hall,Sales,Senior Engineer,2025-08-13,141596,5094.0
5314,Morgan Young,Operations,Director,2020-10-23,101917,5088.0
5315,Morgan Martin,Engineering,Senior Engineer,2016-12-19,180154,5075.0
5316,Taylor Allen,Finance,Analyst,2016-04-04,75930,5023.0
5317,Sam Scott,Finance,Senior Engineer,2020-06-30,134029,5020.0
5318,Quinn Martin,Support,Senior Engineer,2018-04-16,68638,5083.0
5319,Jordan Young,Sales,Analyst,2018-11-06,60724,5013.0
5320,Jordan Nguyen,HR,Director,2017-11-26,120738,5058.0
5321,Cameron Adams,Engineering,Engineer,2020-06-17,153705,5040.0
5322,Morgan Adams,Finance,Manager,2023-09-27,188099,5043.0
5323,Riley Walker,Finance,Director,2020-07-29,200879,5042.0
5324,Drew Walker,Sales,Senior Engineer,2020-04-22,148962,5089.0
5325,Alex Scott,Finance,Engineer,2022-05-01,118109,5003.0
5326,Sam Martin,Sales,Manager,2020-08-10,96849,5077.0
5327,Drew Young,Engineering,Manager,2019-10-11,55178,5082.0
5328,Casey Young,Sales,Manager,2023-03-03,60817,5093.0
5329,Taylor Nguyen,Finance,Analyst,2021-06-16,127721,5042.0
5330,Alex Green,Sales,Analyst,2018-05-16,180762,5047.0
5331,Drew Walker,Finance,Engineer,2018-03-23,58984,5095.0
5332,Drew Green,Operations,Senior Engineer,2017-01-31,119096,5042.0
5333,Taylor Green,Support,Engineer,2016-11-13,141941,5047.0
5334,Drew Nguyen,Finance,Senior Engineer,2021-06-20,142432,5029.0
5335,Quinn Green,Finance,Director,2021-06-12,200707,
5336,Alex Green,Finance,Manager,2019-03-08,164914,5040.0
5337,Casey Nguyen,Support,Manager,2016-09-10,217414,5063.0
5338,Alex Hall,Operations,Analyst,2025-03-15,109680,5067.0
5339,Taylor Green,HR,Director,2019-03-24,165326,
5340,Casey Walker,Finance,Specialist,2025-01-25,184094,5079.0
5341,Jordan Nguyen,HR,Director,2020-04-17,62988,5046.0
5342,Sam Allen,Engineering,Senior Engineer,2023-09-04,87070,5049.0
5343,Morgan Green,Operations,Director,2024-10-01,152491,5095.0
5344,Jordan Hall,Sales,Analyst,2015-01-07,133132,5024.0
5345,Quinn Walker,HR,Senior Engineer,2025-07-24,78659,5074.0
5346,Alex Lee,Operations,Engineer,2023-06-11,130952,5055.0
5347,Casey Walker,Engineering,Senior Engineer,2022-01-05,205243,5068.0
5348,Sam Martin,Operations,Engineer,2025-12-31,108778,5038.0
5349,Sam Allen,Sales,Specialist,2015-12-15,153113,5024.0
5350,Taylor Adams,Finance,Senior Engineer,2023-02-12,77736,5052.0
5351,Taylor Young,Finance,Manager,2017-10-27,112781,5034.0
5352,Taylor Martin,Finance,Specialist,2021-12-22,159192,5018.0
5353,Riley Nguyen,Support,Engineer,2021-11-27,90126,5083.0
5354,Alex Nguyen,Support,Analyst,2016-06-07,181734,5044.0
5355,Cameron Young,Support,Specialist,2020-02-19,84652,5083.0
5356,Quinn Scott,Support,Specialist,2023-07-26,60390,5044.0
5357,Drew Scott,Engineering,Specialist,2016-08-12,141136,5053.0
5358,Quinn Young,Operations,Engineer,2025-01-05,120942,5099.0
5359,Morgan Nguyen,Engineering,Engineer,2021-03-30,108492,5094.0
5360,Taylor Walker,Finance,Senior Engineer,2022-10-09,153300,5023.0
5361,Morgan Allen,Sales,Manager,2023-06-29,153531,5086.0
5362,Quinn Hall,Support,Specialist,2021-08-11,166473,5035.0
5363,Riley Adams,Operations,Senior Engineer,2025-09-02,139104,5002.0
5364,Morgan Allen,Sales,Senior Engineer,2025-01-26,130969,5055.0
5365,Alex Young,Engineering,Manager,2020-01-18,182633,5097.0
5366,Casey Nguyen,Support,Senior Engineer,2015-02-25,177439,5097.0
5367,Cameron Scott,Engineering,Manager,2020-08-19,103481,5008.0
5368,Cameron Nguyen,Engineering,Analyst,2020-04-22,83612,5075.0
5369,Quinn Scott,HR,Manager,2021-01-03,142743,5079.0
5370,Drew Allen,Operations,Director,2015-12-30,196867,5033.0
5371,Taylor Martin,Engineering,Manager,2025-01-18,72564,5064.0
5372,Quinn Walker,Finance,Manager,2015-09-10,103603,5046.0
5373,Morgan Allen,Engineering,Director,2025-04-28,155403,5018.0
5374,Riley Walker,Support,Manager,2023-03-07,186585,5074.0
5375,Casey Green,Finance,Engineer,2025-06-13,66324,5022.0
5376,Cameron Allen,Engineering,Senior Engineer,2018-06-30,70491,5030.0
5377,Jordan Lee,Finance,Senior Engineer,2019-01-06,134229,5014.0
5378,Cameron Lee,Engineering,Analyst,2017-01-05,89600,5070.0
5379,Casey Walker,Operations,Analyst,2015-12-06,119179,5043.0
5380,Alex Green,Finance,Director,2024-10-27,196944,5041.0
5381,Morgan Walker,Sales,Engineer,2018-10-08,185047,5058.0
5382,Sam Young,HR,Analyst,2016-09-15,66358,5011.0
5383,Riley Lee,Finance,Senior Engineer,2016-12-05,126343,5089.0
5384,Drew Nguyen,Support,Analyst,2025-03-13,81503,5043.0
5385,Jordan Walker,HR,Analyst,2015-11-19,107268,5033.0
5386,Quinn Walker,HR,Manager,2018-03-09,102905,5008.0
5387,Taylor Adams,Engineering,Analyst,2022-12-18,117668,5012.0
5388,Taylor Hall,Finance,Director,2020-05-28,208306,5091.0
5389,Taylor Hall,Operations,Senior Engineer,2019-01-08,217047,5042.0
5390,Jordan Scott,HR,Director,2020-11-12,143104,5070.0
5391,Casey Green,Support,Director,2016-07-06,83106,5003.0
5392,Drew Lee,Operations,Specialist,2024-07-23,113438,5062.0
5393,Cameron Lee,Operations,Engineer,2019-03-18,103397,5091.0
5394,Quinn Hall,Support,Specialist,2017-02-28,106275,5026.0
5395,Sam Walker,Support,Specialist,2018-03-19,109034,5055.0
5396,Drew Walker,Engineering,Manager,2016-07-06,202089,5093.0
5397,Quinn Lee,Sales,Director,2024-05-15,134372,5070.0
5398,Sam Green,Finance,Engineer,2015-04-26,134722,5001.0
5399,Riley Martin,HR,Senior Engineer,2016-09-23,89432,5034.0
5400,Casey Young,Finance,Senior Engineer,2024-01-22,208829,5003.0
5401,Riley Adams,Operations,Engineer,2015-09-27,102188,5085.0
5402,Casey Lee,HR,Director,2017-05-10,183161,5060.0
5403,Morgan Scott,Engineering,Director,2015-10-18,86116,5095.0
5404,Cameron Martin,Finance,Manager,2018-12-28,113738,
5405,Alex Lee,Engineering,Manager,2020-08-18,75456,5039.0
5406,Alex Adams,Engineering,Specialist,2019-11-10,189706,5005.0
5407,Casey Hall,Finance,Senior Engineer,2016-09-21,104366,5031.0
5408,Alex Lee,Finance,Manager,2022-12-21,181934,5011.0
5409,Jordan Martin,HR,Engineer,2025-09-03,75856,5029.0
5410,Quinn Young,Operations,Senior Engineer,2020-01-22,115615,5080.0
5411,Drew Walker,Operations,Director,2016-04-19,138126,5011.0
5412,Riley Allen,Support,Senior Engineer,2024-11-02,129137,5044.0
5413,Morgan Hall,Engineering,Analyst,2016-06-20,124005,5091.0
5414,Cameron Martin,Operations,Senior Engineer,2016-11-15,210863,5099.0
5415,Cameron Scott,Sales,Manager,2019-10-27,92615,5021.0
5416,Morgan Scott,HR,Engineer,2023-06-10,55348,5093.0
5417,Taylor Nguyen,HR,Director,2016-09-04,91419,5022.0
5418,Taylor Allen,Support,Director,2022-09-25,188950,5038.0
5419,Taylor Lee,Support,Manager,2025-11-18,66857,5087.0
5420,Morgan Nguyen,Engineering,Manager,2024-04-21,158053,5077.0
5421,Alex Scott,HR,Manager,2020-05-07,164608,5084.0
5422,Sam Lee,HR,Analyst,2022-03-27,80658,5078.0
5423,Morgan Nguyen,Sales,Engineer,2021-05-12,78267,5019.0
5424,Alex Lee,Engineering,Analyst,2021-08-14,165998,5053.0
5425,Drew Young,Engineering,Manager,2024-10-01,134889,5035.0
5426,Morgan Allen,Operations,Engineer,2021-07-20,180513,5043.0
5427,Riley Hall,Support,Manager,2025-07-11,178892,5010.0
5428,Alex Hall,Operations,Engineer,2021-08-12,108416,5027.0
5429,Cameron Hall,Engineering,Director,2025-06-01,216439,5085.0
5430,Casey Scott,Sales,Analyst,2018-08-27,203304,5089.0
5431,Casey Young,Engineering,Specialist,2016-12-31,114048,5058.0
5432,Morgan Adams,Operations,Manager,2019-06-13,104357,5047.0
5433,Riley Allen,Finance,Manager,2019-02-17,212540,5069.0
5434,Riley Martin,Finance,Senior Engineer,2015-01-15,76497,5058.0
5435,Casey Green,Sales,Specialist,2017-01-27,169009,5098.0
5436,Alex Adams,Support,Director,2022-06-28,61258,5014.0
5437,Drew Martin,HR,Manager,2015-01-04,110959,5042.0
5438,Morgan Hall,Engineering,Analyst,2020-02-13,89902,5091.0
5439,Drew Martin,Operations,Director,2024-06-09,70454,5091.0
5440,Taylor Lee,Support,Manager,2018-10-24,92606,5046.0
5441,Sam Lee,Operations,Analyst,2019-01-28,109969,5008.0
5442,Jordan Martin,Support,Senior Engineer,2022-01-24,141465,5080.0
5443,Taylor Walker,Engineering,Senior Engineer,2025-05-19,186857,5056.0
5444,Quinn Nguyen,HR,Analyst,2017-09-12,128679,5076.0
5445,Cameron Green,Engineering,Director,2018-03-06,144628,5043.0
5446,Jordan Scott,HR,Analyst,2017-04-13,173785,5016.0
5447,Cameron Martin,Operations,Specialist,2021-08-07,68635,
5448,Morgan Allen,Sales,Analyst,2020-06-21,131518,5053.0
5449,Taylor Walker,HR,Senior Engineer,2020-05-08,68409,5011.0
5450,Riley Young,Support,Senior Engineer,2018-05-24,73541,5014.0
5451,Casey Walker,Sales,Senior Engineer,2018-10-23,113022,5040.0
5452,Casey Green,Operations,Specialist,2020-12-04,124064,5041.0
5453,Drew Allen,Finance,Manager,2018-04-17,79946,5023.0
5454,Jordan Walker,Sales,Specialist,2024-01-31,152616,5008.0
5455,Quinn Scott,HR,Manager,2020-12-15,156241,5094.0
5456,Taylor Nguyen,Sales,Specialist,2018-10-13,184622,5008.0
5457,Casey Allen,Operations,Engineer,2015-03-19,210628,5031.0
5458,Alex Lee,Sales,Manager,2022-08-20,158445,5026.0
5459,Riley Scott,Operations,Director,2024-03-18,170409,5085.0
5460,Cameron Hall,Finance,Director,2022-09-22,182280,5037.0
5461,Morgan Young,HR,Senior Engineer,2015-03-23,170611,5007.0
5462,Drew Green,Support,Specialist,2015-12-08,76775,
5463,Jordan Green,Sales,Analyst,2018-09-23,186907,5070.0
5464,Sam Martin,Engineering,Senior Engineer,2022-11-06,202176,5069.0
5465,Casey Green,Support,Analyst,2022-03-10,69927,5038.0
5466,Drew Green,Sales,Specialist,2015-04-06,190593,5008.0
5467,Alex Nguyen,Support,Senior Engineer,2023-10-22,99086,5033.0
5468,Alex Young,Engineering,Senior Engineer,2022-03-09,200352,5056.0
5469,Quinn Nguyen,Support,Director,2016-06-04,118266,5068.0
5470,Jordan Lee,Support,Analyst,2024-06-30,216825,5002.0
5471,Quinn Allen,Engineering,Engineer,2017-09-22,149971,5053.0
5472,Jordan Walker,Engineering,Engineer,2015-12-23,214149,5023.0
5473,Casey Young,Engineering,Senior Engineer,2015-07-05,170210,5059.0
5474,Taylor Walker,Finance,Specialist,2019-08-21,217108,5062.0
5475,Morgan Hall,Operations,Senior Engineer,2022-02-03,206074,5090.0
5476,Cameron Nguyen,Operations,Director,2021-01-07,103440,5037.0
5477,Cameron Scott,Engineering,Analyst,2018-09-04,172771,5051.0
5478,Taylor Walker,Operations,Senior Engineer,2025-06-22,126466,5022.0
5479,Alex Scott,Support,Specialist,2019-08-19,133924,5024.0
5480,Riley Martin,Engineering,Engineer,2017-12-18,176411,
5481,Morgan Young,Sales,Analyst,2020-08-19,108965,5024.0
5482,Casey Martin,Engineering,Senior Engineer,2022-12-14,74691,5001.0
5483,Taylor Allen,Engineering,Analyst,2023-10-01,124178,5096.0
5484,Morgan Martin,Operations,Director,2015-12-22,74201,5060.0
5485,Cameron Scott,HR,Engineer,2024-05-10,62421,5012.0
5486,Morgan Green,Support,Specialist,2022-10-12,160351,5007.0
5487,Jordan Nguyen,Operations,Analyst,2021-04-03,199626,5033.0
5488,Drew Martin,Support,Engineer,2021-07-08,126124,5027.0
5489,Jordan Allen,Sales,Senior Engineer,2015-01-17,144307,5024.0
5490,Taylor Young,Finance,Specialist,2024-07-27,146360,5044.0
5491,Casey Adams,HR,Specialist,2015-11-20,129852,5090.0
5492,Sam Allen,Sales,Manager,2020-09-01,115245,5054.0
5493,Quinn Nguyen,Sales,Analyst,2017-07-19,163153,5049.0
5494,Quinn Walker,Support,Engineer,2016-04-03,100562,5079.0
5495,Sam Lee,HR,Analyst,2019-01-23,214306,
5496,Morgan Young,Support,Senior Engineer,2022-01-12,140322,5015.0
5497,Sam Scott,Finance,Senior Engineer,2022-07-29,201401,5046.0
5498,Quinn Lee,Support,Specialist,2016-07-10,201770,5068.0
5499,Alex Allen,Engineering,Specialist,2018-12-15,71548,5045.0
5500,Cameron Allen,Support,Engineer,2016-02-07,120234,5011.0
5501,Quinn Allen,Engineering,Director,2024-04-25,73340,5092.0
5502,Quinn Lee,Sales,Analyst,2016-04-01,124396,5029.0
5503,Alex Martin,Finance,Analyst,2019-02-15,139695,5077.0
5504,Quinn Nguyen,Operations,Senior Engineer,2019-03-02,213937,5088.0
5505,Morgan Young,Engineering,Analyst,2023-06-26,199815,5031.0
5506,Alex Nguyen,Finance,Engineer,2021-09-10,133254,5083.0
5507,Cameron Young,Support,Manager,2023-12-04,165192,5069.0
5508,Casey Young,Operations,Specialist,2020-12-27,181658,5089.0
5509,Jordan Walker,Support,Senior Engineer,2022-01-12,80530,5021.0
5510,Casey Allen,Sales,Specialist,2022-08-25,114003,5092.0
5511,Alex Adams,Support,Specialist,2015-04-02,87908,5001.0
5512,Alex Hall,Engineering,Specialist,2020-10-25,170407,5078.0
5513,Taylor Nguyen,Sales,Manager,2017-05-01,122186,5040.0
5514,Drew Walker,Finance,Analyst,2018-06-21,95653,5013.0
5515,Drew Allen,Sales,Director,2017-04-24,185503,5003.0
5516,Alex Green,Finance,Specialist,2016-10-28,88783,5035.0
5517,Jordan Green,HR,Engineer,2019-10-20,108535,5035.0
5518,Taylor Martin,Engineering,Specialist,2017-08-16,161838,5018.0
5519,Sam Lee,Engineering,Specialist,2017-09-15,143273,5017.0
5520,Riley Green,Finance,Analyst,2017-03-07,80551,5036.0
5521,Jordan Scott,Support,Engineer,2019-08-13,98543,5037.0
5522,Alex Allen,Operations,Analyst,2020-02-08,205576,5041.0
5523,Alex Hall,Support,Specialist,2015-03-29,202443,5086.0
5524,Jordan Adams,HR,Analyst,2019-06-30,105975,5059.0
5525,Morgan Allen,Finance,Analyst,2023-02-10,84036,
5526,Taylor Green,HR,Senior Engineer,2018-08-10,136083,5049.0
5527,Alex Hall,Finance,Manager,2020-11-12,108756,5074.0
5528,Riley Adams,HR,Director,2024-02-07,147739,5000.0
5529,Sam Martin,Finance,Manager,2016-07-04,179348,5039.0
5530,Casey Martin,Engineering,Manager,2021-09-12,64305,5042.0
5531,Cameron Walker,HR,Engineer,2022-09-15,121436,5095.0
5532,Riley Adams,HR,Senior Engineer,2017-12-13,58747,5044.0
5533,Cameron Adams,Finance,Senior Engineer,2020-05-05,78245,5073.0
5534,Quinn Scott,Sales,Analyst,2021-04-09,189175,5026.0
5535,Morgan Adams,Sales,Manager,2018-02-07,169938,5076.0
5536,Riley Green,Engineering,Director,2025-07-04,215649,5028.0
5537,Drew Scott,Support,Engineer,2016-09-15,194559,5040.0
5538,Morgan Adams,Support,Senior Engineer,2025-04-15,150559,5045.0
5539,Drew Nguyen,Engineering,Analyst,2016-12-01,100567,5092.0
5540,Sam Walker,Support,Director,2024-01-06,166709,5000.0
5541,Sam Walker,Operations,Manager,2025-06-29,171322,5015.0
5542,Sam Nguyen,Operations,Director,2022-02-24,175717,5069.0
5543,Morgan Scott,Operations,Senior Engineer,2015-06-11,191687,5055.0
5544,Sam Martin,Operations,Engineer,2020-06-15,131004,5021.0
5545,Jordan Nguyen,Finance,Manager,2020-09-13,65879,5025.0
5546,Cameron Allen,Sales,Engineer,2023-04-02,152491,5033.0
5547,Cameron Lee,Engineering,Specialist,2015-02-06,199150,5042.0
5548,Taylor Hall,Finance,Director,2017-04-25,59590,5080.0
5549,Drew Martin,Operations,Director,2022-11-16,65910,
5550,Cameron Martin,Engineering,Analyst,2022-04-24,218048,5089.0
5551,Alex Young,Sales,Manager,2024-06-03,76574,5038.0
5552,Cameron Martin,Support,Director,2018-04-15,88430,5018.0
5553,Alex Walker,Finance,Senior Engineer,2022-01-12,110627,5048.0
5554,Taylor Martin,Sales,Specialist,2024-02-29,107239,5064.0
5555,Quinn Allen,Engineering,Senior Engineer,2025-02-21,108913,
5556,Morgan Martin,HR,Engineer,2015-04-15,153972,5070.0
5557,Riley Adams,Finance,Specialist,2021-01-12,148276,5074.0
5558,Quinn Walker,Engineering,Specialist,2015-12-02,195549,5012.0
5559,Taylor Nguyen,Engineering,Senior Engineer,2023-06-25,107772,5012.0
5560,Cameron Nguyen,Sales,Director,2020-05-11,120696,5016.0
5561,Cameron Green,Engineering,Senior Engineer,2021-06-01,155837,5078.0
5562,Drew Lee,Finance,Manager,2019-04-10,208966,5023.0
5563,Morgan Lee,Operations,Engineer,2024-05-19,157750,5078.0
5564,Taylor Adams,Finance,Specialist,2017-06-04,168572,5051.0
5565,Sam Lee,Engineering,Manager,2015-03-10,57918,5075.0
5566,Riley Martin,Sales,Director,2018-09-12,166683,5053.0
5567,Quinn Nguyen,Finance,Director,2015-05-31,80629,5030.0
5568,Jordan Martin,HR,Senior Engineer,2022-12-14,71699,5090.0
5569,Jordan Young,Operations,Analyst,2022-03-09,167436,5070.0
5570,Jordan Green,Support,Specialist,2016-10-23,108984,5045.0
5571,Taylor Nguyen,Sales,Specialist,2018-09-05,106363,5061.0
5572,Sam Lee,Sales,Analyst,2017-01-26,62069,5059.0
5573,Casey Hall,Support,Director,2021-11-04,161815,5032.0
5574,Jordan Martin,Support,Director,2022-03-02,159726,5039.0
5575,Quinn Allen,Finance,Specialist,2025-03-28,125063,5028.0
5576,Casey Hall,Engineering,Engineer,2023-09-19,74099,5099.0
5577,Riley Allen,Engineering,Specialist,2022-05-06,70622,5055.0
5578,Drew Young,HR,Director,2019-01-25,212353,5004.0
5579,Sam Lee,Operations,Director,2025-10-11,94433,5049.0
5580,Drew Martin,Engineering,Engineer,2020-06-10,94875,
5581,Quinn Martin,HR,Manager,2021-08-06,184381,5025.0
5582,Morgan Allen,HR,Manager,2015-07-22,191204,5041.0
5583,Morgan Martin,Sales,Engineer,2021-12-09,149932,5050.0
5584,Jordan Young,Sales,Engineer,2019-02-12,113016,5097.0
5585,Quinn Walker,Operations,Manager,2015-01-04,115891,5098.0
5586,Drew Walker,Finance,Manager,2018-02-26,161966,5005.0
5587,Taylor Allen,Support,Manager,2023-06-25,148343,5051.0
5588,Casey Lee,Support,Manager,2022-10-19,94550,5080.0
5589,Jordan Allen,Operations,Specialist,2017-09-03,172295,5019.0
5590,Casey Scott,HR,Specialist,2015-01-27,82196,5073.0
5591,Cameron Martin,Operations,Senior Engineer,2017-12-01,108849,5087.0
5592,Cameron Martin,Support,Engineer,2017-08-22,102358,5064.0
5593,Cameron Walker,HR,Analyst,2025-01-02,94513,5029.0
5594,Morgan Hall,Support,Senior Engineer,2020-10-12,135481,5091.0
5595,Alex Allen,Finance,Analyst,2023-06-24,143915,5087.0
5596,Quinn Lee,Sales,Analyst,2015-03-13,179790,5070.0
5597,Morgan Walker,Sales,Director,2019-02-14,93877,5033.0
5598,Quinn Allen,HR,Engineer,2020-03-11,208897,5078.0
5599,Riley Nguyen,Operations,Specialist,2023-01-26,121451,5028.0
5600,Drew Lee,Support,Senior Engineer,2021-05-04,78848,5021.0
5601,Cameron Lee,Engineering,Engineer,2025-09-02,199741,5048.0
5602,Cameron Adams,Finance,Manager,2020-11-12,64875,5099.0
5603,Riley Hall,Support,Engineer,2016-01-30,135389,5079.0
5604,Sam Young,Engineering,Analyst,2017-05-18,122961,5071.0
5605,Alex Lee,Finance,Specialist,2021-08-08,152976,5042.0
5606,Sam Adams,Finance,Manager,2024-04-09,219265,5027.0
5607,Morgan Martin,Sales,Engineer,2015-04-27,155091,5084.0
5608,Sam Allen,HR,Engineer,2021-01-20,71552,5054.0
5609,Quinn Green,Support,Specialist,2023-01-03,219354,5080.0
5610,Taylor Green,Finance,Analyst,2022-10-08,183682,5046.0
5611,Quinn Hall,Support,Manager,2016-07-30,151338,5074.0
5612,Jordan Martin,Finance,Analyst,2021-06-11,131105,5086.0
5613,Morgan Lee,Operations,Specialist,2017-02-10,145802,5035.0
5614,Cameron Martin,Sales,Engineer,2025-06-08,123740,
5615,Morgan Adams,HR,Senior Engineer,2015-07-19,128301,5021.0
5616,Sam Nguyen,Engineering,Senior Engineer,2019-10-22,211000,5091.0
5617,Casey Young,Engineering,Director,2015-06-29,69679,5067.0
5618,Morgan Scott,Operations,Senior Engineer,2021-08-02,154421,5072.0
5619,Drew Young,Sales,Specialist,2022-08-19,89173,5028.0
5620,Morgan Lee,Finance,Specialist,2024-02-06,99899,5068.0
5621,Quinn Martin,Sales,Specialist,2024-03-24,102865,5062.0
5622,Casey Young,HR,Manager,2020-08-05,93182,5013.0
5623,Alex Allen,Engineering,Director,2020-03-11,94109,5096.0
5624,Quinn Young,Support,Manager,2021-10-13,190246,5032.0
5625,Casey Adams,Engineering,Senior Engineer,2023-06-03,203133,5029.0
5626,Casey Young,HR,Senior Engineer,2016-10-14,162046,5033.0
5627,Morgan Allen,Finance,Engineer,2016-11-08,120524,5004.0
5628,Riley Scott,Sales,Manager,2021-04-20,133812,5060.0
5629,Taylor Scott,Engineering,Analyst,2023-03-08,173942,5019.0
5630,Riley Allen,Engineering,Engineer,2019-08-16,165572,5079.0
5631,Casey Martin,Support,Manager,2019-05-22,214553,5036.0
5632,Morgan Nguyen,Sales,Specialist,2024-12-17,106938,5043.0
5633,Taylor Lee,Support,Director,2018-01-24,217348,5062.0
5634,Cameron Hall,Support,Manager,2021-01-23,119850,5074.0
5635,Drew Green,Finance,Director,2025-09-09,181193,5019.0
5636,Sam Martin,Engineering,Director,2024-04-25,216673,5096.0
5637,Taylor Young,Operations,Senior Engineer,2025-11-13,105324,5060.0
5638,Cameron Green,Sales,Analyst,2017-08-22,207336,
5639,Cameron Green,Finance,Manager,2020-03-26,134426,5038.0
5640,Drew Allen,Operations,Analyst,2022-12-11,97852,5040.0
5641,Jordan Walker,Finance,Director,2017-12-21,172503,5079.0
5642,Alex Nguyen,Finance,Senior Engineer,2015-06-23,207130,5026.0
5643,Drew Nguyen,HR,Analyst,2018-06-30,136657,5029.0
5644,Alex Walker,HR,Engineer,2024-09-02,158500,5002.0
5645,Jordan Lee,Finance,Director,2016-09-15,92352,5024.0
5646,Jordan Walker,HR,Engineer,2018-05-23,60021,5070.0
5647,Drew Hall,Sales,Specialist,2024-01-24,77614,5061.0
5648,Alex Hall,Engineering,Analyst,2021-09-28,114131,5003.0
5649,Riley Allen,Operations,Analyst,2017-01-08,165813,5006.0
5650,Sam Young,Sales,Analyst,2025-06-10,57631,5034.0
5651,Riley Green,Engineering,Specialist,2025-06-13,192417,5073.0
5652,Alex Nguyen,HR,Manager,2016-11-05,161400,5082.0
5653,Quinn Nguyen,Operations,Director,2020-12-13,102674,
5654,Quinn Walker,Sales,Director,2023-03-08,185323,5029.0
5655,Cameron Walker,Support,Director,2021-04-19,81844,5039.0
5656,Quinn Walker,Finance,Manager,2025-09-21,126836,5090.0
5657,Quinn Lee,Engineering,Analyst,2020-05-27,159148,5047.0
5658,Sam Walker,Engineering,Analyst,2025-05-10,60362,5023.0
5659,Jordan Young,Support,Specialist,2021-02-22,63097,5035.0
5660,Cameron Green,Support,Engineer,2019-07-16,191671,5040.0
5661,Jordan Martin,Finance,Manager,2016-02-17,59258,5065.0
5662,Alex Martin,HR,Senior Engineer,2019-01-19,146066,
5663,Drew Young,Sales,Manager,2022-09-24,127176,5035.0
5664,Cameron Adams,Sales,Specialist,2023-07-23,92056,5062.0
5665,Taylor Hall,Sales,Engineer,2025-03-07,72261,5024.0
5666,Cameron Martin,HR,Engineer,2024-05-03,174173,5057.0
5667,Casey Lee,Finance,Engineer,2018-10-14,106696,5032.0
5668,Jordan Adams,Sales,Analyst,2023-10-28,70141,5074.0
5669,Alex Scott,Engineering,Senior Engineer,2018-01-28,212824,5001.0
5670,Quinn Lee,Engineering,Engineer,2015-08-22,144084,5091.0
5671,Casey Nguyen,Engineering,Director,2024-11-24,155904,5012.0
5672,Morgan Martin,Support,Analyst,2017-12-21,148219,5011.0
5673,Taylor Hall,Support,Senior Engineer,2025-12-26,107680,5083.0
5674,Riley Walker,HR,Director,2021-02-21,73792,5086.0
5675,Jordan Walker,Sales,Senior Engineer,2022-02-02,163469,5004.0
5676,Riley Green,Support,Specialist,2019-11-14,108100,5090.0
5677,Alex Hall,Engineering,Senior Engineer,2018-02-03,179118,5023.0
5678,Riley Nguyen,Support,Director,2021-05-31,186839,5059.0
5679,Alex Allen,Engineering,Manager,2016-10-06,81992,5001.0
5680,Alex Martin,Sales,Senior Engineer,2024-08-23,183468,5034.0
5681,Sam Green,HR,Manager,2019-04-07,84570,5042.0
5682,Sam Hall,Finance,Senior Engineer,2021-01-12,174571,5057.0
5683,Taylor Scott,Finance,Specialist,2016-02-10,141126,5050.0
5684,Alex Lee,Engineering,Director,2023-01-22,160389,5043.0
5685,Taylor Nguyen,Support,Senior Engineer,2022-08-05,116580,5095.0
5686,Sam Hall,Support,Engineer,2022-08-17,55744,5014.0
5687,Taylor Martin,Engineering,Specialist,2022-10-15,206630,5011.0
5688,Taylor Lee,Sales,Engineer,2019-09-03,87259,5069.0
5689,Drew Hall,Engineering,Specialist,2022-02-14,207522,5002.0
5690,Drew Young,Sales,Specialist,2024-12-22,111949,5045.0
5691,Alex Green,HR,Senior Engineer,2016-01-10,101589,5045.0
5692,Casey Hall,HR,Director,2019-06-01,130122,5027.0
5693,Riley Young,Engineering,Director,2016-03-30,186358,5092.0
5694,Taylor Lee,HR,Analyst,2015-07-21,71387,5024.0
5695,Casey Lee,Support,Director,2019-10-22,169365,5025.0
5696,Sam Lee,Sales,Manager,2019-01-15,77319,5019.0
5697,Jordan Allen,Finance,Senior Engineer,2023-12-03,186483,5010.0
5698,Riley Hall,Finance,Engineer,2025-01-27,75729,5033.0
5699,Quinn Young,HR,Director,2017-05-03,140647,5066.0
5700,Riley Walker,Sales,Engineer,2016-12-24,167102,5072.0
5701,Taylor Scott,Support,Analyst,2018-10-23,70704,5080.0
5702,Alex Scott,Finance,Senior Engineer,2021-07-15,196181,5015.0
5703,Alex Young,Support,Director,2015-09-19,217244,
5704,Taylor Walker,Support,Engineer,2025-09-17,204056,5097.0
5705,Taylor Nguyen,Finance,Specialist,2025-12-09,213532,
5706,Morgan Allen,Finance,Director,2025-01-08,176845,5095.0
5707,Riley Young,HR,Analyst,2016-06-26,185317,5081.0
5708,Drew Martin,Sales,Specialist,2016-07-04,99449,5090.0
5709,Drew Green,Engineering,Engineer,2018-08-22,175247,5035.0
5710,Quinn Green,Sales,Engineer,2020-02-13,193268,5015.0
5711,Casey Adams,Engineering,Senior Engineer,2025-05-25,106534,5058.0
5712,Quinn Scott,Finance,Senior Engineer,2016-09-29,68549,5072.0
5713,Jordan Lee,Support,Engineer,2015-06-14,64821,5008.0
5714,Jordan Martin,Sales,Specialist,2022-09-06,90564,5078.0
5715,Morgan Nguyen,Support,Senior Engineer,2016-09-12,66073,5016.0
5716,Alex Walker,Sales,Engineer,2023-08-26,62282,5046.0
5717,Riley Nguyen,Operations,Specialist,2018-05-08,205261,5084.0
5718,Jordan Scott,Sales,Manager,2024-02-25,164966,5015.0
5719,Casey Lee,Support,Director,2015-02-20,65771,5020.0
5720,Riley Walker,Operations,Manager,2016-05-03,116492,5001.0
5721,Riley Young,HR,Manager,2021-02-23,208306,5010.0
5722,Drew Adams,Finance,Director,2017-11-12,89096,5010.0
5723,Alex Walker,HR,Engineer,2016-10-26,67236,5016.0
5724,Jordan Scott,HR,Engineer,2018-05-31,106544,5024.0
5725,Drew Nguyen,Sales,Senior Engineer,2020-05-19,90921,5080.0
5726,Cameron Green,Finance,Analyst,2018-05-29,79576,5091.0
5727,Sam Nguyen,Operations,Engineer,2022-06-03,186238,5037.0
5728,Cameron Nguyen,Sales,Director,2015-09-23,200724,5008.0
5729,Cameron Nguyen,Engineering,Analyst,2015-03-14,205710,5018.0
5730,Sam Adams,Sales,Director,2025-10-27,70233,5072.0
5731,Cameron Scott,Operations,Director,2020-10-25,56885,5066.0
5732,Jordan Martin,Support,Director,2022-02-04,108520,5096.0
5733,Riley Adams,Sales,Analyst,2017-05-30,154203,
5734,Drew Adams,Engineering,Manager,2016-03-10,164759,5073.0
5735,Taylor Scott,Sales,Specialist,2020-07-21,197841,5047.0
5736,Morgan Allen,Operations,Director,2025-12-22,192521,5089.0
5737,Drew Adams,Engineering,Senior Engineer,2017-12-24,161459,5055.0
5738,Casey Walker,Finance,Engineer,2020-06-07,63136,5041.0
5739,Alex Allen,Operations,Specialist,2015-12-23,126986,5064.0
5740,Jordan Scott,Sales,Engineer,2017-07-24,97999,5082.0
5741,Drew Hall,Engineering,Engineer,2015-01-18,144567,5024.0
5742,Jordan Hall,Operations,Analyst,2022-06-16,86052,5006.0
5743,Quinn Martin,Finance,Senior Engineer,2025-08-06,197418,5040.0
5744,Sam Young,Support,Senior Engineer,2019-05-09,69852,5017.0
5745,Taylor Adams,HR,Specialist,2022-03-07,170418,5039.0
5746,Casey Nguyen,Engineering,Senior Engineer,2019-11-28,127603,5099.0
5747,Riley Young,Support,Senior Engineer,2022-08-30,217557,5055.0
5748,Riley Young,Finance,Senior Engineer,2024-08-08,161071,5067.0
5749,Drew Allen,Support,Specialist,2017-09-22,79272,5066.0
5750,Cameron Walker,Sales,Manager,2024-08-13,189835,5081.0
5751,Sam Hall,HR,Senior Engineer,2017-10-29,114087,5094.0
5752,Cameron Green,Engineering,Senior Engineer,2019-02-02,109848,5064.0
5753,Cameron Walker,Operations,Analyst,2022-05-03,85075,5044.0
5754,Casey Hall,Finance,Analyst,2024-05-12,83692,5028.0
5755,Jordan Green,HR,Senior Engineer,2019-06-14,147085,5032.0
5756,Drew Adams,Finance,Manager,2021-08-16,121414,5029.0
5757,Riley Lee,Support,Senior Engineer,2023-04-06,214920,5028.0
5758,Alex Scott,Finance,Senior Engineer,2020-01-22,175170,5067.0
5759,Cameron Lee,Finance,Senior Engineer,2023-11-21,74268,5056.0
5760,Quinn Walker,Support,Director,2019-03-19,180887,5015.0
5761,Casey Martin,Support,Manager,2018-02-27,131323,5096.0
5762,Morgan Walker,HR,Engineer,2024-12-16,171985,5039.0
5763,Drew Allen,Engineering,Senior Engineer,2018-08-09,131872,5054.0
5764,Quinn Green,Support,Engineer,2019-09-16,148274,5068.0
5765,Cameron Green,HR,Manager,2020-05-04,95139,5059.0
5766,Jordan Adams,Finance,Senior Engineer,2021-07-28,89037,5027.0
5767,Casey Lee,Finance,Engineer,2015-08-12,133434,5078.0
5768,Taylor Adams,Operations,Specialist,2020-07-19,203750,5006.0
5769,Alex Lee,Sales,Engineer,2019-03-28,73141,5054.0
5770,Casey Green,Support,Manager,2023-03-21,79160,5023.0
5771,Quinn Walker,HR,Senior Engineer,2025-05-06,198907,5059.0
5772,Riley Martin,Operations,Director,2025-06-27,64383,5017.0
5773,Alex Green,HR,Manager,2024-10-20,159882,5076.0
5774,Taylor Young,Engineering,Director,2021-08-12,210636,5018.0
5775,Morgan Hall,Operations,Senior Engineer,2019-08-17,162549,5088.0
5776,Drew Lee,HR,Engineer,2025-01-09,106556,5085.0
5777,Cameron Lee,Support,Specialist,2025-03-12,214352,5032.0
5778,Sam Allen,HR,Specialist,2019-03-04,212367,5035.0
5779,Jordan Adams,Sales,Manager,2018-01-18,112596,5068.0
5780,Quinn Scott,Finance,Manager,2022-05-27,153236,5004.0
5781,Casey Scott,Finance,Manager,2020-05-26,168424,5003.0
5782,Riley Allen,Operations,Analyst,2017-12-31,153145,5009.0
5783,Jordan Green,HR,Specialist,2016-03-08,130287,5053.0
5784,Riley Lee,HR,Specialist,2025-04-18,126678,5010.0
5785,Casey Nguyen,HR,Senior Engineer,2018-10-03,100955,5023.0
5786,Quinn Martin,HR,Analyst,2018-07-10,106080,5062.0
5787,Morgan Young,Sales,Manager,2018-07-18,136793,
5788,Morgan Walker,Support,Manager,2016-05-23,208722,5013.0
5789,Taylor Walker,Sales,Director,2016-05-22,158717,5092.0
5790,Cameron Scott,Sales,Analyst,2016-09-08,209284,5064.0
5791,Drew Scott,Sales,Engineer,2016-02-24,122726,5026.0
5792,Sam Allen,Finance,Specialist,2017-12-31,97882,
5793,Drew Lee,Sales,Senior Engineer,2015-03-15,78038,5056.0
5794,Taylor Adams,HR,Engineer,2019-08-06,128630,5018.0
5795,Morgan Walker,Sales,Engineer,2024-10-14,77451,5095.0
5796,Riley Lee,HR,Senior Engineer,2022-03-06,110352,5067.0
5797,Taylor Young,Operations,Manager,2015-05-26,75521,5097.0
5798,Cameron Martin,Support,Specialist,2020-09-24,119308,5084.0
5799,Quinn Martin,Finance,Director,2019-10-31,175631,5045.0
5800,Cameron Walker,Support,Manager,2023-09-12,92206,5065.0
5801,Alex Nguyen,Operations,Manager,2018-02-06,124963,5080.0
5802,Cameron Allen,Support,Analyst,2024-04-11,181407,5055.0
5803,Quinn Walker,Finance,Engineer,2015-05-01,191628,5001.0
5804,Jordan Young,HR,Engineer,2024-10-10,161836,5044.0
5805,Casey Nguyen,Operations,Specialist,2017-12-02,73772,5008.0
5806,Quinn Hall,Operations,Engineer,2020-05-17,214135,5069.0
5807,Cameron Green,HR,Director,2020-11-16,160296,5066.0
5808,Morgan Scott,HR,Director,2016-12-06,77709,5099.0
5809,Taylor Scott,Finance,Director,2021-06-16,191455,5060.0
5810,Taylor Nguyen,Sales,Senior Engineer,2018-05-22,56233,5078.0
5811,Taylor Walker,Engineering,Specialist,2024-09-04,82146,5022.0
5812,Morgan Scott,Sales,Director,2025-06-09,184205,5030.0
5813,Riley Lee,Sales,Analyst,2021-10-06,183443,5091.0
5814,Casey Scott,Support,Analyst,2024-06-22,106450,5074.0
5815,Quinn Martin,Engineering,Manager,2025-04-26,210785,5063.0
5816,Cameron Scott,HR,Manager,2023-09-19,135325,5021.0
5817,Riley Hall,Sales,Specialist,2020-04-18,67374,5068.0
5818,Cameron Allen,Finance,Manager,2020-02-26,105985,5088.0
5819,Taylor Nguyen,Sales,Manager,2021-05-08,86012,5019.0
5820,Cameron Lee,HR,Analyst,2022-11-12,139059,5069.0
5821,Morgan Hall,Sales,Manager,2018-01-30,79783,5036.0
5822,Jordan Martin,Operations,Analyst,2015-07-29,201635,5007.0
5823,Cameron Walker,Support,Director,2017-01-08,98193,5075.0
5824,Riley Green,Support,Director,2022-10-11,65042,5012.0
5825,Quinn Martin,Sales,Specialist,2017-11-11,114031,5021.0
5826,Casey Nguyen,Support,Senior Engineer,2022-09-08,98163,5077.0
5827,Taylor Nguyen,Finance,Manager,2015-06-08,143356,5072.0
5828,Alex Nguyen,Engineering,Director,2025-11-06,151788,5021.0
5829,Quinn Hall,Sales,Director,2017-01-10,188280,5093.0
5830,Jordan Nguyen,Finance,Specialist,2020-05-07,68796,5017.0
5831,Sam Allen,Operations,Engineer,2021-07-18,145962,5099.0
5832,Cameron Allen,Finance,Engineer,2018-11-24,208742,5072.0
5833,Cameron Allen,Finance,Specialist,2024-08-26,79320,5036.0
5834,Casey Nguyen,Operations,Analyst,2016-11-29,75074,5008.0
5835,Casey Allen,HR,Senior Engineer,2023-10-20,82931,5028.0
5836,Taylor Adams,Sales,Specialist,2020-02-17,73993,5015.0
5837,Alex Scott,Sales,Engineer,2025-10-16,110330,5060.0
5838,Alex Scott,Sales,Senior Engineer,2021-09-10,219063,5032.0
5839,Morgan Nguyen,Engineering,Director,2022-01-27,70003,5025.0
5840,Taylor Young,Finance,Specialist,2015-05-21,69743,5074.0
5841,Taylor Hall,Sales,Analyst,2023-03-28,179291,5019.0
5842,Jordan Green,Support,Senior Engineer,2015-08-28,134543,5056.0
5843,Drew Hall,HR,Engineer,2015-10-19,79300,5015.0
5844,Jordan Adams,Operations,Director,2022-11-04,165888,5069.0
5845,Cameron Hall,Operations,Specialist,2015-03-23,161818,5060.0
5846,Sam Adams,Engineering,Manager,2022-02-20,126509,5078.0
5847,Taylor Adams,Operations,Director,2025-10-11,64703,5001.0
5848,Alex Hall,HR,Engineer,2022-12-27,144403,5016.0
5849,Casey Green,Finance,Specialist,2021-01-27,111436,5010.0
5850,Sam Adams,Operations,Engineer,2019-12-03,76845,5014.0
5851,Alex Allen,Operations,Manager,2017-09-03,136777,5005.0
5852,Alex Lee,Support,Director,2016-08-02,90055,5053.0
5853,Sam Lee,Finance,Senior Engineer,2022-01-17,194950,5057.0
5854,Casey Walker,Sales,Senior Engineer,2022-02-02,65209,5083.0
5855,Drew Nguyen,HR,Director,2020-11-27,113812,5038.0
5856,Morgan Martin,Operations,Senior Engineer,2023-12-28,149035,5050.0
5857,Taylor Allen,Support,Specialist,2019-12-05,158139,5099.0
5858,Jordan Allen,HR,Director,2019-01-01,155838,5050.0
5859,Cameron Martin,Engineering,Director,2015-11-18,197076,5055.0
5860,Jordan Nguyen,Support,Engineer,2023-01-26,151123,5099.0
5861,Alex Lee,Engineering,Analyst,2016-12-14,219462,5099.0
5862,Taylor Green,Operations,Engineer,2020-11-01,83400,5039.0
5863,Casey Adams,Support,Senior Engineer,2023-03-23,131511,5061.0
5864,Casey Martin,Sales,Analyst,2021-08-20,133121,5045.0
5865,Casey Green,HR,Director,2023-07-22,170763,5070.0
5866,Cameron Walker,HR,Senior Engineer,2020-03-05,192948,5093.0
5867,Cameron Adams,Finance,Manager,2024-10-07,178183,5027.0
5868,Taylor Hall,Support,Senior Engineer,2018-07-03,145775,5080.0
5869,Drew Allen,Support,Analyst,2022-03-18,98906,5063.0
5870,Alex Adams,Engineering,Analyst,2024-01-05,174925,5024.0
5871,Casey Hall,Support,Director,2019-08-06,75378,5078.0
5872,Casey Lee,HR,Specialist,2020-11-17,81568,5039.0
5873,Casey Hall,Support,Manager,2020-12-16,152046,5007.0
5874,Cameron Hall,Finance,Director,2017-07-06,142332,5099.0
5875,Drew Young,Finance,Manager,2021-03-16,162014,5039.0
5876,Jordan Martin,HR,Manager,2021-11-29,85796,5051.0
5877,Drew Adams,HR,Director,2019-12-12,110061,5079.0
5878,Cameron Martin,HR,Senior Engineer,2024-08-30,130597,5095.0
5879,Jordan Adams,Support,Engineer,2020-08-31,79401,5086.0
5880,Sam Allen,Support,Manager,2025-04-19,189882,5050.0
5881,Taylor Scott,Sales,Analyst,2016-07-13,154216,5052.0
5882,Sam Martin,Operations,Director,2016-09-20,144362,5024.0
5883,Taylor Martin,Operations,Specialist,2023-05-25,59902,5043.0
5884,Casey Allen,Engineering,Senior Engineer,2018-09-14,140148,5094.0
5885,Sam Adams,Support,Manager,2020-03-26,104723,5071.0
5886,Cameron Allen,Sales,Specialist,2025-04-20,115599,
5887,Alex Green,Sales,Senior Engineer,2024-09-21,68967,5007.0
5888,Jordan Hall,Finance,Director,2019-12-14,168312,5091.0
5889,Riley Allen,Support,Specialist,2025-10-20,191207,5084.0
5890,Quinn Adams,Sales,Analyst,2021-07-14,117365,5045.0
5891,Alex Lee,Finance,Manager,2020-03-10,134608,5059.0
5892,Sam Allen,Engineering,Manager,2025-10-05,140953,5025.0
5893,Jordan Nguyen,Finance,Specialist,2021-02-04,171327,5078.0
5894,Sam Allen,Engineering,Senior Engineer,2021-10-04,126979,5058.0
5895,Sam Martin,Operations,Director,2024-09-23,158146,5067.0
5896,Morgan Green,Operations,Engineer,2017-10-03,207997,5034.0
5897,Riley Young,HR,Manager,2015-02-18,157331,5040.0
5898,Morgan Allen,HR,Analyst,2020-01-25,85993,5016.0
5899,Morgan Scott,Finance,Manager,2020-04-13,183238,5094.0
5900,Drew Nguyen,HR,Manager,2022-09-15,129663,5094.0
5901,Cameron Lee,Support,Engineer,2020-09-08,104483,5080.0
5902,Cameron Allen,Finance,Engineer,2020-11-02,210915,5093.0
5903,Morgan Hall,Sales,Director,2022-10-07,171747,5064.0
5904,Casey Hall,Support,Manager,2019-03-06,92879,5019.0
5905,Drew Nguyen,Finance,Manager,2019-04-19,58888,5074.0
5906,Sam Martin,Operations,Senior Engineer,2015-11-25,120713,5028.0
5907,Riley Walker,Engineering,Senior Engineer,2022-04-11,178825,5041.0
5908,Morgan Martin,HR,Specialist,2016-03-09,62426,5023.0
5909,Riley Nguyen,HR,Specialist,2016-08-10,125031,5039.0
5910,Taylor Martin,HR,Analyst,2019-09-07,65047,5066.0
5911,Drew Hall,Finance,Analyst,2020-02-20,204111,5006.0
5912,Riley Green,Support,Senior Engineer,2018-06-26,76366,5005.0
5913,Sam Walker,Engineering,Specialist,2020-02-19,206817,5066.0
5914,Taylor Hall,HR,Analyst,2023-10-11,197425,5076.0
5915,Casey Lee,Support,Manager,2022-06-30,80080,5052.0
5916,Sam Hall,Sales,Specialist,2020-08-07,73788,5013.0
5917,Quinn Martin,Operations,Engineer,2024-05-29,115633,5040.0
5918,Cameron Green,Sales,Specialist,2025-06-08,182461,5074.0
5919,Alex Walker,Engineering,Manager,2019-05-18,191731,5066.0
5920,Jordan Allen,HR,Senior Engineer,2025-07-18,88921,5006.0
5921,Alex Walker,Sales,Director,2021-10-08,190233,5096.0
5922,Casey Hall,Operations,Director,2024-07-18,201575,5018.0
5923,Cameron Allen,Support,Senior Engineer,2022-09-18,79982,5017.0
5924,Riley Nguyen,Support,Manager,2025-03-16,124014,5043.0
5925,Drew Adams,Sales,Analyst,2016-05-26,107632,5029.0
5926,Sam Hall,HR,Specialist,2018-11-09,213244,5098.0
5927,Cameron Scott,Operations,Specialist,2018-11-12,175056,5002.0
5928,Cameron Hall,Engineering,Analyst,2020-01-13,130696,5026.0
5929,Morgan Nguyen,HR,Director,2017-10-08,155750,5035.0
5930,Jordan Walker,Finance,Senior Engineer,2019-01-12,113926,5046.0
5931,Sam Lee,Sales,Senior Engineer,2016-07-17,128137,
5932,Cameron Allen,Finance,Engineer,2015-10-30,124053,5003.0
5933,Morgan Scott,Sales,Director,2020-11-16,125338,5021.0
5934,Taylor Adams,Engineering,Senior Engineer,2018-08-22,165694,5053.0
5935,Casey Nguyen,HR,Engineer,2022-02-17,139295,5075.0
5936,Casey Adams,Operations,Analyst,2020-09-20,192816,5066.0
5937,Drew Young,HR,Director,2023-04-27,143309,5054.0
5938,Drew Scott,Sales,Director,2021-11-20,168721,5036.0
5939,Cameron Scott,Support,Senior Engineer,2021-10-23,105123,5086.0
5940,Cameron Young,Finance,Senior Engineer,2021-07-02,168732,5043.0
5941,Sam Scott,Operations,Manager,2022-03-01,127672,5026.0
5942,Jordan Hall,Operations,Analyst,2020-07-16,107238,5060.0
5943,Cameron Young,HR,Analyst,2020-09-11,68417,5067.0
5944,Casey Walker,HR,Specialist,2016-02-16,145841,5036.0
5945,Riley Young,Sales,Engineer,2019-07-08,92719,
5946,Cameron Walker,Support,Engineer,2022-10-30,59002,5004.0
5947,Morgan Lee,Finance,Manager,2023-09-21,188404,5083.0
5948,Casey Martin,Support,Specialist,2016-05-22,81149,5000.0
5949,Cameron Scott,Operations,Analyst,2015-02-25,149994,5057.0
5950,Alex Allen,Support,Engineer,2024-12-06,153989,5014.0
5951,Alex Allen,Sales,Analyst,2019-10-14,140808,5018.0
5952,Alex Martin,Support,Analyst,2024-05-16,113923,5023.0
5953,Jordan Green,Finance,Specialist,2024-04-23,72352,
5954,Quinn Hall,Operations,Engineer,2022-02-06,116081,5013.0
5955,Morgan Scott,Engineering,Senior Engineer,2024-02-24,76645,5063.0
5956,Morgan Scott,Operations,Senior Engineer,2015-07-15,80343,5047.0
5957,Casey Martin,Engineering,Specialist,2021-09-26,55645,5078.0
5958,Riley Walker,Finance,Engineer,2022-05-08,86775,5001.0
5959,Casey Hall,Operations,Manager,2023-08-17,59121,5088.0
5960,Sam Nguyen,Operations,Director,2019-11-26,118742,5099.0
5961,Taylor Allen,Operations,Specialist,2019-08-08,64271,
5962,Alex Nguyen,Operations,Analyst,2018-01-11,211284,5096.0
5963,Riley Young,Sales,Specialist,2022-08-21,165821,5019.0
5964,Taylor Walker,HR,Director,2020-12-24,130828,5067.0
5965,Taylor Green,Operations,Specialist,2016-06-22,209553,5025.0
5966,Taylor Nguyen,Sales,Engineer,2016-11-19,150011,5049.0
5967,Jordan Allen,Finance,Analyst,2016-12-19,93682,5048.0
5968,Cameron Allen,Operations,Director,2023-02-28,128749,5032.0
5969,Taylor Allen,Support,Senior Engineer,2025-12-09,119747,5070.0
5970,Cameron Lee,Operations,Manager,2015-11-02,56903,5057.0
5971,Drew Scott,Operations,Specialist,2018-08-27,157413,5048.0
5972,Alex Nguyen,Engineering,Specialist,2016-01-23,141534,5098.0
5973,Taylor Young,Support,Director,2016-12-25,177702,5093.0
5974,Morgan Nguyen,Operations,Manager,2020-08-01,73319,5095.0
5975,Cameron Young,Operations,Specialist,2020-03-04,153919,5087.0
5976,Morgan Allen,Operations,Senior Engineer,2017-07-03,207513,5021.0
5977,Morgan Hall,Sales,Director,2022-02-09,131178,5031.0
5978,Quinn Young,Finance,Engineer,2021-12-28,210934,5019.0
5979,Taylor Walker,Engineering,Analyst,2021-09-01,217175,5098.0
5980,Drew Scott,Operations,Senior Engineer,2021-05-29,197582,5010.0
5981,Riley Scott,Finance,Manager,2015-06-28,126991,5033.0
5982,Morgan Lee,Engineering,Manager,2022-06-12,123309,5015.0
5983,Alex Adams,Engineering,Senior Engineer,2024-08-01,82377,5018.0
5984,Sam Nguyen,Engineering,Engineer,2020-03-18,113336,5020.0
5985,Morgan Martin,Operations,Specialist,2024-11-04,130312,5062.0
5986,Alex Lee,Sales,Engineer,2019-09-01,149941,5002.0
5987,Casey Martin,Operations,Specialist,2024-04-06,114229,5055.0
5988,Alex Adams,Operations,Specialist,2015-03-21,120679,5080.0
5989,Jordan Scott,Finance,Manager,2023-06-13,80698,5075.0
5990,Riley Walker,HR,Specialist,2023-07-23,203155,5010.0
5991,Casey Allen,HR,Senior Engineer,2016-03-22,100169,5091.0
5992,Quinn Allen,HR,Specialist,2017-02-04,208774,5075.0
5993,Alex Young,Finance,Senior Engineer,2017-12-24,153574,
5994,Alex Lee,Support,Analyst,2018-10-27,96022,5072.0
5995,Cameron Adams,Finance,Manager,2021-12-25,121543,5072.0
5996,Drew Walker,Engineering,Engineer,2016-07-23,147955,5047.0
5997,Riley Allen,Operations,Director,2015-04-06,163768,
5998,Jordan Young,Support,Engineer,2019-04-06,151416,5055.0
5999,Morgan Nguyen,Engineering,Engineer,2018-07-07,193275,5075.0
