order_item_id,order_id,sku,quantity,unit_price,line_total
1,100332,SKU-NOG85D4F2K,1,1028.35,1028.35
2,100309,SKU-CIFLWDR3VW,1,44.26,44.26
3,100726,SKU-4LMCT64Z7W,1,834.14,834.14
4,100419,SKU-ZWKXXJVE3D,4,689.76,2759.04
5,100608,SKU-HC8CAH3GDH,4,1177.58,4710.32
6,100724,SKU-050UI22KX7,3,691.82,2075.46
7,100353,SKU-WYZXJQYJV8,2,911.44,1822.88
8,100823,SKU-EK0Q929U6W,4,60.21,240.84
9,100099,SKU-8EKXDRKZ40,5,1664.78,8323.9
10,100144,SKU-9RR7S20CV3,4,1850.22,7400.88
11,100009,SKU-BL7AMKOH10,1,761.9,761.9
12,100982,SKU-2M0W10LBT3,2,442.01,884.02
13,100043,SKU-HH5LF6A4FE,3,781.97,2345.91
14,100762,SKU-ET0DY571VX,4,217.56,870.24
15,100385,SKU-X4W6XLPU0D,1,261.32,261.32
16,100738,SKU-YHETKDUWTN,5,235.73,1178.65
17,100909,SKU-BYGHGK5BWI,5,93.42,467.1
18,100760,SKU-JIPNF8F3GR,3,1902.35,5707.05
19,100494,SKU-43C5BA75UU,3,1730.15,5190.45
20,100492,SKU-V0DSZRK6IL,4,1693.08,6772.32
21,100168,SKU-ZHWJR64DPJ,3,1492.9,4478.7
22,100641,SKU-ZSA7YVDQBS,1,256.93,256.93
23,100530,SKU-A1WJ0TPAC5,1,1979.39,1979.39
24,100335,SKU-ZOWLC33H8G,1,1065.83,1065.83
25,100746,SKU-N89LTAJW25,4,383.42,1533.68
26,100856,SKU-ZHG8Q3GCG1,4,417.11,1668.44
27,100512,SKU-HQMABSI9NB,3,289.86,869.58
28,100129,SKU-N9DL5TGSQ7,4,1314.52,5258.08
29,100538,SKU-8W2MAIETDN,1,1182.27,1182.27
30,100513,SKU-QQB9LZS34J,2,1302.21,2604.42
31,100249,SKU-SXLMT2PNJK,1,1903.76,1903.76
32,100733,SKU-N6937XNCML,2,1840.23,3680.46
33,100946,SKU-AJSSUUQO1V,3,248.81,746.43
34,100137,SKU-38DALY8OZC,5,532.8,2664.0
35,100274,SKU-TI221XJ7WW,4,759.44,3037.76
36,100463,SKU-Z8UUG95RLR,4,461.63,1846.52
37,100140,SKU-5OL5U7NTED,1,1619.14,1619.14
38,100943,SKU-2WSPOFV177,1,1521.8,1521.8
39,100255,SKU-GRF1HX6ZDC,2,1044.08,2088.16
40,100881,SKU-JJA26YFPMV,4,1799.66,7198.64
41,100823,SKU-IZASNWYWRR,3,1227.87,3683.61
42,100455,SKU-J7DPFSSBJD,1,1838.6,1838.6
43,100951,SKU-BG34IQ7ZJ3,4,199.82,799.28
44,100433,SKU-8DS03VNA31,5,1998.79,9993.95
45,100606,SKU-2OOUXQS1FO,2,1796.5,3593.0
46,100172,SKU-XVA1NKBTFS,1,1270.33,1270.33
47,100472,SKU-5PY6B2KNFT,1,1516.4,1516.4
48,100954,SKU-N9WSZV83XP,3,406.64,1219.92
49,100422,SKU-J5SXVWVM4W,1,1885.28,1885.28
50,100916,SKU-8S2XQUZS9M,4,120.65,482.6
51,100438,SKU-TVMK2ZYZSI,4,283.09,1132.36
52,100056,SKU-PNSM43D8W3,4,1349.0,5396.0
53,100497,SKU-493WXA73JG,5,993.9,4969.5
54,100613,SKU-E7PKWCYUKN,5,1428.6,7143.0
55,100168,SKU-ZQY72WX7PT,1,571.65,571.65
56,100988,SKU-LP81L51FLM,5,1916.47,9582.35
57,100581,SKU-ZKW3GI60Q6,5,1542.88,7714.4
58,100849,SKU-2NBFA37DL9,3,1385.21,4155.63
59,100560,SKU-OR7875AUD9,5,978.78,4893.9
60,100427,SKU-P7R93FEZEZ,2,1077.55,2155.1
61,100418,SKU-94SGFDK0Q0,2,1360.26,2720.52
62,100346,SKU-NCBEKGV1BB,2,1691.5,3383.0
63,100516,SKU-IM458AX40D,1,1023.54,1023.54
64,100454,SKU-XMXB9YO18P,4,1635.03,6540.12
65,100713,SKU-EYUHZ1GV0E,3,1410.8,4232.4
66,100201,SKU-IXZAREIYAZ,1,61.03,61.03
67,100178,SKU-XPJ4HNRIUU,4,1851.57,7406.28
68,100056,SKU-GUWJP0QI2C,3,1619.31,4857.93
69,100697,SKU-G1ZHQUNUE7,3,1964.29,5892.87
70,100603,SKU-RJ5XFEUB4O,3,482.44,1447.32
71,100803,SKU-AYYOV84FC3,2,883.66,1767.32
72,100905,SKU-SXLMT2PNJK,2,1903.76,3807.52
73,100945,SKU-MMXIXV6CKM,2,810.96,1621.92
74,100994,SKU-8ADF7PCHCB,3,66.61,199.83
75,100500,SKU-ZGE2J51B3J,3,405.29,1215.87
76,100738,SKU-PPBMQIYFRW,2,861.56,1723.12
77,100932,SKU-VS41LQFS6H,3,462.45,1387.35
78,100111,SKU-N89LTAJW25,2,383.42,766.84
79,100147,SKU-97PWDBOLWI,2,500.85,1001.7
80,100780,SKU-8BIXOIQ2Q4,2,622.7,1245.4
81,100714,SKU-DZX5QJICJD,4,1016.5,4066.0
82,100377,SKU-RJ5XFEUB4O,3,482.44,1447.32
83,100876,SKU-P6BEFFLZM7,1,1100.75,1100.75
84,100914,SKU-S52SQ3B9SO,2,1057.52,2115.04
85,100347,SKU-ZG92SJP753,1,370.36,370.36
86,100357,SKU-G3XG0TRKY8,4,1360.53,5442.12
87,100055,SKU-M72QLGDVC2,3,758.5,2275.5
88,100812,SKU-NTBZ3M55IZ,2,375.79,751.58
89,100315,SKU-8KSZBFFZZD,2,575.14,1150.28
90,100963,SKU-P6NLNQBU4K,2,477.45,954.9
91,100184,SKU-CN0EQWMI6K,1,130.42,130.42
92,100053,SKU-EREV361XSN,4,1102.3,4409.2
93,100036,SKU-J4PNJY1O2R,3,269.34,808.02
94,100722,SKU-0982N2ATQY,4,1770.29,7081.16
95,100804,SKU-PUU62RZV1S,2,1662.79,3325.58
96,100269,SKU-M5V2WWG84D,4,212.37,849.48
97,100862,SKU-YHETKDUWTN,1,235.73,235.73
98,100731,SKU-QQB9LZS34J,5,1302.21,6511.05
99,100507,SKU-QERXDOUADV,5,1745.77,8728.85
100,100227,SKU-3NWXROG983,3,1471.83,4415.49
101,100427,SKU-NOG85D4F2K,3,1028.35,3085.05
102,100869,SKU-C6LBPJ8T22,4,1332.57,5330.28
103,100722,SKU-SKP6RFE64S,3,1069.35,3208.05
104,100809,SKU-YH523GGODL,1,85.32,85.32
105,100000,SKU-NFFYKPL3CH,2,278.17,556.34
106,100022,SKU-2292MTR6SN,2,1139.93,2279.86
107,100502,SKU-NRXD356WAF,4,36.3,145.2
108,100447,SKU-ZIRNK6ZHH3,2,1770.5,3541.0
109,100795,SKU-XUX1OXRWK8,4,1277.91,5111.64
110,100495,SKU-ZUJ2XORVOR,3,448.08,1344.24
111,100899,SKU-3D6M1FMPRY,3,1895.09,5685.27
112,100424,SKU-91F4X2BFIB,1,1894.53,1894.53
113,100699,SKU-O75RH8LX6D,2,567.59,1135.18
114,100017,SKU-RMWLMA6GMD,1,697.83,697.83
115,100958,SKU-UJQ6FX7XJZ,5,574.58,2872.9
116,100444,SKU-QLGZUI1B0Z,1,1038.95,1038.95
117,100560,SKU-FTOUHYLU6K,4,582.03,2328.12
118,100558,SKU-30T9NT3W5U,4,1810.72,7242.88
119,100626,SKU-VROCVITWU3,1,768.83,768.83
120,100038,SKU-9BC2BE3YQY,3,519.4,1558.2
121,100728,SKU-PUBKPIQNHQ,5,1812.93,9064.65
122,100209,SKU-WAOUAXEQBN,1,1805.06,1805.06
123,100773,SKU-N8LFJDTVV2,3,55.89,167.67
124,100210,SKU-3FPOYIPK0Q,1,430.69,430.69
125,100564,SKU-J9HVCHRM3W,2,887.55,1775.1
126,100971,SKU-9C0UU5WRYE,4,1957.01,7828.04
127,100280,SKU-YLEMRUYP04,2,1486.25,2972.5
128,100866,SKU-HQR6F7QNEZ,2,24.56,49.12
129,100832,SKU-DTBH55RBC7,5,1191.14,5955.7
130,100132,SKU-XBIDFWA88D,3,730.66,2191.98
131,100448,SKU-P49KWV08HH,4,292.46,1169.84
132,100263,SKU-6XGZ7CTM09,2,1649.65,3299.3
133,100806,SKU-5FU7BFXQ7B,4,309.45,1237.8
134,100110,SKU-SS9TOQW9JA,3,835.84,2507.52
135,100554,SKU-ZC7FOV2YGN,1,1489.8,1489.8
136,100849,SKU-GZVRCTLT4Q,2,307.06,614.12
137,100237,SKU-EZP7QYEZG5,3,702.61,2107.83
138,100890,SKU-E2GJR81BMQ,4,701.07,2804.28
139,100456,SKU-LOQC3XNCHK,3,1216.71,3650.13
140,100900,SKU-0UBMC97C7B,1,219.06,219.06
141,100758,SKU-1XERP3LYEX,3,853.28,2559.84
142,100515,SKU-3N3BZT9D31,4,1782.73,7130.92
143,100875,SKU-JFVYB6LI07,2,746.02,1492.04
144,100860,SKU-P9JYQN15IK,2,1052.29,2104.58
145,100896,SKU-5Y6Q8SJY5O,5,1823.93,9119.65
146,100861,SKU-EXDW6LQWLV,4,1307.95,5231.8
147,100823,SKU-RC85EHPZRV,5,846.28,4231.4
148,100172,SKU-2C9OGPS013,5,29.74,148.7
149,100192,SKU-TIRC9ZD76S,1,1628.7,1628.7
150,100514,SKU-YZ7SRCBPLJ,4,1095.19,4380.76
151,100789,SKU-CDYK0X65MU,2,1788.11,3576.22
152,100967,SKU-74RS7GU0EN,4,490.15,1960.6
153,100567,SKU-109DCNWMBX,1,1899.15,1899.15
154,100785,SKU-7P9MDA9OEK,4,1284.05,5136.2
155,100408,SKU-FEN0B09ZIV,4,1267.77,5071.08
156,100687,SKU-0S9BP4M18O,5,78.04,390.2
157,100627,SKU-NHJ7XVG0FN,4,62.02,248.08
158,100083,SKU-ZZRJO7VBHH,5,1776.29,8881.45
159,100670,SKU-934T3Y4WPW,5,698.44,3492.2
160,100797,SKU-BB4M0A6MDM,3,536.32,1608.96
161,100079,SKU-L8HL88KZRU,1,1816.54,1816.54
162,100577,SKU-VS41LQFS6H,5,462.45,2312.25
163,100208,SKU-CWI64CIYHE,4,1280.49,5121.96
164,100521,SKU-E2GJR81BMQ,5,701.07,3505.35
165,100198,SKU-5JSG65KXVF,5,214.99,1074.95
166,100570,SKU-4RX6PRYIEJ,5,1205.88,6029.4
167,100233,SKU-ZJSSZWD0W9,2,297.68,595.36
168,100818,SKU-2NBFA37DL9,2,1385.21,2770.42
169,100243,SKU-O3XJVOEGI3,2,1131.9,2263.8
170,100890,SKU-OROI5J8YIT,2,1548.4,3096.8
171,100392,SKU-AWE429OMUW,3,503.91,1511.73
172,100565,SKU-ZQY72WX7PT,5,571.65,2858.25
173,100445,SKU-TQVDZ4X1ZH,3,899.36,2698.08
174,100848,SKU-FXHKC856WP,4,1537.46,6149.84
175,100392,SKU-HL1N13JCAT,1,1088.3,1088.3
176,100008,SKU-UJQ6FX7XJZ,3,574.58,1723.74
177,100612,SKU-9OI0D4DMC2,2,97.28,194.56
178,100919,SKU-E11E9FTAXP,2,1959.9,3919.8
179,100806,SKU-P767J2DG1W,4,1792.78,7171.12
180,100714,SKU-4UNY181ACJ,5,254.28,1271.4
181,100903,SKU-RJ5XFEUB4O,1,482.44,482.44
182,100152,SKU-7F6FDHGZZ0,3,299.39,898.17
183,100109,SKU-8MTK0RSOGG,5,30.02,150.1
184,100833,SKU-C6LBPJ8T22,5,1332.57,6662.85
185,100265,SKU-GZVRCTLT4Q,3,307.06,921.18
186,100372,SKU-9BC2BE3YQY,3,519.4,1558.2
187,100151,SKU-CSLQC3C54W,3,1957.57,5872.71
188,100975,SKU-DL7FKNDG1J,3,214.95,644.85
189,100594,SKU-CZUCQMRUNJ,2,825.57,1651.14
190,100954,SKU-C2KEIVLI77,5,363.08,1815.4
191,100414,SKU-97PWDBOLWI,5,500.85,2504.25
192,100906,SKU-HG5ZMTGA46,2,651.55,1303.1
193,100645,SKU-LZSE99F77L,5,901.35,4506.75
194,100325,SKU-GH8RIEC4D1,3,459.81,1379.43
195,100671,SKU-HSAHXTHV3A,1,720.72,720.72
196,100550,SKU-0HPMNZ1UDB,5,684.31,3421.55
197,100175,SKU-U8EL5015OO,1,1101.31,1101.31
198,100524,SKU-Y4KL9ARYEA,1,697.47,697.47
199,100314,SKU-XAJI0Y6DPB,2,1942.82,3885.64
200,100066,SKU-EHOU6QLZ2R,4,221.4,885.6
201,100951,SKU-C50B8Y5DNW,5,1401.12,7005.6
202,100759,SKU-LALQ26UNVS,2,856.02,1712.04
203,100552,SKU-N95S2GKFL5,2,1291.4,2582.8
204,100183,SKU-KK2ABKVBLP,1,1966.42,1966.42
205,100034,SKU-ONXD70FE07,5,1103.49,5517.45
206,100933,SKU-ZKW3GI60Q6,2,1542.88,3085.76
207,100504,SKU-RMHRCNBH6N,3,1520.05,4560.15
208,100848,SKU-HMEWCJN6OC,2,170.11,340.22
209,100962,SKU-SS9TOQW9JA,3,835.84,2507.52
210,100801,SKU-GDEJ31GYMD,4,1165.91,4663.64
211,100075,SKU-I0RS210Q2L,3,384.76,1154.28
212,100471,SKU-WNPR424TKB,3,1913.51,5740.53
213,100581,SKU-UIJNWPAYTX,1,1014.95,1014.95
214,100745,SKU-ACT49LNY2S,2,1966.14,3932.28
215,100522,SKU-XPJ4HNRIUU,4,1851.57,7406.28
216,100879,SKU-P779460KHF,2,1617.79,3235.58
217,100282,SKU-31YIHAIR4C,3,1579.17,4737.51
218,100815,SKU-ULWOZQ48EN,3,1437.89,4313.67
219,100535,SKU-2IAGL58KXO,2,752.1,1504.2
220,100273,SKU-EHWJQ4TA5I,4,643.49,2573.96
221,100538,SKU-NGZ6WMDW0F,4,742.71,2970.84
222,100053,SKU-M5HGBO06FH,1,345.79,345.79
223,100054,SKU-UWW5WFCPKJ,3,1780.29,5340.87
224,100887,SKU-PNSM43D8W3,3,1349.0,4047.0
225,100744,SKU-3NWXROG983,1,1471.83,1471.83
226,100276,SKU-88D0TGSIWG,2,35.09,70.18
227,100442,SKU-SMADO8E7FL,3,369.48,1108.44
228,100882,SKU-CEJCY127H6,2,261.36,522.72
229,100417,SKU-QQB9LZS34J,4,1302.21,5208.84
230,100631,SKU-N2S8NN16UX,5,1611.11,8055.55
231,100224,SKU-2K8RYQF8WX,1,1313.35,1313.35
232,100569,SKU-4B9SNTP8AK,3,888.95,2666.85
233,100254,SKU-QDGBK2L0D1,1,1928.72,1928.72
234,100175,SKU-6W51OB537Q,4,1380.44,5521.76
235,100565,SKU-LXSLG6MM1Z,4,991.92,3967.68
236,100145,SKU-HL1N13JCAT,4,1088.3,4353.2
237,100770,SKU-6US7RP422T,4,500.3,2001.2
238,100663,SKU-F6XDN8WWII,5,296.57,1482.85
239,100384,SKU-PWBSF3Q0E2,2,1728.79,3457.58
240,100261,SKU-S74NDDAFS1,2,715.46,1430.92
241,100530,SKU-ZBIKCIDKWN,5,323.33,1616.65
242,100853,SKU-7QHAK7MDWK,2,1274.62,2549.24
243,100370,SKU-0Q7TW1PUWS,4,1050.83,4203.32
244,100682,SKU-AN8ND7G0L3,2,271.14,542.28
245,100890,SKU-6APFXI5N53,1,1985.08,1985.08
246,100903,SKU-UPFLN4RXYJ,2,1875.52,3751.04
247,100196,SKU-DTBH55RBC7,1,1191.14,1191.14
248,100947,SKU-4KEK4AEGVF,3,354.77,1064.31
249,100584,SKU-YFDS0DJI9K,1,834.1,834.1
250,100814,SKU-2KODWH8N92,1,90.61,90.61
251,100596,SKU-EREV361XSN,4,1102.3,4409.2
252,100283,SKU-MENUI3DO70,4,204.49,817.96
253,100301,SKU-GUWJP0QI2C,4,1619.31,6477.24
254,100131,SKU-P9JYQN15IK,1,1052.29,1052.29
255,100119,SKU-TXCB48Y1O4,5,254.78,1273.9
256,100727,SKU-L1CQ99CHJ7,4,621.64,2486.56
257,100135,SKU-SK7N8LA100,4,865.3,3461.2
258,100627,SKU-3ZMF8MDD4V,1,813.11,813.11
259,100572,SKU-HSAHXTHV3A,3,720.72,2162.16
260,100528,SKU-G6W3STT1EQ,3,469.67,1409.01
261,100033,SKU-HSAHXTHV3A,2,720.72,1441.44
262,100531,SKU-5M9J98CWN2,3,503.91,1511.73
263,100207,SKU-TEMPXKC5I8,4,1889.11,7556.44
264,100969,SKU-30T9NT3W5U,5,1810.72,9053.6
265,100673,SKU-PGYVYV2GQU,2,886.47,1772.94
266,100298,SKU-6US7RP422T,5,500.3,2501.5
267,100521,SKU-I3TAMVNCZT,5,1720.7,8603.5
268,100093,SKU-URXHW0IC1L,4,534.11,2136.44
269,100413,SKU-ZQY72WX7PT,1,571.65,571.65
270,100370,SKU-FXHKC856WP,1,1537.46,1537.46
271,100408,SKU-T43PT5R5RC,1,509.4,509.4
272,100382,SKU-SK7N8LA100,3,865.3,2595.9
273,100440,SKU-KOTCKEH5SW,1,647.95,647.95
274,100877,SKU-93DXWOR17D,4,1379.95,5519.8
275,100446,SKU-Z8UUG95RLR,3,461.63,1384.89
276,100618,SKU-K6RE4Q6QDY,1,275.27,275.27
277,100616,SKU-E86O3Z0ANI,5,1916.84,9584.2
278,100070,SKU-45BM1ENF31,4,637.13,2548.52
279,100942,SKU-6VGTVYFYK3,4,1703.65,6814.6
280,100083,SKU-F7ZK94YXFI,2,268.4,536.8
281,100208,SKU-QK4LTAHUKW,4,569.07,2276.28
282,100258,SKU-6L01WCNKFH,5,519.39,2596.95
283,100238,SKU-KDTS1FB2VI,4,466.65,1866.6
284,100301,SKU-226PARSG70,2,1105.1,2210.2
285,100231,SKU-WKSHY8NBIQ,4,676.81,2707.24
286,100931,SKU-ZBIKCIDKWN,4,323.33,1293.32
287,100281,SKU-DIHSA7HEZ7,2,405.95,811.9
288,100393,SKU-QEOZ0KZ4Z7,4,717.17,2868.68
289,100417,SKU-4RX6PRYIEJ,3,1205.88,3617.64
290,100205,SKU-6DDFGS3JON,4,528.44,2113.76
291,100263,SKU-NTJLMZ04X0,1,1320.5,1320.5
292,100310,SKU-A34MQA78RA,1,887.49,887.49
293,100858,SKU-RTJ5PHT0HL,3,721.51,2164.53
294,100905,SKU-JCNS6G298C,4,424.94,1699.76
295,100696,SKU-8W2MAIETDN,5,1182.27,5911.35
296,100625,SKU-RC85EHPZRV,4,846.28,3385.12
297,100078,SKU-Y9V86WZS3T,1,101.39,101.39
298,100868,SKU-P7R93FEZEZ,2,1077.55,2155.1
299,100341,SKU-O3XJVOEGI3,3,1131.9,3395.7
300,100812,SKU-CDK36M8JVH,2,712.31,1424.62
301,100561,SKU-3SDYGFLIJI,5,780.06,3900.3
302,100831,SKU-ZIRNK6ZHH3,4,1770.5,7082.0
303,100094,SKU-45ED5GGSJ6,5,492.3,2461.5
304,100769,SKU-71HSSBELRQ,2,1527.42,3054.84
305,100940,SKU-8LYMJ1QI9M,4,870.35,3481.4
306,100350,SKU-9JRNAMZ614,5,1509.53,7547.65
307,100061,SKU-0P92K38P6F,1,1043.28,1043.28
308,100141,SKU-EREV361XSN,1,1102.3,1102.3
309,100841,SKU-QQQ5L2XOIO,3,85.25,255.75
310,100733,SKU-3N3BZT9D31,1,1782.73,1782.73
311,100867,SKU-MM4P61NHVC,1,1823.12,1823.12
312,100110,SKU-FSI159I3HZ,2,1607.7,3215.4
313,100615,SKU-Z52QZSKHZT,1,1278.46,1278.46
314,100526,SKU-8DT8CQ1XGB,1,240.77,240.77
315,100781,SKU-VWY3RZTPLC,2,1083.38,2166.76
316,100670,SKU-OWGZRIXA11,1,1348.45,1348.45
317,100156,SKU-FEN0B09ZIV,1,1267.77,1267.77
318,100538,SKU-6Z1T2XCB3Y,3,1785.3,5355.9
319,100596,SKU-9382KKZMPJ,1,1874.77,1874.77
320,100008,SKU-0ODWMQX5GG,1,900.78,900.78
321,100275,SKU-CRGB93WKCS,3,936.79,2810.37
322,100226,SKU-CY2C11BD2S,2,41.3,82.6
323,100185,SKU-JCSEXGGOC5,1,602.59,602.59
324,100590,SKU-SRYO4RCB1K,5,289.34,1446.7
325,100215,SKU-GX32UEW9G6,2,648.06,1296.12
326,100432,SKU-CWI64CIYHE,2,1280.49,2560.98
327,100568,SKU-UHXID4N1U3,1,947.39,947.39
328,100655,SKU-RDPXDFOVD7,3,470.84,1412.52
329,100355,SKU-5XJXNECRYS,2,1361.04,2722.08
330,100842,SKU-4RX6PRYIEJ,3,1205.88,3617.64
331,100391,SKU-1NLC8JPR7V,5,1512.5,7562.5
332,100578,SKU-A1WJ0TPAC5,3,1979.39,5938.17
333,100274,SKU-SUFLSEHUDS,4,529.81,2119.24
334,100493,SKU-PKIANOUOF0,3,1382.47,4147.41
335,100616,SKU-9382KKZMPJ,2,1874.77,3749.54
336,100450,SKU-9C9MV9E40K,3,1086.53,3259.59
337,100419,SKU-PW2GKQRAFF,3,195.5,586.5
338,100984,SKU-ANJ4X5A5XI,4,932.77,3731.08
339,100699,SKU-O3XJVOEGI3,4,1131.9,4527.6
340,100163,SKU-3FPOYIPK0Q,1,430.69,430.69
341,100778,SKU-MVRYDC1AU9,2,1195.18,2390.36
342,100562,SKU-2WSPOFV177,1,1521.8,1521.8
343,100637,SKU-D1IVXAN25W,4,78.37,313.48
344,100591,SKU-PVS7HZIOYK,3,497.22,1491.66
345,100182,SKU-TDHHLMH1T9,4,1431.09,5724.36
346,100309,SKU-7P9MDA9OEK,5,1284.05,6420.25
347,100016,SKU-SWEBNVG5VM,3,1043.84,3131.52
348,100445,SKU-8QZPKY32OR,1,850.77,850.77
349,100169,SKU-XXVA2IEUC1,3,573.23,1719.69
350,100279,SKU-6TCFKJNAWN,5,385.4,1927.0
351,100912,SKU-W1VZC7D2KD,4,724.77,2899.08
352,100815,SKU-UPUY0ZIA9A,2,1342.4,2684.8
353,100339,SKU-V4KFQ5DZ53,2,1345.51,2691.02
354,100725,SKU-R4KZ36U8UE,2,1638.75,3277.5
355,100709,SKU-YCZ04CDPQV,4,1843.28,7373.12
356,100518,SKU-G3XG0TRKY8,2,1360.53,2721.06
357,100909,SKU-MENUI3DO70,5,204.49,1022.45
358,100010,SKU-050UI22KX7,4,691.82,2767.28
359,100523,SKU-W1WUDCBL4C,2,1868.43,3736.86
360,100621,SKU-JGXAA2ILGB,1,6.28,6.28
361,100132,SKU-LEMX15Z8VM,4,1144.0,4576.0
362,100900,SKU-YR06NKWFG3,4,1862.67,7450.68
363,100639,SKU-MOTCG06XR3,3,332.6,997.8
364,100147,SKU-7DYPMLVAK9,2,663.71,1327.42
365,100565,SKU-2837C6QC6K,1,1794.43,1794.43
366,100822,SKU-GBIBF57J2X,5,346.09,1730.45
367,100953,SKU-Z0HR9T9CD1,4,188.59,754.36
368,100078,SKU-VWY3RZTPLC,5,1083.38,5416.9
369,100345,SKU-DQZ05EV5KZ,5,579.08,2895.4
370,100608,SKU-KD9GNLPYO2,5,76.26,381.3
371,100248,SKU-ARAGDX5O31,3,1022.39,3067.17
372,100638,SKU-82795E5IZ3,5,1120.23,5601.15
373,100541,SKU-P767J2DG1W,2,1792.78,3585.56
374,100023,SKU-EHOU6QLZ2R,2,221.4,442.8
375,100470,SKU-UDQVDK6DRN,1,1717.7,1717.7
376,100200,SKU-BLEJGUBLMN,1,257.48,257.48
377,100130,SKU-FXHKC856WP,5,1537.46,7687.3
378,100633,SKU-NVC7HR6C2C,5,1726.51,8632.55
379,100355,SKU-0WBGLMY62X,3,1151.6,3454.8
380,100943,SKU-7W7JP61LFC,5,989.88,4949.4
381,100838,SKU-5XJXNECRYS,5,1361.04,6805.2
382,100149,SKU-LEMX15Z8VM,5,1144.0,5720.0
383,100525,SKU-4ORAC8CYNL,4,445.32,1781.28
384,100303,SKU-6XGZ7CTM09,4,1649.65,6598.6
385,100540,SKU-UDC62G3AUT,3,1453.09,4359.27
386,100049,SKU-5YWX0I3A4K,3,713.79,2141.37
387,100463,SKU-LB25485HCQ,2,1481.49,2962.98
388,100239,SKU-GAD7X48WZE,3,919.93,2759.79
389,100481,SKU-UPFLN4RXYJ,2,1875.52,3751.04
390,100905,SKU-6W51OB537Q,5,1380.44,6902.2
391,100454,SKU-K1DJRWEDBC,3,297.96,893.88
392,100984,SKU-5935A0L725,3,1653.15,4959.45
393,100282,SKU-9BC2BE3YQY,3,519.4,1558.2
394,100334,SKU-CYWE3DKS4F,2,1704.53,3409.06
395,100351,SKU-6CCVCJWTL9,2,1726.08,3452.16
396,100667,SKU-BC2SWSOZCT,1,275.1,275.1
397,100648,SKU-PRCJIWVHDK,2,1057.65,2115.3
398,100326,SKU-S52SQ3B9SO,2,1057.52,2115.04
399,100335,SKU-9382KKZMPJ,4,1874.77,7499.08
400,100665,SKU-DW2ZCFZW0L,3,780.63,2341.89
401,100994,SKU-RUM2LHGCSO,2,238.39,476.78
402,100080,SKU-ONXD70FE07,3,1103.49,3310.47
403,100086,SKU-0LZIGIKQWJ,3,1875.88,5627.64
404,100775,SKU-8HMBR5XQT4,4,654.52,2618.08
405,100257,SKU-AYYOV84FC3,3,883.66,2650.98
406,100990,SKU-NGZ6WMDW0F,2,742.71,1485.42
407,100184,SKU-AN085RNTDR,3,1331.07,3993.21
408,100691,SKU-EAVT8K06MO,1,1170.54,1170.54
409,100697,SKU-2IAGL58KXO,1,752.1,752.1
410,100122,SKU-QZFHOMTZZF,4,1151.82,4607.28
411,100888,SKU-AWE429OMUW,2,503.91,1007.82
412,100095,SKU-JFVYB6LI07,4,746.02,2984.08
413,100604,SKU-VHOTQF74RQ,1,488.62,488.62
414,100514,SKU-IWI08L0HG9,2,250.83,501.66
415,100903,SKU-O5URTXUYUC,3,1357.87,4073.61
416,100442,SKU-5XJXNECRYS,2,1361.04,2722.08
417,100513,SKU-DYT9MOGE4Q,5,605.72,3028.6
418,100990,SKU-W9HEYCE4QG,2,498.63,997.26
419,100957,SKU-OU9IY4X41D,3,1491.7,4475.1
420,100370,SKU-RWTF07GBAS,5,1819.15,9095.75
421,100304,SKU-3SR5RUP13W,4,1780.76,7123.04
422,100356,SKU-C6LBPJ8T22,2,1332.57,2665.14
423,100147,SKU-YLURTP0LZJ,4,374.42,1497.68
424,100284,SKU-RDSFERFXIO,2,1258.16,2516.32
425,100656,SKU-JLZFFLB7WX,1,177.97,177.97
426,100841,SKU-GYGGSNPUEV,1,1406.58,1406.58
427,100872,SKU-8EKXDRKZ40,3,1664.78,4994.34
428,100917,SKU-K0GET8T63J,1,1245.89,1245.89
429,100261,SKU-7DYPMLVAK9,5,663.71,3318.55
430,100573,SKU-G3XG0TRKY8,5,1360.53,6802.65
431,100490,SKU-M5HGBO06FH,2,345.79,691.58
432,100737,SKU-L1CQ99CHJ7,4,621.64,2486.56
433,100030,SKU-SXLMT2PNJK,5,1903.76,9518.8
434,100701,SKU-4IVSOLMLGS,2,1164.1,2328.2
435,100886,SKU-HHPBMYOFQE,4,1871.53,7486.12
436,100267,SKU-6VGTVYFYK3,1,1703.65,1703.65
437,100011,SKU-XCCSG4OFDT,2,1442.02,2884.04
438,100190,SKU-9T7E8G8JDP,4,508.3,2033.2
439,100399,SKU-HX2KBVSIGB,3,538.54,1615.62
440,100536,SKU-GLH62C9T19,3,1037.58,3112.74
441,100917,SKU-1POXRTEO2T,5,1567.24,7836.2
442,100090,SKU-ODRO8BNP84,4,1070.29,4281.16
443,100599,SKU-XVKDC9X5JZ,3,1034.56,3103.68
444,100843,SKU-M0L2LJK4Q5,5,400.03,2000.15
445,100500,SKU-2LR0JY32HO,2,1152.87,2305.74
446,100785,SKU-VB66H3REM5,2,1408.48,2816.96
447,100300,SKU-1BJ9RM7PYX,4,1194.87,4779.48
448,100110,SKU-QQNVCEQFGA,4,1640.52,6562.08
449,100079,SKU-AN8ND7G0L3,4,271.14,1084.56
450,100835,SKU-LHYL2LD05N,4,1852.5,7410.0
451,100651,SKU-5P03WVPUNW,3,621.56,1864.68
452,100432,SKU-URMWUECPNC,3,265.39,796.17
453,100416,SKU-7C3DD03UVU,5,1988.53,9942.65
454,100213,SKU-TLCXLVPYMB,3,1118.59,3355.77
455,100446,SKU-NTJLMZ04X0,2,1320.5,2641.0
456,100017,SKU-YH523GGODL,5,85.32,426.6
457,100053,SKU-0V5DTAEGRY,3,1599.39,4798.17
458,100879,SKU-EK0Q929U6W,4,60.21,240.84
459,100608,SKU-HX2KBVSIGB,3,538.54,1615.62
460,100794,SKU-CDYK0X65MU,1,1788.11,1788.11
461,100745,SKU-ZN4REGB1AJ,5,367.56,1837.8
462,100978,SKU-TQVDZ4X1ZH,3,899.36,2698.08
463,100239,SKU-I10KQSOSX4,3,679.18,2037.54
464,100845,SKU-94SZ2KUUOY,2,1449.87,2899.74
465,100920,SKU-W79WCXZ2EI,4,980.96,3923.84
466,100417,SKU-8DH9PTFNM8,4,664.42,2657.68
467,100855,SKU-P49KWV08HH,2,292.46,584.92
468,100485,SKU-LH2R9PEGLN,2,1166.23,2332.46
469,100443,SKU-GB7R3OCWBF,1,1350.31,1350.31
470,100565,SKU-WKON8UUJS7,5,1765.93,8829.65
471,100598,SKU-5PEPL7ZQPP,4,806.02,3224.08
472,100772,SKU-RGYBXKPM21,2,1944.97,3889.94
473,100747,SKU-VRN8LPY857,2,1961.02,3922.04
474,100122,SKU-0WBGLMY62X,5,1151.6,5758.0
475,100419,SKU-0WBGLMY62X,2,1151.6,2303.2
476,100565,SKU-VEDHR3PCEO,1,377.95,377.95
477,100215,SKU-XYJOA21A6X,5,1404.61,7023.05
478,100419,SKU-7RV4NMWVSB,1,248.69,248.69
479,100708,SKU-8S2XQUZS9M,3,120.65,361.95
480,100550,SKU-ECJUIS2GY9,4,1637.8,6551.2
481,100965,SKU-CMRSEZYTKW,2,1366.56,2733.12
482,100876,SKU-W79WCXZ2EI,5,980.96,4904.8
483,100227,SKU-8EKXDRKZ40,1,1664.78,1664.78
484,100236,SKU-38XRG2GZR7,4,1986.42,7945.68
485,100643,SKU-0UHK7X3BQW,4,912.45,3649.8
486,100329,SKU-RTZ5TV6G8O,2,578.19,1156.38
487,100832,SKU-RUM2LHGCSO,4,238.39,953.56
488,100468,SKU-BGL2MCXN2E,2,940.39,1880.78
489,100679,SKU-1TH1XJG2Y8,3,124.81,374.43
490,100486,SKU-WNPR424TKB,2,1913.51,3827.02
491,100548,SKU-OM2ZKF5B1S,1,159.6,159.6
492,100578,SKU-OMF9PML9LN,4,866.61,3466.44
493,100622,SKU-F9S9EHWHG0,4,282.97,1131.88
494,100414,SKU-C50B8Y5DNW,4,1401.12,5604.48
495,100218,SKU-2ITL8N3E54,2,1748.53,3497.06
496,100720,SKU-KPS0DXME4P,5,1541.25,7706.25
497,100380,SKU-2AN417VF0J,2,348.62,697.24
498,100086,SKU-PCWE4C1V47,1,868.76,868.76
499,100460,SKU-K5J42OI6OA,2,56.54,113.08
500,100814,SKU-R2YKCCPRHV,4,731.13,2924.52
501,100410,SKU-OAU8P1WKIS,3,919.06,2757.18
502,100690,SKU-WGWAJ1G1R1,1,1051.23,1051.23
503,100915,SKU-XQ8VA8X8L0,3,1353.74,4061.22
504,100524,SKU-9BXF445CRI,1,1393.71,1393.71
505,100446,SKU-NNV9IBWGT2,1,1327.13,1327.13
506,100299,SKU-SKP6RFE64S,4,1069.35,4277.4
507,100407,SKU-URXHW0IC1L,2,534.11,1068.22
508,100636,SKU-C3RWQMMU7J,4,1600.1,6400.4
509,100374,SKU-0IT26YS445,4,1420.53,5682.12
510,100232,SKU-25SQ8CROYR,4,975.21,3900.84
511,100762,SKU-ZR3RZN9L3H,3,610.49,1831.47
512,100898,SKU-E4PA8HYEXF,1,1509.2,1509.2
513,100637,SKU-74RS7GU0EN,5,490.15,2450.75
514,100746,SKU-RI09M0G8W8,2,1131.91,2263.82
515,100649,SKU-RYLLWB7SJW,4,331.99,1327.96
516,100960,SKU-493WXA73JG,1,993.9,993.9
517,100048,SKU-A1WJ0TPAC5,2,1979.39,3958.78
518,100891,SKU-FTOUHYLU6K,5,582.03,2910.15
519,100185,SKU-KPS0DXME4P,5,1541.25,7706.25
520,100204,SKU-R1930I6G61,4,686.15,2744.6
521,100077,SKU-RMWLMA6GMD,5,697.83,3489.15
522,100480,SKU-60RJIW1SWJ,5,1744.32,8721.6
523,100385,SKU-VSLWF90KM3,2,639.5,1279.0
524,100193,SKU-FM8ZOV7LN2,2,625.22,1250.44
525,100102,SKU-2OOUXQS1FO,4,1796.5,7186.0
526,100616,SKU-WKSHY8NBIQ,1,676.81,676.81
527,100375,SKU-R4KZ36U8UE,4,1638.75,6555.0
528,100286,SKU-PRCJIWVHDK,3,1057.65,3172.95
529,100835,SKU-7S55J2O7S3,5,36.12,180.6
530,100481,SKU-983EP9P9W4,1,1449.14,1449.14
531,100722,SKU-2IAGL58KXO,2,752.1,1504.2
532,100249,SKU-1TH1XJG2Y8,3,124.81,374.43
533,100804,SKU-7FXZV4U3BB,3,1876.13,5628.39
534,100200,SKU-Y4KL9ARYEA,5,697.47,3487.35
535,100535,SKU-O6OUZ1EGNT,2,84.44,168.88
536,100460,SKU-M08TV4REAS,1,987.79,987.79
537,100299,SKU-SXLMT2PNJK,2,1903.76,3807.52
538,100477,SKU-7FR91IPWH0,5,256.04,1280.2
539,100082,SKU-69UGNEKRCP,3,866.51,2599.53
540,100808,SKU-2AB2RVNDFD,5,1212.67,6063.35
541,100457,SKU-153SFLSE45,4,324.19,1296.76
542,100690,SKU-NOG85D4F2K,3,1028.35,3085.05
543,100297,SKU-DQZ05EV5KZ,5,579.08,2895.4
544,100363,SKU-53UY8U118Q,1,1108.05,1108.05
545,100717,SKU-3R30ME8F84,1,116.58,116.58
546,100039,SKU-69UGNEKRCP,1,866.51,866.51
547,100815,SKU-LOQC3XNCHK,4,1216.71,4866.84
548,100624,SKU-6N6975J2D8,2,289.07,578.14
549,100339,SKU-NGZ6WMDW0F,1,742.71,742.71
550,100515,SKU-O4Z533ZSMV,4,1377.21,5508.84
551,100997,SKU-GB7R3OCWBF,1,1350.31,1350.31
552,100107,SKU-CJG8VUAZXK,4,203.58,814.32
553,100315,SKU-X8HBBJCDIW,1,559.69,559.69
554,100113,SKU-38XRG2GZR7,2,1986.42,3972.84
555,100166,SKU-ANJ4X5A5XI,5,932.77,4663.85
556,100260,SKU-08UHBXLBC8,1,354.72,354.72
557,100617,SKU-0YEHVDO9KH,5,1669.9,8349.5
558,100223,SKU-D0771HLL9R,1,492.41,492.41
559,100261,SKU-EDTCXNMJ5I,2,1115.59,2231.18
560,100250,SKU-4R9V4K00IL,5,1539.61,7698.05
561,100525,SKU-2OHKBM00E9,4,498.12,1992.48
562,100709,SKU-7ZEOQGVZHQ,1,1216.01,1216.01
563,100125,SKU-RHT7ZEWVIY,1,287.36,287.36
564,100205,SKU-HMEWCJN6OC,4,170.11,680.44
565,100139,SKU-X3VPF9PAVC,2,1265.12,2530.24
566,100061,SKU-FTOUHYLU6K,3,582.03,1746.09
567,100282,SKU-1P0VUH17J8,1,1105.49,1105.49
568,100053,SKU-P49KWV08HH,4,292.46,1169.84
569,100345,SKU-5P03WVPUNW,3,621.56,1864.68
570,100523,SKU-M0L2LJK4Q5,1,400.03,400.03
571,100135,SKU-R97Y2LOFN1,5,857.65,4288.25
572,100329,SKU-N9DL5TGSQ7,4,1314.52,5258.08
573,100143,SKU-OZX25QBRMQ,5,742.64,3713.2
574,100435,SKU-RTJ5PHT0HL,2,721.51,1443.02
575,100281,SKU-31YIHAIR4C,3,1579.17,4737.51
576,100135,SKU-GTY3ADDQHK,4,518.99,2075.96
577,100488,SKU-VEDHR3PCEO,1,377.95,377.95
578,100812,SKU-FC1XX6CWZX,1,1014.44,1014.44
579,100732,SKU-OC1YFMHBYH,3,1165.45,3496.35
580,100851,SKU-GLH62C9T19,5,1037.58,5187.9
581,100720,SKU-K5J42OI6OA,5,56.54,282.7
582,100914,SKU-CW2LBM2QSQ,4,1499.99,5999.96
583,100400,SKU-CCU3FG00ZK,4,1383.92,5535.68
584,100870,SKU-SKOYTK06AK,5,1078.43,5392.15
585,100891,SKU-2OHKBM00E9,4,498.12,1992.48
586,100448,SKU-SRYO4RCB1K,5,289.34,1446.7
587,100634,SKU-NKDAT5L0N2,3,551.0,1653.0
588,100627,SKU-45ED5GGSJ6,4,492.3,1969.2
589,100668,SKU-ZKW3GI60Q6,5,1542.88,7714.4
590,100269,SKU-MNHIE9EDE1,4,183.88,735.52
591,100016,SKU-LHYL2LD05N,1,1852.5,1852.5
592,100268,SKU-109DCNWMBX,1,1899.15,1899.15
593,100860,SKU-8S2XQUZS9M,2,120.65,241.3
594,100481,SKU-4RX6PRYIEJ,5,1205.88,6029.4
595,100218,SKU-WW4FYB8DAL,2,157.33,314.66
596,100318,SKU-C0Y0BHF0RI,5,1204.24,6021.2
597,100237,SKU-0P82KB700U,4,147.42,589.68
598,100544,SKU-226PARSG70,5,1105.1,5525.5
599,100284,SKU-SRYO4RCB1K,1,289.34,289.34
600,100036,SKU-4GH2M5ZJA8,4,987.56,3950.24
601,100102,SKU-JGXAA2ILGB,1,6.28,6.28
602,100722,SKU-EZP7QYEZG5,4,702.61,2810.44
603,100429,SKU-7F6FDHGZZ0,5,299.39,1496.95
604,100791,SKU-KBCBDPDXUJ,5,1909.84,9549.2
605,100653,SKU-NCBEKGV1BB,1,1691.5,1691.5
606,100238,SKU-1W1HT7PZE9,3,1705.55,5116.65
607,100740,SKU-7UR23GDPPQ,5,1141.82,5709.1
608,100644,SKU-0P82KB700U,3,147.42,442.26
609,100124,SKU-OR7875AUD9,4,978.78,3915.12
610,100564,SKU-5ELTFEBE54,3,934.49,2803.47
611,100599,SKU-6US7RP422T,1,500.3,500.3
612,100609,SKU-LJEFY3ZB4L,2,511.23,1022.46
613,100881,SKU-2292MTR6SN,2,1139.93,2279.86
614,100606,SKU-LI6978V0BJ,1,1675.25,1675.25
615,100925,SKU-7P9MDA9OEK,2,1284.05,2568.1
616,100187,SKU-109DCNWMBX,1,1899.15,1899.15
617,100887,SKU-ANJ4X5A5XI,5,932.77,4663.85
618,100255,SKU-7BXCD20J1O,3,1403.92,4211.76
619,100584,SKU-YCZ04CDPQV,2,1843.28,3686.56
620,100986,SKU-ZY9YLW5L4R,5,1888.04,9440.2
621,100923,SKU-GMD478MFS0,2,994.22,1988.44
622,100873,SKU-7BXCD20J1O,4,1403.92,5615.68
623,100793,SKU-4V1QX8ERTB,1,1562.31,1562.31
624,100529,SKU-3NWXROG983,1,1471.83,1471.83
625,100675,SKU-XAJI0Y6DPB,5,1942.82,9714.1
626,100391,SKU-AMB3LPVOWC,4,1551.39,6205.56
627,100657,SKU-55NF4ZW9XA,3,1771.18,5313.54
628,100467,SKU-GRF1HX6ZDC,4,1044.08,4176.32
629,100825,SKU-64JWTEKTSG,4,1361.03,5444.12
630,100252,SKU-8MTK0RSOGG,3,30.02,90.06
631,100671,SKU-XJ0MQVINDH,3,211.62,634.86
632,100860,SKU-GTY3ADDQHK,4,518.99,2075.96
633,100560,SKU-FCD6MZSGIP,2,1873.25,3746.5
634,100175,SKU-OC1YFMHBYH,2,1165.45,2330.9
635,100465,SKU-FSI159I3HZ,4,1607.7,6430.8
636,100838,SKU-WBBADLYPGG,2,883.08,1766.16
637,100576,SKU-38XRG2GZR7,3,1986.42,5959.26
638,100987,SKU-5M9J98CWN2,3,503.91,1511.73
639,100288,SKU-6T4UFEL624,2,1998.63,3997.26
640,100049,SKU-MNHIE9EDE1,3,183.88,551.64
641,100003,SKU-FEN0B09ZIV,1,1267.77,1267.77
642,100630,SKU-GN0T6DVWRB,3,1423.64,4270.92
643,100851,SKU-Y4V8URID3U,4,1052.73,4210.92
644,100884,SKU-HZBGTJ5469,5,1987.54,9937.7
645,100499,SKU-PQAHCUA09P,2,1448.85,2897.7
646,100675,SKU-RC85EHPZRV,2,846.28,1692.56
647,100222,SKU-Z83Y0224WK,3,336.55,1009.65
648,100869,SKU-IXZAREIYAZ,3,61.03,183.09
649,100667,SKU-CGBSVK3X8M,5,752.16,3760.8
650,100898,SKU-PNSM43D8W3,5,1349.0,6745.0
651,100261,SKU-UJV6OH9SDB,4,1944.33,7777.32
652,100684,SKU-ZBIKCIDKWN,1,323.33,323.33
653,100534,SKU-Y5SIC4S8PN,4,986.38,3945.52
654,100902,SKU-ZLMA5UOFWB,2,1618.51,3237.02
655,100375,SKU-YH523GGODL,3,85.32,255.96
656,100060,SKU-BA5MF36BCP,4,720.1,2880.4
657,100355,SKU-CIFLWDR3VW,3,44.26,132.78
658,100832,SKU-V5G10UR5L8,3,1858.4,5575.2
659,100645,SKU-CGVYIE6IVW,4,1160.47,4641.88
660,100023,SKU-F5GZPL1QWE,4,663.44,2653.76
661,100292,SKU-2K8RYQF8WX,5,1313.35,6566.75
662,100556,SKU-MIH6MV4XEK,1,454.23,454.23
663,100690,SKU-NTJLMZ04X0,5,1320.5,6602.5
664,100355,SKU-HH5LF6A4FE,1,781.97,781.97
665,100983,SKU-4GH2M5ZJA8,4,987.56,3950.24
666,100869,SKU-5BCW790PDW,1,1489.81,1489.81
667,100940,SKU-S65QU0K5QZ,2,1393.51,2787.02
668,100574,SKU-PW2GKQRAFF,5,195.5,977.5
669,100028,SKU-39AYQ6WW8Y,5,154.12,770.6
670,100356,SKU-WZ940VTKRR,5,1802.24,9011.2
671,100364,SKU-O6OUZ1EGNT,3,84.44,253.32
672,100607,SKU-2K8RYQF8WX,3,1313.35,3940.05
673,100408,SKU-R97Y2LOFN1,4,857.65,3430.6
674,100265,SKU-1T53YKYYDU,4,1505.21,6020.84
675,100290,SKU-JJA26YFPMV,3,1799.66,5398.98
676,100566,SKU-PKIANOUOF0,5,1382.47,6912.35
677,100152,SKU-ZPEAL2W37D,3,862.82,2588.46
678,100218,SKU-2SEHE2ATN2,1,301.65,301.65
679,100172,SKU-J9HVCHRM3W,5,887.55,4437.75
680,100607,SKU-XJ0MQVINDH,3,211.62,634.86
681,100634,SKU-TVMK2ZYZSI,4,283.09,1132.36
682,100011,SKU-18K0AXYCEL,3,1064.11,3192.33
683,100515,SKU-OC1YFMHBYH,2,1165.45,2330.9
684,100361,SKU-HL1N13JCAT,3,1088.3,3264.9
685,100857,SKU-2KRE4V9KYP,5,1524.92,7624.6
686,100578,SKU-TN9UZERYF0,3,1875.84,5627.52
687,100656,SKU-LZSE99F77L,4,901.35,3605.4
688,100968,SKU-BLEJGUBLMN,1,257.48,257.48
689,100476,SKU-8QZPKY32OR,2,850.77,1701.54
690,100576,SKU-U8EL5015OO,5,1101.31,5506.55
691,100081,SKU-FM8ZOV7LN2,4,625.22,2500.88
692,100616,SKU-38DALY8OZC,2,532.8,1065.6
693,100692,SKU-DU0ISB5IQN,3,1203.08,3609.24
694,100339,SKU-ZOD05JH2MK,2,948.02,1896.04
695,100440,SKU-ODRO8BNP84,1,1070.29,1070.29
696,100616,SKU-XFGCAQVKIZ,2,1745.8,3491.6
697,100225,SKU-ZRKBFQXLBV,2,1234.76,2469.52
698,100370,SKU-DZX5QJICJD,3,1016.5,3049.5
699,100027,SKU-2K8RYQF8WX,3,1313.35,3940.05
700,100994,SKU-9DXOQ2VPGS,5,846.51,4232.55
701,100015,SKU-UWRXZE1HM3,3,1240.67,3722.01
702,100276,SKU-WNPR424TKB,2,1913.51,3827.02
703,100332,SKU-UVY8N1UTOX,1,276.08,276.08
704,100482,SKU-V7C6S5NKB4,3,102.82,308.46
705,100809,SKU-FWYJXRPJ1E,5,780.99,3904.95
706,100565,SKU-DXO100VHMY,5,1957.92,9789.6
707,100287,SKU-JQY3ODSX4N,2,1046.42,2092.84
708,100113,SKU-8W2MAIETDN,3,1182.27,3546.81
709,100037,SKU-U6VFUA9BQ1,3,643.33,1929.99
710,100453,SKU-IN3OEUVTYT,5,931.28,4656.4
711,100881,SKU-LQJSQCZ0N0,3,115.95,347.85
712,100741,SKU-QEOZ0KZ4Z7,2,717.17,1434.34
713,100165,SKU-ZBIKCIDKWN,1,323.33,323.33
714,100693,SKU-3KX7EEDTJV,2,599.72,1199.44
715,100955,SKU-7VSYJAFCO3,3,1690.5,5071.5
716,100204,SKU-KJ4YK1B3D5,2,1917.18,3834.36
717,100877,SKU-MENUI3DO70,4,204.49,817.96
718,100244,SKU-WIXZ2C9ROS,4,1699.41,6797.64
719,100870,SKU-HGNZEI3ZRR,3,85.16,255.48
720,100332,SKU-5Y6Q8SJY5O,3,1823.93,5471.79
721,100942,SKU-Z52QZSKHZT,1,1278.46,1278.46
722,100395,SKU-3VOB5APO4L,2,150.36,300.72
723,100820,SKU-C0TR58PS0R,1,692.45,692.45
724,100506,SKU-DU0ISB5IQN,3,1203.08,3609.24
725,100928,SKU-RDSFERFXIO,3,1258.16,3774.48
726,100923,SKU-JKIBU4FMPK,5,914.4,4572.0
727,100120,SKU-79QTKCD0RL,1,449.21,449.21
728,100258,SKU-DR2H2P39YL,3,1464.42,4393.26
729,100721,SKU-3KX7EEDTJV,4,599.72,2398.88
730,100409,SKU-G1VED32LX2,5,1653.89,8269.45
731,100309,SKU-NCBEKGV1BB,2,1691.5,3383.0
732,100807,SKU-DBVZB0OIH5,5,514.75,2573.75
733,100705,SKU-MZB3I4FIEE,2,1734.64,3469.28
734,100067,SKU-QLGZUI1B0Z,4,1038.95,4155.8
735,100113,SKU-U2GC5WI6FQ,2,1994.69,3989.38
736,100219,SKU-3WFSQG8X80,1,1488.87,1488.87
737,100219,SKU-109DCNWMBX,2,1899.15,3798.3
738,100472,SKU-7DCBHHLK3Y,2,79.92,159.84
739,100729,SKU-CMRSEZYTKW,5,1366.56,6832.8
740,100748,SKU-0UY9F8P47D,4,867.37,3469.48
741,100942,SKU-GA41IZXTNS,2,645.02,1290.04
742,100385,SKU-KWE4BX4LR9,1,1149.0,1149.0
743,100297,SKU-QB6GS8G8TA,5,1483.63,7418.15
744,100929,SKU-SXLMT2PNJK,4,1903.76,7615.04
745,100605,SKU-3SDYGFLIJI,4,780.06,3120.24
746,100252,SKU-ZZRJO7VBHH,3,1776.29,5328.87
747,100404,SKU-3WFSQG8X80,1,1488.87,1488.87
748,100491,SKU-6UB7L8V1ZO,5,1701.07,8505.35
749,100356,SKU-TQVDZ4X1ZH,5,899.36,4496.8
750,100427,SKU-03ZB5GRO9X,1,1797.06,1797.06
751,100214,SKU-6US7RP422T,4,500.3,2001.2
752,100992,SKU-47EN48NYSJ,2,377.58,755.16
753,100379,SKU-WBBADLYPGG,1,883.08,883.08
754,100769,SKU-SZDXIMYN4U,5,424.7,2123.5
755,100858,SKU-0LZIGIKQWJ,1,1875.88,1875.88
756,100751,SKU-VQT3G8CD31,4,1450.59,5802.36
757,100826,SKU-L1CQ99CHJ7,3,621.64,1864.92
758,100213,SKU-OTOHP6VZ41,3,1121.21,3363.63
759,100097,SKU-97PWDBOLWI,2,500.85,1001.7
760,100527,SKU-RUM2LHGCSO,2,238.39,476.78
761,100915,SKU-LC58DRC11E,4,1213.38,4853.52
762,100665,SKU-MNHIE9EDE1,2,183.88,367.76
763,100527,SKU-3SDYGFLIJI,3,780.06,2340.18
764,100709,SKU-FTOUHYLU6K,4,582.03,2328.12
765,100619,SKU-MD6X73ZCA7,4,1253.11,5012.44
766,100534,SKU-A8NZXC45BN,4,1032.03,4128.12
767,100553,SKU-8IJL2Z0LJC,1,1826.99,1826.99
768,100548,SKU-KBRH7LAY64,2,1253.4,2506.8
769,100327,SKU-GDEJ31GYMD,5,1165.91,5829.55
770,100901,SKU-WZ940VTKRR,3,1802.24,5406.72
771,100164,SKU-O3XJVOEGI3,2,1131.9,2263.8
772,100115,SKU-DL7FKNDG1J,3,214.95,644.85
773,100149,SKU-G3XG0TRKY8,2,1360.53,2721.06
774,100517,SKU-CY2C11BD2S,5,41.3,206.5
775,100031,SKU-PVS7HZIOYK,3,497.22,1491.66
776,100656,SKU-9DXOQ2VPGS,5,846.51,4232.55
777,100805,SKU-C3RWQMMU7J,3,1600.1,4800.3
778,100912,SKU-ZHWJR64DPJ,1,1492.9,1492.9
779,100292,SKU-XF50I6GBXQ,1,672.7,672.7
780,100918,SKU-JQY3ODSX4N,3,1046.42,3139.26
781,100688,SKU-M5HGBO06FH,3,345.79,1037.37
782,100956,SKU-UDKTMONRVB,5,101.2,506.0
783,100176,SKU-XOMXLVZ4QK,4,32.08,128.32
784,100060,SKU-CZUCQMRUNJ,3,825.57,2476.71
785,100588,SKU-9HOTGDUQ6D,2,1355.26,2710.52
786,100415,SKU-7ODKEF828X,2,531.35,1062.7
787,100382,SKU-WKON8UUJS7,2,1765.93,3531.86
788,100597,SKU-IYZVNLPA5C,1,812.37,812.37
789,100702,SKU-DALMJEGQTO,5,1779.18,8895.9
790,100006,SKU-Y4LYK83TQL,1,766.09,766.09
791,100917,SKU-XXVA2IEUC1,2,573.23,1146.46
792,100084,SKU-992QC6DR08,3,93.32,279.96
793,100773,SKU-9OI0D4DMC2,2,97.28,194.56
794,100956,SKU-WEIJMMB5JF,3,912.34,2737.02
795,100397,SKU-FXLOZ2RCU8,5,1844.12,9220.6
796,100911,SKU-YAR821UZVG,4,1908.95,7635.8
797,100770,SKU-30T9NT3W5U,3,1810.72,5432.16
798,100392,SKU-KPG3DP4FMP,1,90.54,90.54
799,100046,SKU-F86LTHET25,2,1782.34,3564.68
800,100340,SKU-JZP97BMZRR,2,1764.25,3528.5
801,100497,SKU-HGNZEI3ZRR,2,85.16,170.32
802,100605,SKU-ALQ5U6JZV9,3,1404.5,4213.5
803,100477,SKU-THD3IGK38V,5,1091.34,5456.7
804,100425,SKU-3D6M1FMPRY,3,1895.09,5685.27
805,100425,SKU-8HMBR5XQT4,1,654.52,654.52
806,100735,SKU-AN085RNTDR,2,1331.07,2662.14
807,100790,SKU-LZN9UHJPKH,3,290.84,872.52
808,100514,SKU-HEJLA0GNZS,2,150.53,301.06
809,100128,SKU-XLUL6LGJLP,1,970.19,970.19
810,100834,SKU-MNHIE9EDE1,4,183.88,735.52
811,100248,SKU-IYZVNLPA5C,4,812.37,3249.48
812,100740,SKU-FYO1750CEH,4,196.04,784.16
813,100838,SKU-P6BEFFLZM7,2,1100.75,2201.5
814,100130,SKU-EXDW6LQWLV,3,1307.95,3923.85
815,100739,SKU-8LW2LM349E,2,549.44,1098.88
816,100688,SKU-RWTF07GBAS,5,1819.15,9095.75
817,100322,SKU-TZ0YNCXLL4,3,285.95,857.85
818,100822,SKU-02G3YU6VK0,1,1867.39,1867.39
819,100899,SKU-0X7ZCGDC5T,4,676.68,2706.72
820,100542,SKU-UEUGWUBUGR,3,751.1,2253.3
821,100065,SKU-2LR0JY32HO,3,1152.87,3458.61
822,100717,SKU-JGXAA2ILGB,4,6.28,25.12
823,100100,SKU-VEDHR3PCEO,1,377.95,377.95
824,100831,SKU-3QSQCQ30O3,2,679.19,1358.38
825,100030,SKU-82795E5IZ3,2,1120.23,2240.46
826,100884,SKU-1T2TALA753,3,1367.73,4103.19
827,100190,SKU-LHYL2LD05N,4,1852.5,7410.0
828,100577,SKU-IYM90PKR1I,5,785.91,3929.55
829,100414,SKU-B34KUQAAJ8,1,1990.16,1990.16
830,100814,SKU-P6NLNQBU4K,2,477.45,954.9
831,100746,SKU-9BC2BE3YQY,1,519.4,519.4
832,100789,SKU-UOV6TT9Q1N,1,1797.85,1797.85
833,100713,SKU-X63CFL0UKE,1,1184.2,1184.2
834,100499,SKU-XF50I6GBXQ,4,672.7,2690.8
835,100861,SKU-V9DT94G8V9,4,1049.54,4198.16
836,100736,SKU-4R9V4K00IL,4,1539.61,6158.44
837,100594,SKU-J9HVCHRM3W,3,887.55,2662.65
838,100045,SKU-ONJPI163YK,4,1151.49,4605.96
839,100088,SKU-DPG8SBI4Q2,3,1219.97,3659.91
840,100697,SKU-F74T60PLOZ,2,324.63,649.26
841,100374,SKU-X1F8S0X7M2,2,1972.17,3944.34
842,100700,SKU-LC58DRC11E,2,1213.38,2426.76
843,100245,SKU-TDHHLMH1T9,2,1431.09,2862.18
844,100557,SKU-UHXID4N1U3,2,947.39,1894.78
845,100256,SKU-1POXRTEO2T,4,1567.24,6268.96
846,100351,SKU-JFVYB6LI07,5,746.02,3730.1
847,100920,SKU-QVAECW9YIL,4,426.73,1706.92
848,100572,SKU-NAVYCS44PH,5,743.11,3715.55
849,100104,SKU-O091C795RL,4,893.83,3575.32
850,100336,SKU-S1K9YE9O2M,2,1353.72,2707.44
851,100525,SKU-UPUY0ZIA9A,1,1342.4,1342.4
852,100300,SKU-DSAV917RMP,5,1849.2,9246.0
853,100076,SKU-3N3BZT9D31,1,1782.73,1782.73
854,100510,SKU-WJLSH3TOW4,2,1644.51,3289.02
855,100229,SKU-0UHK7X3BQW,5,912.45,4562.25
856,100678,SKU-RFLQBMAE38,1,1076.71,1076.71
857,100577,SKU-SKP6RFE64S,4,1069.35,4277.4
858,100031,SKU-AN085RNTDR,2,1331.07,2662.14
859,100607,SKU-158OQESUX9,4,1546.28,6185.12
860,100057,SKU-0IT26YS445,4,1420.53,5682.12
861,100103,SKU-TQMGVU4ISO,2,216.42,432.84
862,100311,SKU-VDHR59C81D,5,1658.1,8290.5
863,100645,SKU-Y5SIC4S8PN,3,986.38,2959.14
864,100728,SKU-IWI08L0HG9,3,250.83,752.49
865,100066,SKU-YFDS0DJI9K,2,834.1,1668.2
866,100977,SKU-RC85EHPZRV,3,846.28,2538.84
867,100689,SKU-WZ940VTKRR,1,1802.24,1802.24
868,100373,SKU-GZVRCTLT4Q,5,307.06,1535.3
869,100758,SKU-KTLZKJ49YD,4,1035.8,4143.2
870,100805,SKU-A34MPYO2TL,4,1615.54,6462.16
871,100234,SKU-CLW3JGEQE5,2,1282.43,2564.86
872,100642,SKU-8FY620N8TT,4,1948.63,7794.52
873,100111,SKU-0DW1MF07OL,1,1322.82,1322.82
874,100388,SKU-992QC6DR08,1,93.32,93.32
875,100407,SKU-A3Y5T37SZP,2,1610.73,3221.46
876,100053,SKU-6XGZ7CTM09,4,1649.65,6598.6
877,100801,SKU-EAVT8K06MO,3,1170.54,3511.62
878,100238,SKU-31YIHAIR4C,3,1579.17,4737.51
879,100751,SKU-GO8JN42X2E,5,128.35,641.75
880,100294,SKU-9C0UU5WRYE,2,1957.01,3914.02
881,100111,SKU-N8LFJDTVV2,5,55.89,279.45
882,100087,SKU-RXDTG5NQJQ,3,40.49,121.47
883,100739,SKU-SU4SE2KYT5,3,1143.1,3429.3
884,100475,SKU-NKDAT5L0N2,3,551.0,1653.0
885,100303,SKU-J5SXVWVM4W,5,1885.28,9426.4
886,100304,SKU-WZ940VTKRR,2,1802.24,3604.48
887,100289,SKU-UDKTMONRVB,1,101.2,101.2
888,100207,SKU-PQAHCUA09P,1,1448.85,1448.85
889,100867,SKU-FRML29Q2L4,3,1081.99,3245.97
890,100902,SKU-4ORAC8CYNL,2,445.32,890.64
891,100785,SKU-MM4P61NHVC,2,1823.12,3646.24
892,100581,SKU-45BM1ENF31,4,637.13,2548.52
893,100369,SKU-7RV4NMWVSB,4,248.69,994.76
894,100219,SKU-WAOUAXEQBN,5,1805.06,9025.3
895,100230,SKU-K1DJRWEDBC,4,297.96,1191.84
896,100801,SKU-QQB9LZS34J,5,1302.21,6511.05
897,100818,SKU-2OHKBM00E9,1,498.12,498.12
898,100872,SKU-JEDGFJDLOG,3,453.83,1361.49
899,100348,SKU-NRXD356WAF,2,36.3,72.6
900,100254,SKU-7VSYJAFCO3,1,1690.5,1690.5
901,100451,SKU-LBORIQ8HKE,1,1618.62,1618.62
902,100141,SKU-VV8SUOC1Y5,5,195.61,978.05
903,100068,SKU-UWRXZE1HM3,3,1240.67,3722.01
904,100088,SKU-ZEBU2Y0OY5,5,291.82,1459.1
905,100870,SKU-J9HVCHRM3W,1,887.55,887.55
906,100135,SKU-HGNZEI3ZRR,2,85.16,170.32
907,100654,SKU-XF50I6GBXQ,4,672.7,2690.8
908,100850,SKU-0982N2ATQY,5,1770.29,8851.45
909,100698,SKU-25SQ8CROYR,1,975.21,975.21
910,100522,SKU-LI6978V0BJ,4,1675.25,6701.0
911,100659,SKU-Z8Q4VHU4BA,4,226.85,907.4
912,100950,SKU-EFJAWSHMLF,1,1052.37,1052.37
913,100803,SKU-DR2H2P39YL,3,1464.42,4393.26
914,100849,SKU-SPENGWYX9T,1,122.67,122.67
915,100909,SKU-IYM90PKR1I,2,785.91,1571.82
916,100441,SKU-5P03WVPUNW,4,621.56,2486.24
917,100037,SKU-0USWBKOK3Q,2,553.86,1107.72
918,100856,SKU-2AN417VF0J,5,348.62,1743.1
919,100207,SKU-DBPGVV4ZWL,4,1939.05,7756.2
920,100209,SKU-ELYYZZ0JDC,3,302.53,907.59
921,100512,SKU-1LTWBJ9UU2,1,1122.7,1122.7
922,100359,SKU-DZR1YXR2DH,5,765.39,3826.95
923,100576,SKU-8SA3IDY3C7,2,577.28,1154.56
924,100000,SKU-4LAV71448N,5,1814.05,9070.25
925,100754,SKU-M72QLGDVC2,3,758.5,2275.5
926,100980,SKU-GN0T6DVWRB,1,1423.64,1423.64
927,100380,SKU-71HSSBELRQ,5,1527.42,7637.1
928,100827,SKU-30QABXW2EO,2,1410.35,2820.7
929,100536,SKU-PHR62GDSWM,5,1747.18,8735.9
930,100858,SKU-WIXZ2C9ROS,1,1699.41,1699.41
931,100393,SKU-N9WSZV83XP,5,406.64,2033.2
932,100049,SKU-GUWJP0QI2C,2,1619.31,3238.62
933,100395,SKU-EZP7QYEZG5,1,702.61,702.61
934,100859,SKU-ZREZRDYXYU,3,713.54,2140.62
935,100752,SKU-C2KEIVLI77,3,363.08,1089.24
936,100031,SKU-E088O98BV7,4,828.43,3313.72
937,100544,SKU-U7ONZ3JBCK,5,322.37,1611.85
938,100711,SKU-PNSM43D8W3,2,1349.0,2698.0
939,100233,SKU-LALQ26UNVS,5,856.02,4280.1
940,100025,SKU-QUPXBFEJ2X,1,1258.49,1258.49
941,100553,SKU-J5SXVWVM4W,4,1885.28,7541.12
942,100433,SKU-4RX6PRYIEJ,2,1205.88,2411.76
943,100060,SKU-LXSLG6MM1Z,5,991.92,4959.6
944,100552,SKU-JEGET1GHR0,2,713.5,1427.0
945,100440,SKU-A83RU7MYOW,1,1518.32,1518.32
946,100129,SKU-HQMABSI9NB,4,289.86,1159.44
947,100866,SKU-Y4KL9ARYEA,2,697.47,1394.94
948,100353,SKU-NVC7HR6C2C,1,1726.51,1726.51
949,100197,SKU-QMVQWPQO2L,3,1571.13,4713.39
950,100798,SKU-RPKZGGM0J3,2,159.57,319.14
951,100662,SKU-PRCJIWVHDK,4,1057.65,4230.6
952,100715,SKU-1I1P0BQ1S9,2,1028.77,2057.54
953,100693,SKU-A78E9RIVH6,2,1513.67,3027.34
954,100370,SKU-KEAEA84HXX,1,1663.74,1663.74
955,100923,SKU-55NF4ZW9XA,5,1771.18,8855.9
956,100718,SKU-0ODWMQX5GG,5,900.78,4503.9
957,100146,SKU-T7ZQHT2XZ5,2,1485.81,2971.62
958,100715,SKU-UEUGWUBUGR,4,751.1,3004.4
959,100497,SKU-R1930I6G61,4,686.15,2744.6
960,100047,SKU-0UHK7X3BQW,1,912.45,912.45
961,100769,SKU-6N6975J2D8,2,289.07,578.14
962,100650,SKU-6CCVCJWTL9,2,1726.08,3452.16
963,100171,SKU-RYLLWB7SJW,5,331.99,1659.95
964,100612,SKU-LU3NDZ3CC5,1,1142.24,1142.24
965,100698,SKU-9T7E8G8JDP,3,508.3,1524.9
966,100895,SKU-B34KUQAAJ8,4,1990.16,7960.64
967,100314,SKU-4LMCT64Z7W,4,834.14,3336.56
968,100375,SKU-S1K9YE9O2M,2,1353.72,2707.44
969,100805,SKU-4A1X7OV6SG,1,986.87,986.87
970,100920,SKU-F74T60PLOZ,3,324.63,973.89
971,100874,SKU-1NLC8JPR7V,4,1512.5,6050.0
972,100532,SKU-R96KHUB2RT,1,1198.33,1198.33
973,100809,SKU-OR7875AUD9,3,978.78,2936.34
974,100419,SKU-9DHSZNVP8G,2,1417.53,2835.06
975,100904,SKU-4XYF9IGFU8,5,1684.84,8424.2
976,100395,SKU-FZMYOA2VCY,4,1278.12,5112.48
977,100521,SKU-226PARSG70,4,1105.1,4420.4
978,100186,SKU-FRML29Q2L4,3,1081.99,3245.97
979,100644,SKU-Y4KL9ARYEA,5,697.47,3487.35
980,100032,SKU-ES6M033IFH,1,1515.41,1515.41
981,100068,SKU-RM6J8Y6RH0,2,1820.48,3640.96
982,100591,SKU-CRGB93WKCS,1,936.79,936.79
983,100190,SKU-CY15PDTZ91,3,673.97,2021.91
984,100100,SKU-AQ15O2NQW4,4,1336.58,5346.32
985,100484,SKU-ZX9JPNBZUG,4,100.56,402.24
986,100284,SKU-LZSE99F77L,1,901.35,901.35
987,100913,SKU-5M9J98CWN2,2,503.91,1007.82
988,100732,SKU-PUU62RZV1S,3,1662.79,4988.37
989,100389,SKU-MOTCG06XR3,2,332.6,665.2
990,100564,SKU-TQYDSHLV76,3,436.36,1309.08
991,100977,SKU-7ZEOQGVZHQ,2,1216.01,2432.02
992,100159,SKU-AUUJ02GRXP,1,816.89,816.89
993,100891,SKU-IE0RNUJJQ9,5,851.73,4258.65
994,100553,SKU-CWI64CIYHE,3,1280.49,3841.47
995,100046,SKU-A83RU7MYOW,1,1518.32,1518.32
996,100158,SKU-S95ZOW60ZZ,4,967.85,3871.4
997,100445,SKU-JLZY1UU9YM,4,1301.74,5206.96
998,100695,SKU-1P0VUH17J8,2,1105.49,2210.98
999,100757,SKU-R97Y2LOFN1,4,857.65,3430.6
1000,100522,SKU-HZN4KGEUID,5,46.69,233.45
