reading_id,device_id,timestamp,temperature_c,humidity_pct,battery_v
1,DEV-JBBSXP,2025-08-25 08:54:45,16.8,54.16,3.42
2,DEV-8OBS75,2025-01-27 16:41:58,20.87,61.29,3.66
3,DEV-Z6V7S7,2025-04-29 06:04:23,26.48,51.78,3.62
4,DEV-86Z1B9,2025-07-30 07:14:58,23.32,38.42,3.76
5,DEV-00CDNZ,2025-04-10 12:50:20,24.33,28.14,3.47
6,DEV-S3KDZ4,2025-01-03 04:14:55,20.82,30.26,4.0
7,DEV-L88L12,2025-10-21 10:42:35,18.52,35.97,3.55
8,DEV-B1ZPPE,2025-11-26 07:10:21,26.54,54.51,3.91
9,DEV-EJKLCP,2025-11-25 11:46:12,22.52,43.79,3.82
10,DEV-2HNC0I,2025-01-17 06:03:53,20.08,18.01,3.74
11,DEV-PA8JX5,2025-04-16 14:59:50,23.37,49.8,3.75
12,DEV-VMB0ID,2025-08-18 02:22:29,21.58,63.34,3.33
13,DEV-4HC7JV,2025-10-31 10:58:18,28.2,21.33,3.6
14,DEV-S2SUMH,2025-06-26 05:41:59,20.58,53.25,4.2
15,DEV-4PEGJK,2025-03-25 13:09:36,23.79,13.33,3.74
16,DEV-P5K791,2025-09-20 13:29:07,26.35,31.86,3.78
17,DEV-3ET1OV,2025-07-15 00:52:21,24.62,25.74,3.32
18,DEV-LST548,2025-09-06 03:04:28,24.17,55.27,3.65
19,DEV-PPJ590,2025-05-29 14:55:05,19.97,69.97,3.63
20,DEV-CWCDT9,2025-07-25 03:57:36,22.47,60.93,3.55
21,DEV-QNRMTN,2025-03-22 17:42:01,23.85,60.42,3.81
22,DEV-P04SBR,2025-07-08 09:09:24,22.68,31.03,3.61
23,DEV-4X6G1E,2025-07-25 01:37:10,27.93,53.74,3.56
24,DEV-V1M3PP,2025-11-04 04:24:28,21.34,48.59,3.41
25,DEV-P5K791,2025-09-26 01:51:19,22.13,27.37,3.48
26,DEV-1KJWV2,2025-10-17 17:47:41,32.33,61.14,3.5
27,DEV-UNQR8O,2025-12-27 03:15:22,25.32,51.51,3.63
28,DEV-3B0N9C,2025-10-27 17:56:18,18.13,41.72,3.6
29,DEV-W5APMX,2025-09-12 23:54:05,23.99,57.32,3.57
30,DEV-9UW165,2025-01-08 03:53:09,25.17,47.22,3.36
31,DEV-S3KDZ4,2025-04-24 15:28:21,18.8,63.02,3.5
32,DEV-TGMALW,2025-01-05 04:08:39,20.8,73.32,3.73
33,DEV-WLVA02,2025-12-08 11:28:26,17.23,40.81,3.99
34,DEV-87H91E,2025-03-14 03:03:56,23.17,40.65,4.02
35,DEV-X5FL2M,2025-12-14 05:49:59,15.51,37.64,4.1
36,DEV-S32D1J,2025-05-01 16:16:22,18.85,45.26,3.75
37,DEV-MOWNX2,2025-10-29 11:32:23,16.47,65.26,3.69
38,DEV-5YRG29,2025-08-22 18:40:44,23.31,29.09,3.83
39,DEV-J7VBJR,2025-03-07 15:09:20,20.65,24.44,3.63
40,DEV-V1M3PP,2025-08-18 19:58:33,23.59,48.54,3.86
41,DEV-VMB0ID,2025-01-31 06:19:48,14.66,44.44,3.67
42,DEV-9ZXQER,2025-11-03 22:10:05,18.87,47.9,3.76
43,DEV-7Z4ES3,2025-10-24 16:40:48,25.16,15.65,3.55
44,DEV-84Z4UR,2025-02-20 05:53:41,17.4,68.12,3.89
45,DEV-Q4KREG,2025-05-27 08:49:17,26.09,48.08,3.5
46,DEV-87H91E,2025-04-05 16:25:15,21.39,81.7,3.57
47,DEV-P04SBR,2025-11-25 13:24:35,18.65,51.2,3.63
48,DEV-4DH9UG,2025-02-07 23:13:25,18.91,38.98,3.53
49,DEV-D2FF5L,2025-07-17 06:45:24,22.86,48.82,3.81
50,DEV-VMB0ID,2025-08-29 14:39:13,30.78,67.19,3.73
51,DEV-513BB6,2025-06-22 07:58:54,32.87,34.19,3.5
52,DEV-J7VBJR,2025-09-13 14:03:25,16.66,53.77,3.6
53,DEV-D2FF5L,2025-02-10 05:26:30,24.69,51.57,3.73
54,DEV-4PEGJK,2025-05-09 06:24:56,28.67,53.91,3.74
55,DEV-579WRR,2025-02-23 14:29:02,17.02,31.37,3.51
56,DEV-CIHDIY,2025-03-27 12:01:01,19.5,54.56,3.7
57,DEV-HZYJB4,2025-07-31 21:23:06,23.16,53.43,3.82
58,DEV-7Z4ES3,2025-09-26 15:44:58,22.16,68.5,3.64
59,DEV-F05EP4,2025-10-23 14:01:42,16.46,71.59,3.49
60,DEV-PA8JX5,2025-01-21 13:19:44,24.99,50.59,3.97
61,DEV-QNRMTN,2025-08-03 15:41:30,23.74,48.44,3.83
62,DEV-3T4Y0T,2025-07-08 10:36:42,25.77,30.59,3.62
63,DEV-F309HS,2025-06-10 17:04:05,24.13,42.05,3.72
64,DEV-Q4KREG,2025-07-20 23:51:09,24.11,38.16,3.63
65,DEV-R0UI1J,2025-01-29 23:06:39,22.12,59.64,3.5
66,DEV-4NRMQY,2025-09-01 13:52:52,26.83,49.61,3.84
67,DEV-1L1VJ3,2025-07-02 02:38:55,16.69,30.27,4.03
68,DEV-HZ72KX,2025-02-01 10:48:07,17.61,32.37,3.88
69,DEV-A28DIT,2025-09-24 05:11:19,26.39,83.28,3.75
70,DEV-7XFH41,2025-02-05 18:54:56,20.87,38.57,3.64
71,DEV-0DPJHS,2025-04-03 21:11:21,18.37,55.16,3.17
72,DEV-UWDKEJ,2025-06-08 00:00:30,25.38,45.33,4.01
73,DEV-QNRMTN,2025-06-29 16:23:16,24.7,41.26,3.57
74,DEV-LST548,2025-11-02 02:15:32,14.04,62.59,3.87
75,DEV-SJWS1Z,2025-08-06 23:00:05,24.73,38.18,3.89
76,DEV-40ACUH,2025-11-25 15:44:04,19.48,40.47,3.88
77,DEV-PA8JX5,2025-12-19 05:53:47,23.96,65.62,3.42
78,DEV-CEGBMX,2025-12-09 05:11:14,21.69,39.23,3.9
79,DEV-4X6G1E,2025-08-15 19:17:10,24.46,23.91,3.61
80,DEV-JTR0M6,2025-07-31 01:16:36,21.96,28.08,3.68
81,DEV-URI7EV,2025-12-19 04:36:28,17.01,52.72,3.68
82,DEV-SNHFT4,2025-06-12 15:10:54,15.56,34.48,3.58
83,DEV-9UW165,2025-06-07 07:33:46,16.61,61.95,3.64
84,DEV-2HNC0I,2025-04-20 03:27:33,17.55,45.31,3.73
85,DEV-8DKMU6,2025-02-24 16:32:32,23.75,56.43,3.51
86,DEV-GMP9A9,2025-12-16 17:41:32,25.84,50.31,3.37
87,DEV-UWDKEJ,2025-08-02 06:48:44,20.75,60.9,3.88
88,DEV-4X5BWA,2025-12-31 08:50:43,18.42,73.26,3.76
89,DEV-V6YJOA,2025-01-15 17:32:20,22.12,53.47,3.33
90,DEV-9UW165,2025-06-02 03:32:24,14.11,52.74,3.78
91,DEV-ZE66VW,2025-01-20 22:49:06,24.48,61.68,3.66
92,DEV-ZE66VW,2025-02-21 10:48:30,21.71,36.54,3.44
93,DEV-JNMYK8,2025-12-09 02:04:42,22.29,53.12,3.59
94,DEV-AY12TL,2025-11-17 11:08:01,19.85,31.17,3.77
95,DEV-AEJT70,2025-03-25 08:53:44,19.5,33.62,3.5
96,DEV-30KH58,2025-11-22 03:53:50,15.4,37.86,3.5
97,DEV-QFAF5K,2025-08-12 07:04:32,25.47,64.03,3.59
98,DEV-PSALDN,2025-05-09 20:50:48,16.96,42.9,3.51
99,DEV-OUFHW8,2025-12-16 05:17:25,19.12,33.29,3.48
100,DEV-EMC20L,2025-01-16 07:32:15,18.21,56.39,3.48
101,DEV-PSALDN,2025-10-01 17:51:13,25.33,20.29,3.79
102,DEV-OJTXCF,2025-03-18 14:04:37,19.66,16.93,3.52
103,DEV-9B0MQO,2025-10-27 23:47:50,25.85,41.21,3.92
104,DEV-OUFHW8,2025-11-02 22:18:06,24.33,40.97,4.13
105,DEV-I26LH0,2025-04-02 03:48:53,18.22,60.65,3.67
106,DEV-UNQR8O,2025-09-27 17:15:13,21.6,63.01,4.1
107,DEV-EN7YJF,2025-02-21 23:03:36,15.21,43.48,3.81
108,DEV-XEQLEZ,2025-12-15 17:43:52,23.6,41.88,3.73
109,DEV-M3V16X,2025-05-01 00:51:38,19.38,33.36,3.69
110,DEV-WNXFSH,2025-02-19 23:39:20,17.78,43.35,3.31
111,DEV-F309HS,2025-09-30 15:51:59,20.9,6.65,3.61
112,DEV-Z6Y3Z1,2025-04-30 15:31:20,20.14,38.23,3.48
113,DEV-LMFLUO,2025-04-05 15:08:00,23.13,43.79,3.88
114,DEV-AOFC9L,2025-05-29 11:15:46,29.6,33.22,4.04
115,DEV-VNNVBZ,2025-10-16 12:11:27,27.29,35.34,3.74
116,DEV-XEQLEZ,2025-09-14 03:57:30,17.23,40.52,3.75
117,DEV-D0GV81,2025-07-03 10:06:22,28.14,44.9,3.89
118,DEV-7Z4ES3,2025-09-17 13:53:19,22.19,57.94,3.72
119,DEV-IARONT,2025-05-30 13:03:42,11.83,51.4,3.94
120,DEV-SNHFT4,2025-07-24 09:51:12,21.09,58.22,4.17
121,DEV-UXL39D,2025-06-21 01:04:53,15.77,53.59,3.99
122,DEV-5YRG29,2025-11-09 21:25:09,20.25,46.72,3.58
123,DEV-PSALDN,2025-08-10 21:19:59,29.63,78.47,3.87
124,DEV-6XVQPU,2025-06-17 17:14:46,16.76,34.26,3.57
125,DEV-ZM32HZ,2025-09-01 10:21:41,16.64,31.3,3.66
126,DEV-B76AV3,2025-08-06 14:19:54,21.61,42.71,4.03
127,DEV-JBBSXP,2025-02-25 18:41:01,18.73,44.1,3.5
128,DEV-4X6G1E,2025-03-04 11:08:29,20.98,47.07,3.62
129,DEV-PPJ590,2025-04-13 16:24:47,22.43,30.69,3.93
130,DEV-D6LQGA,2025-06-16 22:50:45,16.08,74.36,3.53
131,DEV-D0WPJ8,2025-01-07 11:59:50,22.91,39.82,3.32
132,DEV-HZ72KX,2025-05-22 17:42:02,18.96,30.54,3.4
133,DEV-1P02JY,2025-05-05 00:44:26,26.29,48.96,3.58
134,DEV-GPBKTM,2025-03-31 14:51:53,18.51,61.43,3.69
135,DEV-1JLOPO,2025-11-07 20:11:28,19.15,69.16,3.64
136,DEV-MOWNX2,2025-08-04 19:31:54,18.28,9.03,3.6
137,DEV-J7VBJR,2025-05-03 04:29:29,20.34,56.51,3.72
138,DEV-CEGBMX,2025-07-05 04:54:28,16.24,71.35,3.6
139,DEV-S4I2NR,2025-06-02 23:08:18,24.09,36.07,3.56
140,DEV-I26LH0,2025-09-06 14:23:30,19.89,41.53,3.75
141,DEV-VR5NBH,2025-04-24 05:32:25,25.25,30.77,3.72
142,DEV-2HNC0I,2025-04-06 15:19:19,22.23,36.61,3.9
143,DEV-LMFLUO,2025-07-17 02:47:59,28.85,29.02,4.1
144,DEV-6XVQPU,2025-12-02 05:06:02,20.97,59.02,3.28
145,DEV-VNNVBZ,2025-01-03 03:35:19,20.57,43.41,3.8
146,DEV-I0HN3F,2025-05-29 05:46:40,24.35,0.0,3.73
147,DEV-Z1R2RO,2025-04-21 22:01:34,13.69,35.96,3.96
148,DEV-S4I2NR,2025-01-20 15:10:48,20.08,34.64,3.6
149,DEV-M7VH30,2025-07-22 15:50:26,21.65,57.83,3.62
150,DEV-579WRR,2025-07-01 14:16:16,24.9,43.98,3.44
151,DEV-AMMPQ0,2025-11-27 03:55:56,25.72,43.58,3.91
152,DEV-M7VH30,2025-08-15 11:57:19,26.48,54.64,3.73
153,DEV-AOFC9L,2025-10-19 04:30:39,20.82,60.87,3.93
154,DEV-87H91E,2025-12-24 01:58:09,19.05,49.01,3.61
155,DEV-3AH7U0,2025-03-17 03:36:54,22.24,35.19,3.57
156,DEV-ZE66VW,2025-11-13 13:55:05,20.94,22.42,3.85
157,DEV-8VWCT8,2025-11-12 16:43:31,15.3,66.75,3.63
158,DEV-F309HS,2025-08-11 01:38:37,22.66,95.84,3.83
159,DEV-ZWKHE9,2025-02-05 04:15:50,18.34,46.86,3.8
160,DEV-U4PLLG,2025-11-20 20:47:02,21.09,49.75,3.72
161,DEV-7Z4ES3,2025-10-27 01:35:42,20.85,67.56,3.58
162,DEV-P04SBR,2025-11-29 18:42:55,30.57,19.31,3.77
163,DEV-JDCZ1O,2025-03-31 23:17:51,25.6,59.31,3.55
164,DEV-M3V16X,2025-01-29 22:16:37,24.56,50.64,3.72
165,DEV-4HC7JV,2025-06-25 03:15:43,25.89,33.46,4.04
166,DEV-P5K791,2025-08-08 05:14:51,20.62,37.2,3.95
167,DEV-Y47QUU,2025-05-16 07:54:43,17.02,25.27,3.6
168,DEV-YD52AL,2025-12-18 08:38:55,13.36,61.88,3.75
169,DEV-SJZSB6,2025-06-24 17:47:38,24.16,29.4,3.59
170,DEV-3VEULJ,2025-05-06 03:14:42,24.22,51.18,3.76
171,DEV-D0GV81,2025-06-20 03:33:18,18.96,20.6,3.52
172,DEV-QCNF9W,2025-09-23 12:11:59,19.45,65.92,3.57
173,DEV-G2R0TO,2025-05-14 03:56:38,18.8,41.93,4.07
174,DEV-CZJJY4,2025-09-29 15:25:02,18.8,61.08,3.73
175,DEV-R2OMRD,2025-01-26 08:55:04,19.98,41.82,3.61
176,DEV-JTR0M6,2025-10-04 02:06:43,23.34,35.9,3.27
177,DEV-QCNF9W,2025-04-10 05:16:49,26.25,24.89,3.73
178,DEV-F309HS,2025-12-28 10:44:21,21.91,60.81,4.14
179,DEV-XLZS49,2025-01-30 08:19:25,27.07,39.54,3.59
180,DEV-1P02JY,2025-05-13 06:36:24,31.49,49.45,3.62
181,DEV-S2SUMH,2025-12-17 08:09:00,23.6,34.38,3.71
182,DEV-3B4NTH,2025-05-19 18:48:09,21.75,44.74,3.57
183,DEV-PKN3B8,2025-07-10 19:31:37,12.69,48.08,4.14
184,DEV-P69NGP,2025-07-06 06:32:49,24.42,18.67,3.9
185,DEV-E51K8L,2025-05-20 19:11:42,22.25,34.77,3.84
186,DEV-D2FF5L,2025-11-16 13:43:31,22.35,68.63,4.12
187,DEV-EN7YJF,2025-08-25 07:34:14,21.11,32.74,4.04
188,DEV-PPJ590,2025-10-24 07:32:40,20.26,58.54,3.72
189,DEV-LCG1J5,2025-07-19 03:23:26,18.0,49.89,3.64
190,DEV-SJWS1Z,2025-10-11 12:16:51,25.23,52.67,3.64
191,DEV-6XVQPU,2025-03-21 00:25:33,11.16,54.51,3.59
192,DEV-6YJMK3,2025-09-16 19:45:32,23.77,45.31,3.66
193,DEV-NXNPSV,2025-04-11 11:46:23,15.94,36.46,3.6
194,DEV-S32D1J,2025-02-01 01:45:58,27.12,33.83,3.47
195,DEV-Y47QUU,2025-10-04 15:06:35,20.67,40.04,3.22
196,DEV-CZJJY4,2025-05-01 08:53:55,24.24,63.76,3.91
197,DEV-P5K791,2025-02-24 09:34:19,22.77,24.66,3.17
198,DEV-S4I2NR,2025-01-18 11:28:07,26.78,40.33,3.77
199,DEV-RUMXQW,2025-11-05 05:35:37,29.38,22.28,3.89
200,DEV-Y47QUU,2025-05-01 22:46:57,26.64,36.27,3.79
201,DEV-7XFH41,2025-04-20 10:25:22,24.47,43.14,3.67
202,DEV-3B4NTH,2025-11-27 10:49:01,20.86,65.92,3.74
203,DEV-J35VLW,2025-03-02 11:40:57,23.94,67.55,3.61
204,DEV-IARONT,2025-09-21 08:14:49,26.11,18.04,3.68
205,DEV-MOWNX2,2025-09-25 20:26:28,20.46,22.32,3.64
206,DEV-PA8JX5,2025-10-24 19:47:20,22.27,42.51,3.56
207,DEV-SPJ4KI,2025-05-07 11:17:59,18.95,56.42,3.94
208,DEV-JDCZ1O,2025-05-17 15:57:08,25.47,20.96,3.87
209,DEV-A68T2A,2025-03-19 09:27:25,24.01,39.44,3.67
210,DEV-1L1VJ3,2025-07-26 12:07:51,16.92,60.53,3.71
211,DEV-1KJWV2,2025-07-03 13:01:43,23.35,62.36,3.55
212,DEV-ZE66VW,2025-03-30 13:47:50,21.22,40.43,3.77
213,DEV-5YRG29,2025-11-16 03:15:15,22.51,14.98,3.68
214,DEV-0VHV1N,2025-08-17 06:03:30,19.2,60.74,3.63
215,DEV-P69NGP,2025-03-05 11:16:23,27.27,31.19,3.75
216,DEV-ZE66VW,2025-11-22 18:15:19,19.38,53.07,3.72
217,DEV-P04SBR,2025-02-24 05:45:06,30.5,31.51,3.53
218,DEV-GPBKTM,2025-10-20 05:55:16,22.6,46.51,3.88
219,DEV-6J0M3L,2025-10-08 10:09:55,20.83,49.65,3.9
220,DEV-W5APMX,2025-10-06 16:34:15,23.8,64.26,3.56
221,DEV-P04SBR,2025-07-07 00:41:37,23.24,23.88,4.2
222,DEV-NQY0HU,2025-07-10 03:46:02,29.92,31.78,3.51
223,DEV-3QUPO4,2025-09-30 02:25:57,23.86,69.2,3.82
224,DEV-W5APMX,2025-04-05 02:30:18,14.58,48.47,3.81
225,DEV-SILN3O,2025-03-31 08:07:57,19.46,32.11,3.84
226,DEV-3AH7U0,2025-09-04 12:14:37,25.24,55.84,4.04
227,DEV-D2FF5L,2025-03-16 22:51:09,21.3,30.01,3.65
228,DEV-2U9AZ3,2025-03-03 13:40:50,19.99,47.93,3.71
229,DEV-1JLOPO,2025-08-10 23:14:49,19.32,34.73,3.78
230,DEV-E51K8L,2025-09-24 09:36:12,18.32,63.64,3.36
231,DEV-VMB0ID,2025-05-01 11:40:20,23.02,32.15,3.73
232,DEV-AV6763,2025-11-08 15:54:24,19.34,5.19,3.78
233,DEV-QBKERN,2025-11-05 01:09:30,27.38,38.27,3.56
234,DEV-I0HN3F,2025-12-07 16:30:49,18.68,34.99,4.14
235,DEV-AMMPQ0,2025-01-28 22:52:01,16.79,41.34,3.75
236,DEV-A28DIT,2025-12-08 11:25:47,21.92,53.35,3.55
237,DEV-YD52AL,2025-10-29 12:29:04,13.86,27.27,3.59
238,DEV-GQPQ8R,2025-10-01 06:51:54,12.38,33.34,3.54
239,DEV-IARONT,2025-01-23 13:41:34,24.5,44.91,3.55
240,DEV-1KJWV2,2025-04-09 09:05:11,22.22,35.11,3.77
241,DEV-L7P72L,2025-10-12 00:03:40,13.65,45.98,3.79
242,DEV-M7VH30,2025-11-04 19:22:56,22.36,53.07,3.79
243,DEV-2HNC0I,2025-04-20 11:02:49,20.83,45.2,3.84
244,DEV-9ZXQER,2025-07-22 17:12:29,15.91,61.5,3.78
245,DEV-Z6V7S7,2025-04-16 21:37:08,24.92,30.78,4.14
246,DEV-EWFWBE,2025-02-15 07:56:44,28.07,36.32,3.88
247,DEV-3AH7U0,2025-09-14 04:39:31,29.7,67.4,3.49
248,DEV-8DKMU6,2025-05-24 16:59:42,23.31,33.99,3.71
249,DEV-L88L12,2025-01-25 21:19:19,22.09,81.76,3.47
250,DEV-WZSJQ7,2025-03-03 09:05:14,29.1,59.49,3.7
251,DEV-PFY4QC,2025-08-18 08:27:09,23.01,32.67,3.42
252,DEV-1JLOPO,2025-03-23 10:45:59,20.64,53.78,3.65
253,DEV-WNXFSH,2025-12-02 18:21:35,19.38,49.45,3.68
254,DEV-8DKMU6,2025-07-30 00:30:39,24.21,23.18,3.43
255,DEV-4HC7JV,2025-07-16 18:41:47,15.45,68.16,3.7
256,DEV-IKVREC,2025-12-13 06:55:40,26.64,57.32,3.63
257,DEV-1L1VJ3,2025-07-17 02:07:56,16.44,67.15,3.48
258,DEV-D6LQGA,2025-06-11 23:19:48,18.61,60.7,3.88
259,DEV-A3VF02,2025-07-27 04:41:40,23.24,50.23,3.63
260,DEV-8VWCT8,2025-11-05 17:02:55,28.98,61.2,3.93
261,DEV-CIHDIY,2025-02-13 11:43:00,20.93,24.96,3.74
262,DEV-EGHPMX,2025-10-15 18:23:16,17.8,74.76,3.62
263,DEV-LCG1J5,2025-10-06 18:18:33,26.27,56.18,3.51
264,DEV-P5K791,2025-10-02 03:11:14,20.24,15.7,3.47
265,DEV-YI340S,2025-08-09 00:02:39,15.28,22.59,3.74
266,DEV-OJTXCF,2025-10-12 04:25:29,24.42,49.32,3.77
267,DEV-1P02JY,2025-05-26 10:15:42,21.11,31.66,3.53
268,DEV-NQY0HU,2025-03-10 00:36:39,21.02,52.8,3.46
269,DEV-SILN3O,2025-05-20 03:36:20,24.95,30.22,3.84
270,DEV-S2SUMH,2025-01-10 11:56:37,25.31,25.91,3.85
271,DEV-00CDNZ,2025-04-21 12:02:39,18.99,36.89,3.53
272,DEV-D6LQGA,2025-02-06 12:46:46,22.49,94.03,3.66
273,DEV-BKN3DK,2025-03-22 01:44:36,15.77,28.58,3.8
274,DEV-E51K8L,2025-04-06 05:06:12,20.97,63.85,3.48
275,DEV-CZJJY4,2025-02-24 02:16:08,18.49,33.63,3.52
276,DEV-JNMYK8,2025-05-12 06:56:06,21.16,43.67,3.86
277,DEV-0FP8BP,2025-08-11 01:21:55,20.36,46.87,3.52
278,DEV-EJKLCP,2025-03-04 10:50:09,21.27,44.07,3.71
279,DEV-HALCKZ,2025-01-12 13:35:21,15.31,45.85,3.72
280,DEV-URI7EV,2025-05-26 17:51:07,16.73,50.07,3.46
281,DEV-OEJV9L,2025-09-21 22:42:13,21.13,22.59,3.9
282,DEV-UWDKEJ,2025-02-01 08:03:31,27.98,43.02,3.39
283,DEV-C7ISUT,2025-02-18 23:11:14,24.93,44.16,3.76
284,DEV-Y47QUU,2025-12-26 01:07:27,23.74,53.33,3.61
285,DEV-4NRMQY,2025-07-06 04:35:15,19.62,40.78,3.72
286,DEV-YI340S,2025-12-09 19:13:35,18.22,52.93,3.65
287,DEV-M7VH30,2025-04-09 06:18:57,24.5,35.21,3.47
288,DEV-RXGKIK,2025-06-16 23:36:36,17.34,36.72,3.64
289,DEV-GVLLSA,2025-11-02 08:04:08,28.53,49.68,3.8
290,DEV-4PEGJK,2025-08-01 03:35:27,21.83,29.57,3.65
291,DEV-1JLOPO,2025-07-18 17:56:05,30.06,36.53,3.6
292,DEV-JDCZ1O,2025-09-03 09:31:29,28.81,37.58,3.3
293,DEV-V1M3PP,2025-06-03 14:33:41,23.69,38.37,3.52
294,DEV-XLZS49,2025-04-06 13:46:32,23.53,45.86,3.55
295,DEV-OUFHW8,2025-03-04 20:57:49,19.42,31.64,3.87
296,DEV-F309HS,2025-07-13 23:41:51,27.29,54.38,3.62
297,DEV-8OBS75,2025-11-18 04:07:16,20.47,40.92,3.8
298,DEV-EMC20L,2025-12-25 23:47:21,15.25,51.06,3.54
299,DEV-S4I2NR,2025-10-29 12:31:18,26.62,26.58,3.29
300,DEV-B1ZPPE,2025-09-29 10:59:03,24.18,2.13,3.9
301,DEV-OUFHW8,2025-03-31 04:25:53,19.94,59.15,3.55
302,DEV-GYTLCQ,2025-11-24 15:50:27,23.06,48.13,3.89
303,DEV-0DPJHS,2025-09-29 20:48:51,22.13,53.2,3.66
304,DEV-Y47QUU,2025-03-26 14:10:39,27.91,64.76,3.98
305,DEV-E51K8L,2025-10-22 19:23:26,17.97,30.91,4.2
306,DEV-WNXFSH,2025-02-05 20:32:05,27.96,17.87,3.79
307,DEV-AY12TL,2025-01-18 21:27:33,27.32,59.67,3.43
308,DEV-AEJT70,2025-03-18 09:18:32,19.44,54.78,3.81
309,DEV-VR5NBH,2025-02-18 06:05:30,23.68,61.59,3.78
310,DEV-QBKERN,2025-12-25 13:46:44,24.19,69.88,3.45
311,DEV-BZJW83,2025-08-24 00:54:22,33.91,27.4,3.57
312,DEV-BZJW83,2025-02-13 03:06:53,18.88,59.05,3.61
313,DEV-97NG0A,2025-04-19 06:42:09,14.3,41.2,3.77
314,DEV-JE2XE0,2025-05-09 18:20:34,13.96,59.49,3.52
315,DEV-LCG1J5,2025-01-07 16:50:06,22.84,72.54,3.49
316,DEV-CDZN1F,2025-10-31 04:35:24,26.1,45.41,3.47
317,DEV-LST548,2025-04-22 05:01:38,18.44,33.82,3.33
318,DEV-AOFC9L,2025-08-01 21:15:48,21.23,24.66,3.83
319,DEV-QNRMTN,2025-10-31 16:36:51,20.23,11.19,3.72
320,DEV-GWA44L,2025-11-03 13:50:27,17.43,66.78,3.86
321,DEV-9ZXQER,2025-12-29 10:04:33,24.41,67.72,3.56
322,DEV-DI9OIN,2025-03-07 17:28:23,15.01,60.17,3.55
323,DEV-UXL39D,2025-01-31 19:12:18,24.55,40.5,3.77
324,DEV-AY12TL,2025-10-22 06:24:19,20.28,56.81,3.88
325,DEV-I1NQ0E,2025-09-22 11:37:57,25.94,49.59,3.9
326,DEV-D8UR6T,2025-10-24 11:53:02,22.69,27.59,3.48
327,DEV-U4PLLG,2025-11-15 06:21:28,15.8,62.23,3.89
328,DEV-GYTLCQ,2025-01-14 07:53:18,23.25,52.65,4.0
329,DEV-AV6763,2025-02-27 02:59:55,20.47,56.05,3.78
330,DEV-GMP9A9,2025-12-10 23:14:10,26.37,49.89,3.93
331,DEV-7Z4ES3,2025-08-30 21:25:56,24.91,47.0,3.8
332,DEV-ZM32HZ,2025-12-19 19:51:52,26.58,50.3,3.48
333,DEV-84Z4UR,2025-09-05 08:07:12,20.62,40.73,3.89
334,DEV-PA8JX5,2025-04-08 03:41:24,18.34,54.11,3.78
335,DEV-YI340S,2025-06-11 17:23:50,21.94,74.27,3.5
336,DEV-3VEULJ,2025-09-04 09:36:14,24.93,51.94,3.59
337,DEV-Z1R2RO,2025-11-22 17:08:22,18.17,61.75,3.78
338,DEV-IKS62C,2025-12-08 18:05:39,23.24,27.29,4.18
339,DEV-I05NMS,2025-01-04 17:41:23,23.5,57.2,4.06
340,DEV-SPJ4KI,2025-11-02 20:34:41,27.5,52.65,3.3
341,DEV-I26LH0,2025-09-18 09:21:48,17.83,61.13,3.7
342,DEV-W5APMX,2025-11-27 02:09:47,23.97,38.63,4.0
343,DEV-URI7EV,2025-02-14 19:18:01,20.03,59.77,3.62
344,DEV-M7VH30,2025-07-30 07:58:38,18.98,34.21,3.6
345,DEV-0KJD2V,2025-09-01 15:00:00,29.77,62.08,3.59
346,DEV-1KJWV2,2025-07-22 02:20:21,23.78,63.11,3.87
347,DEV-5YRG29,2025-07-22 21:26:50,28.15,28.42,3.78
348,DEV-P5K791,2025-01-27 08:29:56,19.01,50.46,3.81
349,DEV-RXGKIK,2025-04-28 15:00:04,28.71,41.7,3.66
350,DEV-SNHFT4,2025-08-14 15:26:51,20.37,52.31,4.05
351,DEV-G04AJM,2025-12-26 17:22:20,25.18,45.59,3.64
352,DEV-R2OMRD,2025-07-24 20:21:14,18.22,41.64,3.88
353,DEV-5N9C70,2025-09-04 19:15:08,17.71,36.27,3.28
354,DEV-7XFH41,2025-02-18 15:48:07,21.89,66.63,3.69
355,DEV-87H91E,2025-09-10 03:26:05,28.2,33.87,3.61
356,DEV-K48AB1,2025-03-19 21:12:14,27.06,36.82,3.72
357,DEV-D0WPJ8,2025-09-14 11:04:15,22.57,26.16,3.38
358,DEV-1JLOPO,2025-04-30 17:48:57,20.71,57.84,4.03
359,DEV-3VWLO7,2025-02-04 04:22:55,23.27,60.56,3.73
360,DEV-B1ZPPE,2025-11-08 18:45:20,17.79,50.89,4.15
361,DEV-3VWLO7,2025-05-23 10:33:42,22.56,33.45,3.86
362,DEV-RFKI1I,2025-07-16 18:18:06,22.19,19.43,3.75
363,DEV-V1M3PP,2025-09-17 18:27:28,22.21,53.4,3.7
364,DEV-BZGFLI,2025-03-25 10:20:13,23.86,58.48,3.83
365,DEV-4PEGJK,2025-07-11 16:17:28,25.17,37.35,3.85
366,DEV-GQPQ8R,2025-01-22 02:58:35,12.44,46.12,3.8
367,DEV-HZYJB4,2025-01-24 09:10:59,18.68,21.43,4.15
368,DEV-BZGFLI,2025-03-16 15:48:22,19.38,33.15,3.93
369,DEV-8VWCT8,2025-05-14 22:35:14,21.37,50.8,3.57
370,DEV-EWFWBE,2025-06-16 04:13:43,21.72,43.43,3.54
371,DEV-S32D1J,2025-04-20 09:13:55,24.54,47.84,3.79
372,DEV-LMFLUO,2025-03-31 19:06:53,23.29,62.09,3.74
373,DEV-PA8JX5,2025-02-06 15:08:33,26.79,26.37,3.76
374,DEV-VMB0ID,2025-11-06 04:04:01,20.8,48.09,3.38
375,DEV-QNRMTN,2025-02-20 15:07:35,19.28,34.8,3.88
376,DEV-579WRR,2025-03-01 14:38:47,21.44,42.37,3.63
377,DEV-30POCR,2025-03-13 03:09:51,22.12,49.35,4.15
378,DEV-OJTXCF,2025-05-08 05:45:09,22.4,26.02,3.75
379,DEV-MUZUQE,2025-11-03 09:23:52,20.98,35.21,3.68
380,DEV-F309HS,2025-03-03 10:27:36,26.34,38.79,3.8
381,DEV-7XFH41,2025-11-01 03:14:15,25.94,50.95,3.57
382,DEV-RXGKIK,2025-06-28 03:38:31,26.35,61.51,4.04
383,DEV-BY4UBZ,2025-01-28 07:17:49,18.05,19.93,4.17
384,DEV-IARONT,2025-08-28 17:17:55,24.9,34.99,3.85
385,DEV-30POCR,2025-08-20 17:55:32,28.42,42.8,3.83
386,DEV-2YUPMA,2025-06-02 05:12:58,26.48,42.74,3.58
387,DEV-516SP1,2025-11-29 12:53:38,19.95,51.23,3.7
388,DEV-F309HS,2025-01-07 18:12:19,20.67,26.39,3.81
389,DEV-EWFWBE,2025-03-06 17:24:20,15.72,41.96,3.47
390,DEV-0DPJHS,2025-05-03 10:45:08,27.14,38.82,4.02
391,DEV-BKN3DK,2025-02-05 16:21:05,18.09,55.83,3.39
392,DEV-I1NQ0E,2025-08-26 14:12:09,20.08,46.11,3.29
393,DEV-AV6763,2025-03-14 11:47:14,24.24,38.34,4.05
394,DEV-JTR0M6,2025-01-30 20:47:38,22.58,63.27,3.86
395,DEV-LMFLUO,2025-08-15 07:12:57,23.46,37.05,3.51
396,DEV-GPBKTM,2025-10-30 16:28:39,19.69,33.01,3.73
397,DEV-P69NGP,2025-12-13 21:52:39,16.97,53.84,3.75
398,DEV-RFKI1I,2025-10-12 22:08:22,22.86,37.87,3.72
399,DEV-URI7EV,2025-01-05 23:14:30,18.48,45.99,3.49
400,DEV-J7VBJR,2025-03-06 20:47:52,24.08,70.98,3.76
401,DEV-P04SBR,2025-08-23 07:16:54,18.43,37.65,3.93
402,DEV-D8UR6T,2025-04-25 11:25:08,21.4,30.51,3.35
403,DEV-AV6763,2025-11-15 08:47:47,28.86,41.77,3.6
404,DEV-GQPQ8R,2025-09-03 05:43:51,22.87,40.39,3.47
405,DEV-EWFWBE,2025-12-15 09:00:21,18.8,56.5,3.55
406,DEV-UNQR8O,2025-01-17 06:13:39,24.0,24.48,3.78
407,DEV-GPJNVW,2025-11-03 12:01:53,21.43,85.31,3.44
408,DEV-LMFLUO,2025-02-06 18:46:19,18.85,34.2,4.05
409,DEV-AOFC9L,2025-12-10 00:28:22,22.1,52.88,3.71
410,DEV-4PEGJK,2025-08-07 10:45:15,26.96,59.02,3.62
411,DEV-AY12TL,2025-05-17 12:11:29,24.42,47.87,3.32
412,DEV-BZJW83,2025-09-03 03:32:42,21.27,54.29,3.73
413,DEV-B76AV3,2025-02-07 09:29:15,17.15,46.06,3.71
414,DEV-AEJT70,2025-09-08 03:43:02,24.94,54.48,3.44
415,DEV-J35VLW,2025-02-22 08:17:32,23.91,38.62,3.5
416,DEV-CIVI05,2025-12-12 13:34:03,15.49,35.2,4.04
417,DEV-WNXFSH,2025-11-05 15:16:18,16.07,18.3,3.62
418,DEV-I05NMS,2025-07-22 08:55:30,28.29,51.53,3.71
419,DEV-AMMPQ0,2025-02-18 02:49:48,23.28,39.85,3.81
420,DEV-B1ZPPE,2025-05-02 07:51:08,16.43,50.61,3.67
421,DEV-7Z4ES3,2025-11-22 13:18:18,26.55,40.24,3.97
422,DEV-NXNPSV,2025-01-16 12:56:58,26.87,63.61,3.55
423,DEV-EGHPMX,2025-09-26 07:10:26,19.16,42.53,3.61
424,DEV-6BSPXL,2025-08-24 08:53:15,18.31,35.68,3.62
425,DEV-FMUIW7,2025-05-01 01:14:22,22.32,39.02,3.54
426,DEV-ZE66VW,2025-05-19 09:40:04,22.64,52.52,3.52
427,DEV-GPJNVW,2025-03-28 06:26:13,21.37,88.79,3.71
428,DEV-EGHPMX,2025-05-10 13:48:09,17.71,65.57,3.97
429,DEV-3ET1OV,2025-09-09 16:31:36,20.59,26.88,3.46
430,DEV-SJWS1Z,2025-12-16 02:29:42,20.3,48.54,3.66
431,DEV-3QUPO4,2025-10-02 20:06:39,16.05,33.24,3.85
432,DEV-6XVQPU,2025-12-26 05:05:32,25.97,39.09,4.1
433,DEV-OJTXCF,2025-10-28 22:05:25,17.75,40.41,3.89
434,DEV-00CDNZ,2025-02-16 05:58:08,27.22,43.71,3.66
435,DEV-D0GV81,2025-03-20 23:54:23,22.61,58.17,3.59
436,DEV-F309HS,2025-10-25 21:48:03,19.43,41.08,3.93
437,DEV-HZYJB4,2025-12-30 12:16:49,23.55,47.52,3.88
438,DEV-2YUPMA,2025-12-08 05:20:32,21.47,44.88,3.7
439,DEV-GPJNVW,2025-08-07 14:54:45,27.3,34.52,3.66
440,DEV-W5APMX,2025-04-21 04:35:45,30.48,36.89,4.1
441,DEV-A68T2A,2025-08-15 21:34:00,23.57,35.86,4.07
442,DEV-JHJXQK,2025-10-02 16:04:07,21.28,54.95,3.78
443,DEV-VNNVBZ,2025-09-13 03:42:27,28.41,39.43,3.74
444,DEV-VMB0ID,2025-02-08 00:43:54,21.18,71.53,3.47
445,DEV-CDZN1F,2025-05-15 01:25:01,19.89,33.26,3.71
446,DEV-QBKERN,2025-10-22 07:12:50,26.92,33.22,3.94
447,DEV-PSALDN,2025-04-08 04:58:13,25.36,28.99,3.31
448,DEV-B76AV3,2025-02-03 05:11:43,19.94,43.39,3.82
449,DEV-SPJ4KI,2025-03-09 06:14:49,23.26,36.91,3.84
450,DEV-XLZS49,2025-07-10 16:08:18,20.62,39.71,3.84
451,DEV-A3VF02,2025-07-18 10:12:47,24.42,60.37,3.57
452,DEV-513BB6,2025-02-17 16:43:06,24.02,42.5,3.64
453,DEV-SEUNNR,2025-09-16 22:45:12,16.89,39.37,3.58
454,DEV-8WUMH9,2025-08-01 05:28:53,22.17,49.29,4.1
455,DEV-LST548,2025-06-11 21:22:22,16.07,47.8,4.01
456,DEV-KPK7YS,2025-04-23 08:30:59,16.31,56.31,3.77
457,DEV-4X5BWA,2025-05-17 13:45:43,20.03,57.55,3.71
458,DEV-A68T2A,2025-11-13 02:12:31,19.61,51.79,3.7
459,DEV-E51K8L,2025-01-12 17:53:37,15.16,59.07,3.64
460,DEV-SNHFT4,2025-12-25 23:31:33,17.25,34.81,3.32
461,DEV-2HNC0I,2025-08-26 09:26:46,15.83,43.21,3.71
462,DEV-QBKERN,2025-10-11 15:31:04,19.04,46.85,4.11
463,DEV-B1ZPPE,2025-06-25 00:12:20,24.1,46.31,3.76
464,DEV-3AH7U0,2025-08-13 21:37:40,27.91,91.2,3.58
465,DEV-EMC20L,2025-03-16 08:38:19,26.23,61.47,3.75
466,DEV-FMUIW7,2025-05-15 02:42:07,23.74,60.91,3.66
467,DEV-0VHV1N,2025-03-23 18:18:24,23.51,40.69,3.5
468,DEV-XLZS49,2025-03-24 07:22:13,21.58,44.0,3.48
469,DEV-IARONT,2025-05-22 08:26:48,21.6,56.48,3.71
470,DEV-JHJXQK,2025-07-28 18:08:25,27.54,67.54,3.41
471,DEV-516SP1,2025-08-03 04:10:38,24.47,32.19,3.7
472,DEV-I05NMS,2025-11-06 14:06:39,22.8,37.91,3.68
473,DEV-6BSPXL,2025-09-12 21:02:39,14.98,42.02,3.84
474,DEV-LCG1J5,2025-07-07 13:37:41,24.91,48.89,3.67
475,DEV-VNNVBZ,2025-09-04 07:17:34,24.97,56.59,3.49
476,DEV-1L1VJ3,2025-09-12 07:25:22,19.52,55.75,3.73
477,DEV-2YUPMA,2025-11-19 05:20:08,22.91,51.81,3.91
478,DEV-2HNC0I,2025-06-11 16:50:40,21.47,33.6,3.59
479,DEV-3B4NTH,2025-12-11 23:54:50,19.85,42.43,4.02
480,DEV-579WRR,2025-06-16 15:17:41,23.64,24.94,3.72
481,DEV-PA8JX5,2025-03-19 05:36:05,17.68,59.68,3.63
482,DEV-1P02JY,2025-06-24 05:25:12,30.16,45.51,3.57
483,DEV-NQY0HU,2025-01-20 20:50:00,24.12,27.54,3.74
484,DEV-G2R0TO,2025-04-06 00:32:59,21.56,80.3,3.68
485,DEV-O4YC3S,2025-06-29 01:50:12,25.84,6.78,3.44
486,DEV-3B0N9C,2025-04-05 07:26:03,25.13,44.06,4.02
487,DEV-576MOU,2025-03-12 01:40:22,19.02,64.72,3.63
488,DEV-DZ61TX,2025-07-09 16:35:50,19.98,37.72,4.02
489,DEV-URI7EV,2025-05-12 20:55:04,12.85,47.48,3.48
490,DEV-D2FF5L,2025-05-19 07:47:35,17.71,52.18,3.89
491,DEV-GPJNVW,2025-10-02 16:54:49,24.67,10.69,3.97
492,DEV-3ET1OV,2025-04-12 20:22:48,22.73,28.65,3.95
493,DEV-2HNC0I,2025-10-10 04:53:59,20.03,44.09,3.78
494,DEV-CWCDT9,2025-01-29 16:57:12,23.39,43.77,3.9
495,DEV-4X5BWA,2025-01-18 00:04:59,19.87,24.8,3.79
496,DEV-URI7EV,2025-09-01 23:36:02,16.2,44.7,3.49
497,DEV-PFY4QC,2025-06-24 23:06:40,18.21,53.03,3.78
498,DEV-K48AB1,2025-03-30 03:37:08,31.18,64.35,3.48
499,DEV-LST548,2025-01-20 07:03:57,21.39,48.12,3.45
500,DEV-6YJMK3,2025-11-22 01:16:29,21.62,31.37,3.76
501,DEV-L7P72L,2025-12-22 20:27:49,24.09,53.58,3.58
502,DEV-2YUPMA,2025-01-18 17:24:05,25.92,55.34,4.02
503,DEV-8DKMU6,2025-02-07 16:38:37,21.1,42.55,4.04
504,DEV-KPK7YS,2025-03-30 22:29:55,26.44,39.36,4.2
505,DEV-3B0N9C,2025-12-06 05:19:28,21.12,38.13,3.43
506,DEV-1P02JY,2025-05-30 17:44:05,21.96,54.4,3.47
507,DEV-4HC7JV,2025-07-23 20:15:34,20.07,42.88,3.87
508,DEV-SEUNNR,2025-08-21 06:24:52,25.08,50.01,3.64
509,DEV-G5GKZJ,2025-04-14 03:26:17,16.47,33.81,3.56
510,DEV-4HC7JV,2025-04-21 20:47:19,22.92,46.1,3.62
511,DEV-CWCDT9,2025-08-13 12:57:15,24.37,28.48,3.69
512,DEV-EBPY9E,2025-08-09 15:23:22,26.1,36.23,3.83
513,DEV-29TNYF,2025-01-26 22:26:41,24.19,45.7,3.34
514,DEV-00CDNZ,2025-03-05 22:53:53,18.32,33.85,3.78
515,DEV-LST548,2025-09-11 02:18:32,24.31,39.05,3.66
516,DEV-DE1E16,2025-09-06 23:32:47,24.96,56.39,3.54
517,DEV-L7P72L,2025-08-12 17:17:43,24.6,40.54,3.98
518,DEV-LMFLUO,2025-11-10 09:24:45,21.04,39.53,3.61
519,DEV-576MOU,2025-05-11 16:04:08,21.39,31.67,3.63
520,DEV-XLZS49,2025-01-30 17:38:14,25.98,37.18,3.64
521,DEV-UNQR8O,2025-10-02 12:12:31,22.01,44.9,4.01
522,DEV-M7VH30,2025-01-10 11:17:09,18.18,54.5,3.72
523,DEV-EJKLCP,2025-03-30 09:43:26,20.36,21.97,3.69
524,DEV-WZSJQ7,2025-05-27 22:06:07,27.97,57.06,3.88
525,DEV-QNRMTN,2025-05-07 18:52:49,16.63,39.27,3.25
526,DEV-0FP8BP,2025-07-05 07:02:58,27.2,43.59,3.74
527,DEV-W5APMX,2025-05-04 06:29:53,22.1,55.57,3.74
528,DEV-RFKI1I,2025-04-17 01:59:26,16.7,78.37,3.87
529,DEV-3QUPO4,2025-12-07 18:36:47,25.17,53.17,3.76
530,DEV-G04AJM,2025-01-06 20:42:34,19.15,37.63,3.47
531,DEV-QBEXGF,2025-02-20 08:13:36,22.38,47.78,3.37
532,DEV-9ZXQER,2025-11-10 08:32:51,14.65,51.32,3.83
533,DEV-SPJ4KI,2025-05-16 04:56:52,27.38,23.96,3.6
534,DEV-L7P72L,2025-01-02 15:00:26,20.82,28.74,3.63
535,DEV-84Z4UR,2025-01-18 04:10:29,19.55,51.04,3.53
536,DEV-VNNVBZ,2025-09-06 19:24:02,22.77,52.94,3.7
537,DEV-URI7EV,2025-07-04 03:39:37,25.54,50.67,3.69
538,DEV-JDCZ1O,2025-08-10 19:15:17,21.24,54.77,3.46
539,DEV-U4PLLG,2025-08-16 07:23:21,25.41,39.45,3.85
540,DEV-576MOU,2025-12-14 05:11:41,21.9,61.21,3.56
541,DEV-30KH58,2025-07-13 01:51:28,22.35,72.32,3.99
542,DEV-4X6G1E,2025-11-08 04:49:50,18.8,35.33,3.74
543,DEV-0FP8BP,2025-07-29 10:31:19,26.23,26.11,3.68
544,DEV-IARONT,2025-10-26 21:43:41,24.68,43.9,3.4
545,DEV-SFN07E,2025-11-25 09:01:32,24.2,58.18,3.81
546,DEV-3AH7U0,2025-03-13 05:27:51,26.27,54.92,3.69
547,DEV-9UW165,2025-04-27 13:49:50,17.8,47.15,3.73
548,DEV-EMC20L,2025-09-21 20:37:00,22.28,10.33,3.96
549,DEV-R2OMRD,2025-01-05 07:39:34,26.43,34.6,3.87
550,DEV-M3V16X,2025-09-26 19:47:41,21.86,61.57,3.92
551,DEV-F05EP4,2025-01-07 03:17:29,22.59,18.81,3.22
552,DEV-7XFH41,2025-01-21 14:15:27,22.48,45.31,3.66
553,DEV-3VEULJ,2025-02-06 08:39:31,23.89,36.4,3.38
554,DEV-2U9AZ3,2025-06-22 09:04:11,14.31,54.81,3.79
555,DEV-B1ZPPE,2025-03-03 01:49:41,22.48,19.99,3.32
556,DEV-BZGFLI,2025-07-25 17:59:27,23.59,40.48,3.91
557,DEV-M3V16X,2025-04-11 14:54:55,23.57,47.35,4.01
558,DEV-DI9OIN,2025-04-29 01:27:01,28.4,39.73,3.66
559,DEV-UNQR8O,2025-06-28 14:41:40,19.66,54.04,3.77
560,DEV-IKS62C,2025-05-12 22:41:03,28.59,21.88,4.01
561,DEV-1L1VJ3,2025-12-08 01:23:52,20.55,28.17,4.12
562,DEV-PFY4QC,2025-03-16 10:53:14,16.6,40.1,4.04
563,DEV-1KJWV2,2025-10-17 10:12:57,28.02,50.05,3.81
564,DEV-OEJV9L,2025-02-14 22:23:51,26.21,52.69,4.02
565,DEV-PSALDN,2025-05-24 06:01:47,22.54,47.59,3.51
566,DEV-4PEGJK,2025-05-17 08:30:20,19.66,31.2,3.56
567,DEV-P5K791,2025-07-27 19:57:23,21.17,36.04,3.89
568,DEV-84Z4UR,2025-08-19 09:58:16,23.02,61.59,3.71
569,DEV-BKN3DK,2025-09-29 10:17:49,27.55,75.32,3.83
570,DEV-WLVA02,2025-04-05 19:52:43,16.74,54.13,3.88
571,DEV-3VWLO7,2025-09-18 16:32:19,21.16,50.16,3.89
572,DEV-GPBKTM,2025-05-07 23:01:06,20.95,27.69,3.33
573,DEV-QCNF9W,2025-06-16 16:28:57,20.06,47.95,3.84
574,DEV-D0WPJ8,2025-01-18 19:09:36,19.41,19.72,3.57
575,DEV-3ET1OV,2025-05-28 00:25:45,28.43,64.71,3.75
576,DEV-ZE66VW,2025-09-04 12:40:12,18.79,53.4,3.61
577,DEV-R0UI1J,2025-05-10 14:37:39,22.54,44.14,3.62
578,DEV-I26LH0,2025-10-23 08:44:40,17.28,27.63,3.58
579,DEV-4X6G1E,2025-09-23 09:06:37,25.47,47.72,3.85
580,DEV-3B4NTH,2025-11-16 07:52:16,20.03,22.47,3.67
581,DEV-6XVQPU,2025-02-11 22:18:20,13.19,40.28,3.65
582,DEV-CWCDT9,2025-07-22 16:04:32,25.89,51.23,3.63
583,DEV-QBEXGF,2025-06-30 18:14:21,19.78,34.31,3.82
584,DEV-QFAF5K,2025-12-15 10:27:56,27.24,44.4,3.53
585,DEV-M3V16X,2025-06-30 07:53:52,26.36,79.95,4.02
586,DEV-WNXFSH,2025-10-23 01:50:42,21.55,18.18,3.57
587,DEV-3T4Y0T,2025-05-24 14:33:30,23.58,33.42,3.61
588,DEV-UNQR8O,2025-03-02 11:33:33,22.38,41.12,3.7
589,DEV-WZSJQ7,2025-07-28 12:53:36,16.4,37.04,3.79
590,DEV-3B0N9C,2025-06-15 14:16:53,27.69,51.79,3.66
591,DEV-GWA44L,2025-10-27 11:18:41,20.98,53.1,3.65
592,DEV-IKS62C,2025-05-23 06:54:26,22.09,45.68,3.92
593,DEV-QBKERN,2025-12-17 21:18:39,22.15,47.04,3.25
594,DEV-LCG1J5,2025-03-02 16:56:25,21.1,18.04,3.58
595,DEV-K48AB1,2025-09-20 21:11:45,24.56,52.09,3.53
596,DEV-AMMPQ0,2025-05-04 03:02:11,21.61,47.9,3.62
597,DEV-Q4KREG,2025-08-26 05:01:17,19.95,34.6,3.98
598,DEV-3T4Y0T,2025-01-30 14:56:36,20.34,69.28,3.56
599,DEV-Z1R2RO,2025-09-12 07:11:35,28.65,43.89,3.68
600,DEV-ZE66VW,2025-03-31 18:59:17,22.24,48.38,3.81
601,DEV-LST548,2025-05-19 14:40:14,28.5,44.39,3.54
602,DEV-JHJXQK,2025-12-28 22:18:10,18.17,20.24,3.24
603,DEV-JDCZ1O,2025-12-14 13:33:13,19.42,29.81,3.19
604,DEV-XEQLEZ,2025-07-26 17:44:08,20.07,40.85,3.97
605,DEV-86Z1B9,2025-04-03 22:42:34,21.67,59.73,3.79
606,DEV-EN7YJF,2025-05-14 12:16:29,19.14,38.13,3.63
607,DEV-F309HS,2025-07-23 15:05:46,21.49,48.09,3.63
608,DEV-2YUPMA,2025-11-03 00:23:15,22.8,51.82,3.53
609,DEV-P69NGP,2025-12-02 14:28:39,26.02,33.01,3.73
610,DEV-8OBS75,2025-04-20 01:06:01,16.63,30.96,3.84
611,DEV-84Z4UR,2025-02-07 09:49:42,25.72,34.81,3.52
612,DEV-ZWKHE9,2025-01-22 04:58:48,24.95,33.86,3.75
613,DEV-G2R0TO,2025-08-13 03:21:33,18.1,28.69,3.53
614,DEV-K48AB1,2025-12-12 22:17:18,18.85,57.93,3.68
615,DEV-P5K791,2025-06-17 12:37:37,23.43,53.78,3.59
616,DEV-SJWS1Z,2025-05-15 02:13:06,19.48,28.76,3.88
617,DEV-OXQ9WF,2025-04-20 07:25:26,27.48,47.51,3.7
618,DEV-QNRMTN,2025-08-12 21:43:16,21.97,40.17,3.47
619,DEV-S4I2NR,2025-06-17 14:53:05,17.16,43.2,3.68
620,DEV-8VWCT8,2025-04-17 20:09:30,17.53,45.5,3.9
621,DEV-NKLYBW,2025-01-24 16:13:20,16.04,22.81,3.46
622,DEV-CIVI05,2025-10-24 17:56:59,21.58,15.12,3.64
623,DEV-AEJT70,2025-11-03 03:46:20,21.77,45.3,3.62
624,DEV-OJTXCF,2025-12-24 23:03:36,24.05,39.18,3.74
625,DEV-7Z4ES3,2025-07-30 16:27:05,27.05,41.66,3.66
626,DEV-VR5NBH,2025-06-20 00:20:04,22.05,35.26,3.77
627,DEV-A3VF02,2025-03-10 06:45:31,27.07,44.82,3.56
628,DEV-LCG1J5,2025-08-10 00:59:43,19.08,19.84,3.67
629,DEV-XEQLEZ,2025-06-02 22:43:12,16.11,45.39,3.66
630,DEV-R0UI1J,2025-12-16 12:14:59,25.17,6.63,4.06
631,DEV-V1M3PP,2025-10-08 02:05:39,24.9,33.92,3.76
632,DEV-BY4UBZ,2025-07-20 12:19:39,23.01,37.71,3.87
633,DEV-4DH9UG,2025-08-07 15:38:12,24.73,17.35,4.07
634,DEV-DE1E16,2025-04-14 02:17:03,12.77,63.95,3.75
635,DEV-G04AJM,2025-10-26 21:01:36,20.12,43.53,3.65
636,DEV-GYTLCQ,2025-11-11 23:34:54,26.48,33.62,3.5
637,DEV-NKLYBW,2025-11-06 08:42:19,20.97,73.22,3.45
638,DEV-7XFH41,2025-12-01 17:56:30,24.6,48.3,3.27
639,DEV-W5APMX,2025-08-18 03:12:02,32.41,50.23,3.88
640,DEV-D0WPJ8,2025-02-23 07:46:54,26.09,41.38,3.79
641,DEV-GQPQ8R,2025-07-08 12:14:42,20.56,36.63,3.65
642,DEV-HZ72KX,2025-08-10 20:30:34,14.93,47.83,3.65
643,DEV-A28DIT,2025-03-16 14:42:25,24.86,2.16,3.5
644,DEV-V1M3PP,2025-12-15 18:15:37,13.91,16.62,3.8
645,DEV-JDCZ1O,2025-06-21 20:24:52,18.84,22.13,3.58
646,DEV-GPJNVW,2025-02-11 02:03:05,19.04,8.8,3.65
647,DEV-WNXFSH,2025-06-06 17:55:52,21.52,51.68,3.48
648,DEV-JE2XE0,2025-12-01 19:52:23,23.1,33.14,3.51
649,DEV-EN7YJF,2025-03-22 09:36:02,18.55,62.05,3.89
650,DEV-1L1VJ3,2025-07-27 18:35:44,26.21,40.62,3.92
651,DEV-CEGBMX,2025-11-10 00:15:16,27.67,30.61,3.45
652,DEV-3ET1OV,2025-03-27 18:07:06,21.03,41.5,3.82
653,DEV-PKN3B8,2025-08-20 14:53:03,26.29,59.18,3.55
654,DEV-7BA7DO,2025-06-26 20:21:54,19.24,38.76,3.6
655,DEV-4PEGJK,2025-04-17 19:58:02,17.86,61.21,3.94
656,DEV-VMB0ID,2025-05-19 09:58:54,26.32,58.95,3.64
657,DEV-M3V16X,2025-04-12 04:34:08,23.06,33.9,3.64
658,DEV-V6YJOA,2025-11-06 14:51:11,23.57,35.15,3.37
659,DEV-B1ZPPE,2025-01-30 10:06:58,29.36,34.32,3.63
660,DEV-579WRR,2025-07-13 04:05:15,24.67,24.42,3.57
661,DEV-RFKI1I,2025-11-17 09:39:43,31.61,20.17,3.79
662,DEV-9B0MQO,2025-09-01 07:11:37,22.37,35.0,3.59
663,DEV-2YUPMA,2025-11-10 06:18:18,28.05,5.91,3.94
664,DEV-NKLYBW,2025-07-04 11:32:52,21.8,25.39,3.78
665,DEV-BZJW83,2025-10-20 02:27:23,17.39,49.54,3.74
666,DEV-P69NGP,2025-09-04 08:45:51,25.33,21.39,3.84
667,DEV-SNHFT4,2025-04-28 07:37:22,21.85,61.46,3.74
668,DEV-WLVA02,2025-03-14 07:24:56,30.3,51.09,3.85
669,DEV-G04AJM,2025-03-10 01:19:23,24.26,69.9,3.67
670,DEV-DI9OIN,2025-08-30 07:42:51,25.81,73.07,3.68
671,DEV-BZGFLI,2025-06-01 23:53:49,15.73,53.21,3.54
672,DEV-HZYJB4,2025-11-15 01:32:15,24.9,33.21,3.56
673,DEV-40ACUH,2025-04-04 09:01:59,21.72,17.18,3.96
674,DEV-GMP9A9,2025-09-28 03:20:20,18.9,19.94,3.79
675,DEV-0FP8BP,2025-08-17 08:15:45,27.62,71.48,3.39
676,DEV-Z6Y3Z1,2025-01-30 08:35:06,16.83,19.63,3.91
677,DEV-BZGFLI,2025-04-23 09:58:16,23.42,38.78,3.73
678,DEV-WLVA02,2025-12-01 03:08:17,19.54,60.07,3.54
679,DEV-86Z1B9,2025-05-28 13:48:09,23.09,28.89,4.06
680,DEV-5YRG29,2025-02-26 15:51:21,20.88,61.8,3.95
681,DEV-S3KDZ4,2025-06-26 15:03:03,21.28,41.07,3.85
682,DEV-DI9OIN,2025-11-08 16:36:02,22.23,45.3,3.73
683,DEV-EJKLCP,2025-02-25 17:39:33,18.16,37.71,3.77
684,DEV-AEJT70,2025-09-22 07:26:23,26.11,28.25,3.27
685,DEV-L7P72L,2025-08-25 22:43:13,24.66,52.44,3.85
686,DEV-5YRG29,2025-10-05 12:59:51,18.05,50.59,3.74
687,DEV-PFY4QC,2025-03-18 08:21:26,27.65,53.11,3.75
688,DEV-7Z4ES3,2025-05-04 23:19:17,25.04,57.25,3.74
689,DEV-LCG1J5,2025-01-28 11:38:42,22.41,35.64,3.61
690,DEV-Y47QUU,2025-05-22 00:20:43,16.32,50.58,3.51
691,DEV-X5FL2M,2025-06-07 15:37:49,19.42,55.62,3.72
692,DEV-3VWLO7,2025-06-16 11:53:49,14.45,48.29,3.43
693,DEV-P5K791,2025-07-04 14:31:22,22.72,35.97,3.76
694,DEV-Q4KREG,2025-01-12 06:04:23,25.39,47.51,3.49
695,DEV-BKN3DK,2025-06-18 08:58:57,19.11,12.22,3.89
696,DEV-CDZN1F,2025-11-15 06:51:28,22.02,47.83,3.41
697,DEV-3VWLO7,2025-04-16 02:12:54,25.97,25.49,3.69
698,DEV-516SP1,2025-09-11 02:38:11,19.51,42.46,3.71
699,DEV-RXGKIK,2025-04-08 00:38:24,24.23,35.9,3.94
700,DEV-K48AB1,2025-04-29 08:03:20,30.42,42.91,3.75
701,DEV-D2FF5L,2025-08-14 03:11:38,24.94,18.89,3.54
702,DEV-G04AJM,2025-06-01 21:37:54,17.88,52.76,3.52
703,DEV-QCNF9W,2025-07-22 01:03:34,21.9,55.84,3.99
704,DEV-3ET1OV,2025-06-12 08:18:45,24.9,27.51,3.69
705,DEV-RUMXQW,2025-10-24 17:00:24,24.0,21.75,3.66
706,DEV-A28DIT,2025-05-02 21:40:45,17.71,28.52,3.56
707,DEV-G2R0TO,2025-01-16 10:30:06,23.75,53.31,3.46
708,DEV-OXQ9WF,2025-12-02 13:33:13,21.15,41.18,4.08
709,DEV-XEQLEZ,2025-04-16 03:42:45,20.18,39.11,3.71
710,DEV-W5APMX,2025-09-19 10:09:09,24.21,39.93,3.48
711,DEV-QCNF9W,2025-01-20 09:38:46,29.05,32.12,3.85
712,DEV-3VEULJ,2025-09-01 14:00:48,19.02,47.17,3.82
713,DEV-F309HS,2025-09-01 10:51:49,23.81,64.91,3.45
714,DEV-I26LH0,2025-07-31 17:40:15,21.68,28.76,3.58
715,DEV-I26LH0,2025-08-12 02:33:44,24.44,51.54,3.79
716,DEV-6YJMK3,2025-12-19 19:36:58,22.43,41.37,3.85
717,DEV-G04AJM,2025-09-19 23:57:22,19.69,41.24,3.55
718,DEV-CIVI05,2025-08-08 16:39:09,19.53,62.85,3.33
719,DEV-6BSPXL,2025-01-08 11:07:49,23.85,57.03,3.75
720,DEV-LMFLUO,2025-01-14 13:04:03,22.52,42.31,3.87
721,DEV-PA8JX5,2025-05-10 22:28:31,24.48,56.11,3.69
722,DEV-SNHFT4,2025-01-22 08:35:34,15.62,16.41,3.64
723,DEV-00CDNZ,2025-08-13 08:12:06,26.37,9.24,4.02
724,DEV-X5FL2M,2025-08-23 05:26:52,27.66,31.64,3.3
725,DEV-IKVREC,2025-12-07 23:09:55,22.61,27.1,3.84
726,DEV-9ZXQER,2025-07-18 09:46:15,24.64,38.56,3.86
727,DEV-QCNF9W,2025-05-14 12:12:07,25.9,59.3,3.55
728,DEV-VMB0ID,2025-06-27 06:07:53,21.28,39.05,3.24
729,DEV-HZYJB4,2025-02-13 23:57:37,22.93,56.28,3.85
730,DEV-J7VBJR,2025-01-08 01:49:32,23.94,55.95,3.76
731,DEV-GQPQ8R,2025-10-07 01:05:50,19.91,15.92,3.98
732,DEV-167D6V,2025-01-27 23:29:38,22.55,52.98,3.59
733,DEV-CIHDIY,2025-02-20 15:21:41,13.92,59.99,3.73
734,DEV-R2OMRD,2025-03-10 02:46:46,19.5,61.03,3.36
735,DEV-6BSPXL,2025-10-08 11:10:53,27.86,41.02,3.84
736,DEV-7Z4ES3,2025-02-13 23:40:03,23.55,43.87,3.39
737,DEV-JDCZ1O,2025-06-24 23:06:56,18.81,44.85,3.69
738,DEV-8VWCT8,2025-04-29 07:42:11,17.06,41.59,3.49
739,DEV-LST548,2025-12-31 09:33:35,32.09,27.3,3.77
740,DEV-LCG1J5,2025-09-26 13:16:53,19.19,30.72,3.66
741,DEV-OJTXCF,2025-06-30 16:01:43,20.01,52.11,3.65
742,DEV-AOFC9L,2025-02-22 20:48:12,24.4,40.75,3.69
743,DEV-SPJ4KI,2025-10-20 11:21:00,18.68,44.55,3.71
744,DEV-NQY0HU,2025-07-10 06:06:53,23.51,59.42,3.98
745,DEV-7BA7DO,2025-07-13 00:54:04,22.11,44.18,3.79
746,DEV-QCNF9W,2025-02-09 17:37:20,17.31,25.9,3.56
747,DEV-D0WPJ8,2025-03-19 21:30:28,22.2,76.14,3.58
748,DEV-VMB0ID,2025-07-08 11:31:02,23.3,38.57,3.9
749,DEV-GYTLCQ,2025-04-05 22:03:33,17.77,37.7,3.49
750,DEV-30KH58,2025-01-25 06:19:14,24.08,47.33,3.7
751,DEV-I05NMS,2025-04-13 05:43:08,24.79,40.94,3.36
752,DEV-ZE66VW,2025-10-29 17:16:22,17.91,42.12,3.68
753,DEV-87H91E,2025-06-08 16:18:07,23.94,34.52,3.48
754,DEV-KPK7YS,2025-12-24 16:52:03,22.92,57.62,3.57
755,DEV-Y47QUU,2025-07-27 06:33:58,20.63,59.82,3.74
756,DEV-W5APMX,2025-12-13 00:13:05,20.96,70.34,3.82
757,DEV-4NRMQY,2025-04-04 00:03:47,23.58,72.56,3.56
758,DEV-167D6V,2025-11-20 19:34:43,19.64,13.42,3.92
759,DEV-4X5BWA,2025-02-08 02:04:37,24.31,52.22,3.46
760,DEV-EMC20L,2025-12-02 04:46:51,18.79,25.32,3.86
761,DEV-3VEULJ,2025-06-13 22:03:50,19.08,62.38,3.62
762,DEV-BY4UBZ,2025-12-07 07:53:07,16.86,47.92,3.89
763,DEV-576MOU,2025-11-18 02:50:17,15.12,32.13,3.62
764,DEV-6BSPXL,2025-02-24 13:11:28,22.6,26.04,3.56
765,DEV-I0HN3F,2025-03-13 03:12:36,14.18,33.26,3.82
766,DEV-D6LQGA,2025-02-11 21:25:04,23.31,31.01,3.79
767,DEV-G04AJM,2025-11-22 07:28:34,21.66,63.03,3.59
768,DEV-DZ61TX,2025-05-12 07:08:24,29.54,44.15,3.81
769,DEV-XLZS49,2025-01-21 06:14:26,24.43,28.15,3.67
770,DEV-RXGKIK,2025-01-01 20:33:38,24.04,49.45,3.73
771,DEV-DZ61TX,2025-06-15 05:32:12,19.31,49.18,3.77
772,DEV-LCG1J5,2025-03-01 20:20:24,19.74,41.17,3.42
773,DEV-UXL39D,2025-03-17 18:13:15,20.32,61.9,3.7
774,DEV-3QUPO4,2025-04-01 10:36:39,21.86,52.06,3.41
775,DEV-SILN3O,2025-07-26 07:59:37,19.66,50.87,3.49
776,DEV-8DKMU6,2025-03-29 05:17:34,24.28,15.86,3.68
777,DEV-CDZN1F,2025-03-23 13:06:32,20.44,38.5,3.9
778,DEV-JBBSXP,2025-01-17 00:55:39,26.46,53.52,3.65
779,DEV-D2FF5L,2025-11-25 23:31:49,18.71,49.25,3.63
780,DEV-L88L12,2025-07-29 16:48:54,24.98,44.99,3.61
781,DEV-ZWKHE9,2025-11-08 12:45:55,29.72,54.09,3.78
782,DEV-40ACUH,2025-02-22 10:38:36,29.07,50.53,3.48
783,DEV-AMMPQ0,2025-05-08 15:44:30,18.56,55.86,3.42
784,DEV-OEJV9L,2025-05-26 08:30:41,26.61,49.69,3.97
785,DEV-86Z1B9,2025-10-31 17:09:05,13.11,55.2,3.78
786,DEV-513BB6,2025-11-06 05:17:26,15.78,54.45,3.56
787,DEV-7BA7DO,2025-09-05 04:36:25,24.4,43.74,3.57
788,DEV-B1ZPPE,2025-01-01 01:58:07,23.75,44.53,3.59
789,DEV-513BB6,2025-02-10 11:30:30,24.41,46.16,3.44
790,DEV-J35VLW,2025-03-14 11:18:31,20.05,26.34,3.64
791,DEV-EN7YJF,2025-06-09 12:01:56,17.54,21.83,3.7
792,DEV-JNMYK8,2025-07-31 21:49:16,14.77,52.56,3.97
793,DEV-EMC20L,2025-11-29 12:05:43,18.55,53.36,3.72
794,DEV-SPJ4KI,2025-10-23 01:14:31,24.6,44.62,3.85
795,DEV-4X6G1E,2025-05-19 16:58:49,25.44,50.33,3.64
796,DEV-URI7EV,2025-10-31 07:32:02,23.19,54.85,3.61
797,DEV-S32D1J,2025-02-12 19:04:19,22.78,51.53,3.7
798,DEV-QBEXGF,2025-06-28 21:21:09,28.77,53.41,3.87
799,DEV-PFY4QC,2025-07-08 14:17:39,27.63,25.56,3.58
800,DEV-PPJ590,2025-09-03 10:46:11,25.78,69.69,3.74
801,DEV-PFY4QC,2025-10-25 19:15:26,26.62,49.85,3.74
802,DEV-D6LQGA,2025-06-03 08:53:56,23.4,59.03,3.7
803,DEV-3B0N9C,2025-04-14 15:18:07,23.91,53.77,3.87
804,DEV-SJWS1Z,2025-01-11 09:57:58,18.91,29.54,3.71
805,DEV-LCG1J5,2025-01-25 00:26:41,23.52,34.7,3.67
806,DEV-9ZXQER,2025-10-23 03:16:28,19.42,37.13,3.69
807,DEV-Z6V7S7,2025-01-25 14:42:09,26.96,62.23,3.28
808,DEV-9B0MQO,2025-03-25 05:55:07,24.5,30.56,3.67
809,DEV-B1ZPPE,2025-04-16 07:32:09,20.29,26.21,3.49
810,DEV-GMP9A9,2025-08-29 17:44:29,24.81,51.44,3.66
811,DEV-HALCKZ,2025-04-29 03:31:52,26.49,71.29,3.7
812,DEV-579WRR,2025-04-18 06:11:43,18.51,32.38,3.79
813,DEV-0FP8BP,2025-11-26 12:55:15,20.97,66.5,4.1
814,DEV-HZYJB4,2025-06-29 04:26:44,18.11,56.2,3.97
815,DEV-SNHFT4,2025-05-11 23:48:18,21.84,38.68,3.7
816,DEV-QCNF9W,2025-10-22 21:07:05,27.34,25.16,3.81
817,DEV-BKN3DK,2025-04-01 22:48:19,22.0,39.94,3.62
818,DEV-L88L12,2025-08-29 05:39:09,24.32,33.13,3.74
819,DEV-3ET1OV,2025-09-04 12:47:39,19.82,63.0,3.74
820,DEV-GQPQ8R,2025-06-17 16:24:16,25.4,44.5,3.5
821,DEV-L88L12,2025-08-11 15:56:12,21.75,52.22,3.61
822,DEV-W5APMX,2025-10-05 13:33:25,25.05,52.32,3.36
823,DEV-GPJNVW,2025-07-09 04:21:25,25.47,35.4,3.66
824,DEV-P5K791,2025-01-19 11:34:57,17.78,46.08,3.69
825,DEV-2U9AZ3,2025-01-14 21:17:33,19.27,60.02,3.69
826,DEV-URI7EV,2025-08-31 07:13:29,20.35,43.86,3.5
827,DEV-SJZSB6,2025-04-19 05:27:58,29.1,41.01,3.68
828,DEV-GPBKTM,2025-07-09 10:10:23,27.43,55.35,3.73
829,DEV-CEGBMX,2025-08-06 03:42:49,22.4,25.5,3.79
830,DEV-0DPJHS,2025-10-26 09:51:59,32.96,11.95,3.75
831,DEV-0VHV1N,2025-11-07 20:48:25,16.76,49.32,3.64
832,DEV-RUMXQW,2025-08-24 11:44:16,21.06,60.37,3.67
833,DEV-RUMXQW,2025-06-17 21:54:53,26.7,72.03,3.75
834,DEV-PFY4QC,2025-09-25 23:26:59,22.18,47.94,3.62
835,DEV-1P02JY,2025-07-12 00:22:09,18.61,57.36,3.53
836,DEV-SJWS1Z,2025-08-30 08:43:27,23.59,64.77,3.62
837,DEV-4X5BWA,2025-06-11 14:22:59,32.7,45.47,3.78
838,DEV-A68T2A,2025-12-30 21:41:14,18.66,35.38,3.84
839,DEV-QBEXGF,2025-12-05 05:13:54,19.07,33.84,3.89
840,DEV-AY12TL,2025-10-06 13:08:23,17.7,40.58,3.53
841,DEV-U4PLLG,2025-05-15 11:03:45,20.32,66.74,4.09
842,DEV-O4YC3S,2025-07-12 21:26:07,26.33,58.98,3.56
843,DEV-P5K791,2025-03-30 15:50:17,28.27,41.72,3.65
844,DEV-J7VBJR,2025-02-11 12:02:07,16.94,63.68,3.94
845,DEV-SILN3O,2025-04-03 19:23:50,24.44,51.79,3.37
846,DEV-0KJD2V,2025-08-03 11:47:04,25.09,41.74,3.73
847,DEV-167D6V,2025-12-15 16:32:16,19.27,47.66,3.64
848,DEV-AMMPQ0,2025-01-01 23:14:10,24.97,51.04,3.42
849,DEV-E51K8L,2025-12-01 20:28:05,23.5,47.05,3.42
850,DEV-GPBKTM,2025-06-13 13:07:26,26.37,71.12,3.92
851,DEV-C7ISUT,2025-04-16 16:50:38,13.09,42.75,3.8
852,DEV-AV6763,2025-08-20 06:32:57,23.16,24.26,3.89
853,DEV-AMMPQ0,2025-02-15 08:56:15,25.26,49.69,3.49
854,DEV-30POCR,2025-07-24 17:40:09,26.19,40.63,3.76
855,DEV-JDCZ1O,2025-01-21 23:19:09,25.23,24.86,4.15
856,DEV-R2OMRD,2025-06-26 16:16:27,17.17,54.97,3.65
857,DEV-NKLYBW,2025-06-16 01:02:46,27.71,0.0,3.71
858,DEV-Y47QUU,2025-10-21 11:03:44,24.98,49.33,3.7
859,DEV-A28DIT,2025-09-22 07:14:16,22.08,9.46,3.68
860,DEV-J7VBJR,2025-10-03 02:18:19,22.14,45.08,3.54
861,DEV-1KJWV2,2025-12-06 10:05:31,29.05,53.3,3.71
862,DEV-KPK7YS,2025-01-08 15:53:43,24.85,55.98,4.03
863,DEV-CZJJY4,2025-09-27 12:11:06,22.62,57.13,3.69
864,DEV-V6YJOA,2025-11-14 02:10:49,18.6,29.18,3.94
865,DEV-EGHPMX,2025-07-31 03:49:31,21.09,47.85,4.2
866,DEV-DI9OIN,2025-06-12 08:13:24,18.59,34.48,3.54
867,DEV-2HNC0I,2025-11-07 01:40:35,15.0,33.62,3.81
868,DEV-9B0MQO,2025-02-14 22:24:00,22.9,43.35,3.47
869,DEV-JBBSXP,2025-08-21 17:55:20,14.99,38.69,3.67
870,DEV-GPJNVW,2025-02-22 20:24:55,19.48,29.46,4.2
871,DEV-30POCR,2025-08-21 00:53:16,20.76,49.83,3.83
872,DEV-6YJMK3,2025-12-08 13:58:57,16.16,53.23,3.76
873,DEV-BZGFLI,2025-06-20 10:14:59,26.07,32.08,3.46
874,DEV-EJKLCP,2025-01-06 05:24:19,21.54,42.23,3.58
875,DEV-ZM32HZ,2025-02-13 18:19:08,12.81,42.49,3.53
876,DEV-SNHFT4,2025-04-01 20:36:50,25.36,42.73,3.49
877,DEV-VNNVBZ,2025-07-15 21:18:07,29.08,44.15,3.87
878,DEV-S2SUMH,2025-01-04 10:10:15,22.72,49.33,3.84
879,DEV-3B4NTH,2025-05-01 02:26:34,24.48,62.52,3.67
880,DEV-AY12TL,2025-03-04 06:45:58,23.29,46.95,3.59
881,DEV-4NRMQY,2025-04-02 09:24:09,24.28,37.35,3.85
882,DEV-29TNYF,2025-09-04 17:23:23,19.84,44.82,4.04
883,DEV-QFAF5K,2025-08-07 20:29:12,19.01,29.05,3.9
884,DEV-AY12TL,2025-12-03 02:19:49,17.79,31.54,3.72
885,DEV-QCNF9W,2025-08-19 11:29:42,22.48,51.49,3.88
886,DEV-3B0N9C,2025-10-21 23:04:21,24.58,0.0,3.89
887,DEV-D0WPJ8,2025-07-07 15:34:47,24.53,41.75,3.73
888,DEV-SPJ4KI,2025-11-04 21:03:01,20.32,58.92,3.73
889,DEV-Z1R2RO,2025-06-17 23:04:00,21.22,51.06,3.59
890,DEV-4DH9UG,2025-09-21 21:38:15,21.21,57.91,3.87
891,DEV-6J0M3L,2025-04-15 01:15:27,19.98,50.04,3.67
892,DEV-0DPJHS,2025-08-12 15:37:38,14.29,74.88,3.5
893,DEV-D0GV81,2025-04-25 01:51:33,21.22,26.54,3.51
894,DEV-PKN3B8,2025-08-23 10:27:51,20.8,46.73,3.69
895,DEV-JTR0M6,2025-09-29 09:07:03,21.81,55.91,3.51
896,DEV-9ZXQER,2025-10-01 21:55:50,19.87,38.67,4.2
897,DEV-7BA7DO,2025-08-18 15:56:04,23.16,62.68,3.8
898,DEV-SFN07E,2025-08-05 22:23:06,32.83,54.07,3.6
899,DEV-A28DIT,2025-02-03 05:06:18,25.13,22.62,3.74
900,DEV-QNRMTN,2025-07-16 04:46:58,20.1,50.43,3.85
901,DEV-W5APMX,2025-11-13 22:10:08,21.11,54.12,3.74
902,DEV-U4PLLG,2025-08-02 04:02:06,21.55,69.49,3.51
903,DEV-U4PLLG,2025-02-15 22:17:58,22.46,42.31,3.68
904,DEV-MOWNX2,2025-11-29 11:54:34,21.98,53.38,3.65
905,DEV-PFY4QC,2025-08-28 22:27:11,20.19,48.86,3.61
906,DEV-GPJNVW,2025-09-11 22:31:29,19.98,36.57,3.53
907,DEV-GPBKTM,2025-08-16 12:18:01,24.58,39.76,3.88
908,DEV-OEJV9L,2025-08-09 19:21:12,20.95,12.11,3.79
909,DEV-W5APMX,2025-06-15 04:05:05,24.29,37.91,3.79
910,DEV-3QUPO4,2025-03-14 04:33:23,21.13,68.57,3.33
911,DEV-TGMALW,2025-08-13 04:50:16,14.78,42.41,3.62
912,DEV-IKS62C,2025-03-27 11:36:24,17.77,57.67,3.95
913,DEV-CEGBMX,2025-03-22 23:39:54,15.6,48.42,3.78
914,DEV-QBKERN,2025-08-03 17:36:16,22.83,51.37,3.47
915,DEV-4HC7JV,2025-06-13 03:17:33,15.2,74.92,4.03
916,DEV-86Z1B9,2025-08-28 07:52:49,20.0,38.87,3.22
917,DEV-ZE66VW,2025-03-10 13:05:21,20.52,38.77,3.73
918,DEV-K48AB1,2025-05-17 00:12:27,21.01,61.31,4.04
919,DEV-CWCDT9,2025-06-01 12:02:06,25.52,43.79,3.39
920,DEV-4HC7JV,2025-04-07 11:02:52,26.22,40.91,3.6
921,DEV-7BA7DO,2025-06-07 23:01:27,19.03,59.31,3.42
922,DEV-A68T2A,2025-07-05 13:26:49,21.92,48.88,3.98
923,DEV-LST548,2025-06-17 19:11:23,20.31,42.73,3.54
924,DEV-GQPQ8R,2025-09-01 08:03:31,23.69,39.87,3.9
925,DEV-W5APMX,2025-04-29 23:31:58,21.67,32.35,3.98
926,DEV-S2SUMH,2025-07-15 15:29:17,23.81,21.78,3.44
927,DEV-A28DIT,2025-10-15 14:09:16,17.47,61.67,3.4
928,DEV-9ZXQER,2025-03-06 16:40:22,22.91,38.64,3.8
929,DEV-87H91E,2025-06-11 18:45:59,16.39,19.45,3.86
930,DEV-1P02JY,2025-03-26 20:35:28,18.88,71.75,3.69
931,DEV-CIVI05,2025-02-28 16:36:02,22.41,46.3,3.71
932,DEV-EMC20L,2025-10-09 17:42:49,14.2,45.34,4.0
933,DEV-86Z1B9,2025-05-30 08:38:29,13.25,21.19,3.65
934,DEV-E51K8L,2025-05-01 23:59:12,17.37,53.72,3.98
935,DEV-L7P72L,2025-09-26 07:21:39,18.24,37.03,3.58
936,DEV-I05NMS,2025-09-12 07:12:24,18.66,37.07,4.18
937,DEV-G2R0TO,2025-08-12 12:01:20,19.9,51.21,3.52
938,DEV-DI9OIN,2025-02-24 05:04:21,23.23,46.81,3.94
939,DEV-LST548,2025-05-16 12:07:27,29.84,30.42,3.51
940,DEV-3B4NTH,2025-07-09 16:19:01,19.49,23.64,3.86
941,DEV-M3V16X,2025-09-10 06:29:05,23.53,47.48,3.7
942,DEV-8VWCT8,2025-11-08 02:48:31,26.98,46.18,3.76
943,DEV-1P02JY,2025-03-25 04:33:09,26.27,84.09,3.83
944,DEV-L7P72L,2025-12-20 16:05:29,18.86,11.28,3.75
945,DEV-LMFLUO,2025-06-26 02:41:53,25.49,47.21,3.73
946,DEV-RXGKIK,2025-04-04 10:10:46,27.16,20.65,3.33
947,DEV-D8UR6T,2025-02-04 05:30:53,28.12,38.78,3.98
948,DEV-4HC7JV,2025-07-31 02:30:13,28.27,38.59,4.01
949,DEV-4HC7JV,2025-05-06 00:51:33,17.6,53.13,3.68
950,DEV-UNQR8O,2025-08-18 13:12:24,22.96,53.55,3.81
951,DEV-Y47QUU,2025-06-17 21:20:40,19.24,65.47,3.97
952,DEV-QCNF9W,2025-01-14 13:53:29,16.77,48.7,3.82
953,DEV-F309HS,2025-03-15 07:28:01,23.91,59.78,3.59
954,DEV-MUZUQE,2025-02-21 08:32:47,22.8,65.64,3.46
955,DEV-84Z4UR,2025-12-28 11:19:05,22.68,48.87,3.83
956,DEV-XEQLEZ,2025-07-26 16:32:10,20.1,62.62,3.73
957,DEV-QCNF9W,2025-10-23 09:26:33,31.8,48.2,3.7
958,DEV-ZWKHE9,2025-02-12 22:39:07,28.04,44.9,3.55
959,DEV-IKVREC,2025-01-03 07:32:12,20.33,35.34,3.63
960,DEV-G04AJM,2025-04-05 11:33:33,21.91,50.73,3.77
961,DEV-WLVA02,2025-08-26 15:42:32,23.98,50.14,3.64
962,DEV-I26LH0,2025-06-16 20:51:07,26.11,50.34,3.71
963,DEV-JBBSXP,2025-01-19 19:28:12,23.93,62.1,3.69
964,DEV-Y47QUU,2025-07-26 00:45:17,22.46,58.61,3.83
965,DEV-I26LH0,2025-08-18 06:48:58,16.33,22.88,3.41
966,DEV-2U9AZ3,2025-08-02 11:40:22,29.85,23.17,3.63
967,DEV-I05NMS,2025-02-25 10:48:10,19.48,46.85,3.48
968,DEV-A3VF02,2025-11-30 14:54:40,26.24,30.36,3.73
969,DEV-L7P72L,2025-05-12 20:55:36,22.13,43.56,3.54
970,DEV-S4I2NR,2025-01-09 10:56:47,27.0,31.33,3.89
971,DEV-0DPJHS,2025-08-19 06:30:02,16.8,46.45,3.62
972,DEV-CEGBMX,2025-06-02 07:33:44,19.46,29.72,3.58
973,DEV-JBBSXP,2025-11-01 17:34:08,21.44,51.03,3.53
974,DEV-VR5NBH,2025-10-11 19:31:26,18.33,28.95,3.75
975,DEV-J7VBJR,2025-07-09 03:50:20,19.85,47.04,3.45
976,DEV-BZGFLI,2025-01-16 09:57:17,27.16,19.7,3.68
977,DEV-J7VBJR,2025-12-09 23:18:03,24.21,28.04,3.68
978,DEV-VMB0ID,2025-07-22 05:49:38,27.79,55.59,3.6
979,DEV-4X6G1E,2025-06-23 03:48:33,22.26,64.23,3.74
980,DEV-AOFC9L,2025-06-17 11:13:51,21.36,58.67,3.61
981,DEV-O4YC3S,2025-12-05 08:40:07,16.77,56.37,3.76
982,DEV-8WUMH9,2025-02-03 19:57:19,26.19,67.22,3.59
983,DEV-P04SBR,2025-08-17 01:42:22,21.36,59.48,3.55
984,DEV-NXNPSV,2025-01-01 01:02:35,22.78,22.04,3.75
985,DEV-AOFC9L,2025-11-18 18:26:06,19.76,59.3,3.86
986,DEV-S4I2NR,2025-04-25 10:55:42,33.38,59.06,4.2
987,DEV-6BSPXL,2025-08-02 22:00:29,22.49,16.9,3.63
988,DEV-VNNVBZ,2025-09-11 01:42:01,19.14,34.9,3.85
989,DEV-OUFHW8,2025-05-25 07:51:44,17.36,68.69,3.61
990,DEV-CDZN1F,2025-02-16 13:24:54,24.11,43.06,3.85
991,DEV-4X6G1E,2025-10-07 18:01:42,18.99,27.89,3.96
992,DEV-UXL39D,2025-06-27 12:08:24,20.2,57.95,3.73
993,DEV-DI9OIN,2025-08-01 12:34:18,15.89,40.87,3.84
994,DEV-2U9AZ3,2025-12-26 09:36:52,22.27,39.21,3.79
995,DEV-B1ZPPE,2025-10-12 12:46:57,22.23,58.11,3.7
996,DEV-G2R0TO,2025-09-02 06:27:07,29.43,51.06,3.61
997,DEV-3VWLO7,2025-09-10 16:22:02,19.86,43.23,3.63
998,DEV-VNNVBZ,2025-07-25 18:15:36,13.21,49.96,3.44
999,DEV-O4YC3S,2025-03-13 22:53:55,21.11,42.38,3.91
1000,DEV-IKS62C,2025-08-10 19:50:07,27.21,58.71,4.07
