ticket_id,customer_id,created_at,priority,status,category,sla_hours
TKT-000001,133,2024-08-13 09:00:00,High,Resolved,Account,24
TKT-000002,197,2024-07-23 20:50:00,Low,In Progress,Shipping,120
TKT-000003,910,2025-01-19 20:36:00,Low,Resolved,Account,96
TKT-000004,347,2024-12-17 15:29:00,Medium,Resolved,Returns,48
TKT-000005,49,2025-12-01 11:38:00,Medium,Open,Shipping,48
TKT-000006,64,2024-09-05 01:52:00,Medium,In Progress,Returns,96
TKT-000007,624,2024-07-19 06:12:00,Low,Resolved,Billing,48
TKT-000008,868,2025-11-04 04:58:00,Medium,Resolved,Returns,48
TKT-000009,697,2024-07-10 17:22:00,Medium,Resolved,Account,24
TKT-000010,104,2024-10-31 12:55:00,High,Resolved,Billing,72
TKT-000011,931,2024-09-14 11:10:00,High,Open,Billing,96
TKT-000012,213,2025-12-05 00:10:00,Low,Resolved,Technical,96
TKT-000013,517,2024-12-28 00:07:00,High,In Progress,Account,48
TKT-000014,119,2024-12-19 19:36:00,Low,Resolved,Account,72
TKT-000015,856,2025-08-07 19:18:00,High,In Progress,Shipping,72
TKT-000016,761,2025-12-17 23:16:00,Medium,Resolved,Returns,24
TKT-000017,679,2024-10-25 07:40:00,Medium,Resolved,Returns,24
TKT-000018,895,2025-10-12 20:58:00,Medium,Resolved,Account,120
TKT-000019,242,2025-03-09 04:14:00,Low,Closed,Returns,48
TKT-000020,280,2025-04-06 09:45:00,Low,Open,Account,48
TKT-000021,424,2024-07-21 22:31:00,Low,In Progress,Billing,48
TKT-000022,363,2025-10-08 06:01:00,High,In Progress,Returns,120
TKT-000023,750,2025-07-14 23:17:00,Medium,Closed,Returns,72
TKT-000024,306,2025-02-28 16:42:00,Low,Open,Account,72
TKT-000025,717,2025-09-01 13:07:00,High,In Progress,Account,48
TKT-000026,486,2024-09-28 03:28:00,Low,Closed,Shipping,72
TKT-000027,314,2024-07-16 04:26:00,High,Closed,Returns,72
TKT-000028,513,2025-01-29 10:55:00,Medium,Closed,Technical,96
TKT-000029,683,2025-04-07 16:36:00,Medium,In Progress,Account,48
TKT-000030,167,2025-12-14 09:13:00,Low,Resolved,Technical,48
TKT-000031,394,2025-04-27 12:15:00,High,Resolved,Billing,96
TKT-000032,770,2024-06-11 07:00:00,Low,Resolved,Billing,72
TKT-000033,63,2025-07-29 05:07:00,Low,Open,Technical,24
TKT-000034,272,2024-07-18 02:16:00,Medium,Resolved,Billing,48
TKT-000035,37,2025-06-12 03:14:00,High,In Progress,Technical,120
TKT-000036,16,2025-12-20 18:38:00,Low,In Progress,Shipping,48
TKT-000037,766,2024-06-08 21:21:00,Medium,Resolved,Shipping,48
TKT-000038,343,2025-11-08 17:28:00,Medium,Open,Billing,48
TKT-000039,346,2025-06-05 20:55:00,Medium,Open,Technical,48
TKT-000040,848,2025-08-14 22:35:00,Medium,In Progress,Technical,72
TKT-000041,539,2025-12-18 10:05:00,Low,Resolved,Technical,48
TKT-000042,959,2025-09-27 16:53:00,Medium,Open,Billing,48
TKT-000043,623,2025-02-28 14:21:00,Medium,Resolved,Technical,24
TKT-000044,233,2024-10-09 03:40:00,Low,Resolved,Account,96
TKT-000045,990,2025-11-03 04:56:00,Medium,Resolved,Technical,96
TKT-000046,576,2024-09-22 20:26:00,Low,In Progress,Account,72
TKT-000047,609,2025-11-14 16:50:00,Medium,Resolved,Shipping,72
TKT-000048,416,2025-10-12 05:42:00,Medium,Open,Account,48
TKT-000049,905,2025-05-05 09:52:00,High,In Progress,Shipping,96
TKT-000050,267,2024-06-21 20:28:00,Medium,Resolved,Billing,72
TKT-000051,997,2024-07-03 14:51:00,Low,Closed,Shipping,96
TKT-000052,326,2024-10-11 01:16:00,Low,Open,Shipping,48
TKT-000053,926,2024-06-26 11:46:00,Medium,Resolved,Technical,48
TKT-000054,744,2025-05-30 17:45:00,Medium,Closed,Returns,72
TKT-000055,911,2024-08-31 20:05:00,Medium,Closed,Shipping,48
TKT-000056,443,2025-11-27 12:36:00,Medium,Open,Account,48
TKT-000057,560,2025-01-24 20:18:00,High,Resolved,Billing,72
TKT-000058,862,2024-06-18 09:49:00,High,Open,Account,48
TKT-000059,722,2025-03-01 06:27:00,Low,Resolved,Billing,72
TKT-000060,76,2025-03-16 15:26:00,Medium,In Progress,Account,24
TKT-000061,247,2024-06-27 10:36:00,Low,Resolved,Shipping,72
TKT-000062,828,2025-08-08 02:20:00,Medium,Closed,Returns,24
TKT-000063,580,2024-09-16 17:30:00,Medium,Closed,Shipping,96
TKT-000064,313,2025-04-20 22:18:00,Medium,Closed,Technical,48
TKT-000065,576,2025-11-13 22:24:00,Medium,Open,Account,72
TKT-000066,694,2024-09-12 07:27:00,High,Open,Returns,48
TKT-000067,592,2025-04-28 04:52:00,Low,Resolved,Account,24
TKT-000068,343,2025-05-28 20:59:00,Low,Resolved,Technical,72
TKT-000069,715,2025-03-16 11:54:00,Low,Open,Technical,96
TKT-000070,182,2025-08-18 07:36:00,Medium,In Progress,Technical,24
TKT-000071,955,2024-07-07 14:51:00,Low,Closed,Shipping,48
TKT-000072,984,2025-05-14 13:58:00,Medium,Closed,Shipping,48
TKT-000073,726,2024-07-13 10:53:00,Low,Open,Returns,48
TKT-000074,935,2024-10-04 11:03:00,Low,In Progress,Technical,96
TKT-000075,632,2024-06-09 12:44:00,Low,Resolved,Shipping,48
TKT-000076,399,2025-11-08 18:10:00,Low,Closed,Billing,72
TKT-000077,241,2024-10-09 02:55:00,Medium,Resolved,Billing,48
TKT-000078,847,2025-04-21 08:29:00,Medium,Closed,Shipping,48
TKT-000079,714,2024-12-01 18:34:00,Low,Resolved,Returns,24
TKT-000080,924,2025-03-09 11:44:00,Medium,Closed,Account,48
TKT-000081,292,2024-07-23 19:49:00,Low,Resolved,Technical,48
TKT-000082,54,2025-12-05 10:01:00,Medium,Closed,Shipping,24
TKT-000083,145,2025-11-15 13:57:00,Medium,Resolved,Returns,96
TKT-000084,356,2025-06-12 16:41:00,Medium,In Progress,Account,48
TKT-000085,598,2025-03-22 00:50:00,High,Open,Returns,24
TKT-000086,983,2024-12-25 11:25:00,Medium,Closed,Account,24
TKT-000087,477,2025-09-20 04:25:00,High,Open,Billing,24
TKT-000088,22,2024-08-08 18:30:00,Medium,In Progress,Account,48
TKT-000089,331,2025-08-11 10:05:00,High,Resolved,Billing,48
TKT-000090,292,2025-03-28 17:55:00,High,Resolved,Technical,96
TKT-000091,236,2024-06-27 20:02:00,Low,Open,Shipping,96
TKT-000092,29,2025-12-05 21:41:00,Low,In Progress,Billing,96
TKT-000093,695,2024-09-14 21:02:00,Medium,In Progress,Returns,48
TKT-000094,938,2025-12-24 09:44:00,Medium,In Progress,Account,48
TKT-000095,160,2024-06-11 05:38:00,High,Closed,Returns,120
TKT-000096,910,2025-01-02 18:15:00,Low,Resolved,Billing,72
TKT-000097,530,2025-04-17 06:13:00,High,Closed,Returns,48
TKT-000098,550,2025-09-03 09:39:00,Low,Open,Account,48
TKT-000099,101,2025-11-08 08:36:00,Low,In Progress,Shipping,48
TKT-000100,290,2025-12-31 21:01:00,High,Resolved,Returns,72
TKT-000101,377,2024-11-07 02:00:00,Low,In Progress,Technical,96
TKT-000102,173,2025-09-07 23:56:00,Low,In Progress,Account,24
TKT-000103,343,2025-11-04 13:56:00,Low,Closed,Account,24
TKT-000104,928,2025-02-28 09:29:00,High,Closed,Technical,48
TKT-000105,878,2025-01-27 00:42:00,Medium,Resolved,Billing,48
TKT-000106,579,2024-11-14 20:20:00,High,Resolved,Technical,72
TKT-000107,191,2025-12-21 01:11:00,Medium,Open,Billing,72
TKT-000108,439,2025-04-23 01:30:00,Medium,Closed,Shipping,48
TKT-000109,555,2025-11-11 08:10:00,Low,Resolved,Billing,72
TKT-000110,635,2025-02-28 12:28:00,Low,Open,Shipping,48
TKT-000111,790,2025-06-11 16:37:00,Medium,Open,Shipping,72
TKT-000112,343,2025-06-10 06:22:00,Medium,Resolved,Technical,72
TKT-000113,708,2025-04-30 13:24:00,Low,Open,Shipping,48
TKT-000114,845,2024-06-03 19:37:00,Low,Closed,Billing,72
TKT-000115,125,2025-01-29 02:49:00,Low,Closed,Returns,48
TKT-000116,608,2024-07-21 21:35:00,Medium,Closed,Account,48
TKT-000117,890,2025-05-16 15:17:00,Low,Resolved,Account,48
TKT-000118,669,2024-11-21 18:53:00,Low,In Progress,Billing,48
TKT-000119,552,2024-09-24 02:30:00,Low,Open,Returns,72
TKT-000120,360,2025-05-27 07:10:00,High,Resolved,Shipping,48
TKT-000121,503,2025-05-21 07:30:00,Low,In Progress,Billing,72
TKT-000122,173,2024-08-15 10:42:00,High,Resolved,Shipping,96
TKT-000123,887,2024-08-20 12:59:00,Medium,In Progress,Technical,48
TKT-000124,394,2025-01-15 00:22:00,Medium,Open,Returns,24
TKT-000125,461,2024-08-11 06:06:00,Low,In Progress,Account,24
TKT-000126,685,2025-07-08 10:50:00,Medium,Resolved,Billing,24
TKT-000127,120,2025-01-04 13:39:00,Low,In Progress,Account,24
TKT-000128,273,2025-08-26 03:58:00,Low,In Progress,Shipping,72
TKT-000129,358,2025-06-02 07:13:00,High,In Progress,Shipping,48
TKT-000130,386,2025-12-12 11:43:00,Medium,Open,Technical,72
TKT-000131,913,2025-04-08 19:10:00,Low,Closed,Shipping,24
TKT-000132,876,2025-03-25 15:41:00,Medium,Resolved,Shipping,48
TKT-000133,858,2024-06-24 09:00:00,Medium,Open,Account,48
TKT-000134,887,2024-09-18 10:32:00,Medium,In Progress,Account,48
TKT-000135,934,2024-07-22 03:17:00,Medium,Closed,Billing,24
TKT-000136,933,2025-03-17 08:01:00,Low,Resolved,Billing,72
TKT-000137,319,2025-08-18 20:02:00,Low,In Progress,Shipping,72
TKT-000138,261,2025-09-10 14:28:00,Medium,In Progress,Returns,24
TKT-000139,281,2025-02-14 08:42:00,Medium,In Progress,Billing,72
TKT-000140,329,2025-04-20 10:50:00,Medium,Open,Shipping,48
TKT-000141,124,2025-05-04 15:58:00,Medium,Resolved,Account,48
TKT-000142,476,2025-12-08 07:16:00,Medium,In Progress,Technical,96
TKT-000143,278,2025-07-27 14:16:00,Medium,Resolved,Account,96
TKT-000144,93,2025-02-14 05:13:00,High,In Progress,Account,96
TKT-000145,959,2024-08-04 00:18:00,Low,Open,Technical,24
TKT-000146,547,2024-11-10 19:43:00,Medium,Resolved,Account,120
TKT-000147,823,2024-11-11 13:37:00,High,In Progress,Billing,72
TKT-000148,128,2024-07-09 02:01:00,Medium,Resolved,Account,48
TKT-000149,532,2025-04-16 01:11:00,Medium,Resolved,Technical,120
TKT-000150,773,2025-05-26 17:58:00,Low,Closed,Shipping,96
TKT-000151,167,2025-02-24 07:39:00,High,Open,Shipping,72
TKT-000152,831,2025-04-20 02:48:00,Medium,Open,Shipping,96
TKT-000153,236,2025-04-22 09:41:00,Medium,Resolved,Technical,48
TKT-000154,32,2025-02-12 19:32:00,Low,In Progress,Technical,72
TKT-000155,231,2024-12-17 10:28:00,Low,In Progress,Billing,24
TKT-000156,191,2025-08-12 00:25:00,Low,Open,Technical,120
TKT-000157,842,2024-09-12 21:11:00,Low,Resolved,Shipping,72
TKT-000158,936,2025-06-07 12:00:00,High,Open,Technical,96
TKT-000159,657,2024-11-11 20:50:00,High,Resolved,Returns,48
TKT-000160,613,2024-09-21 17:13:00,Medium,Resolved,Account,72
TKT-000161,591,2025-12-01 18:38:00,Low,Open,Billing,48
TKT-000162,508,2024-09-14 02:00:00,Low,Resolved,Shipping,72
TKT-000163,457,2025-05-30 02:05:00,Medium,In Progress,Shipping,72
TKT-000164,672,2024-06-21 09:08:00,Low,In Progress,Returns,24
TKT-000165,255,2024-10-07 18:12:00,Medium,Open,Billing,48
TKT-000166,279,2025-09-26 04:56:00,Low,Resolved,Account,48
TKT-000167,971,2024-12-16 11:25:00,Medium,In Progress,Billing,48
TKT-000168,700,2025-11-03 16:12:00,High,Open,Billing,48
TKT-000169,973,2025-07-25 17:48:00,Medium,Closed,Shipping,48
TKT-000170,722,2025-01-12 10:34:00,High,In Progress,Technical,48
TKT-000171,753,2024-12-26 06:21:00,Medium,Closed,Account,96
TKT-000172,56,2025-01-31 17:30:00,Medium,In Progress,Billing,96
TKT-000173,649,2025-03-15 11:44:00,Medium,Resolved,Returns,72
TKT-000174,106,2024-08-05 08:16:00,Low,Resolved,Shipping,24
TKT-000175,581,2024-10-31 14:11:00,High,Closed,Technical,72
TKT-000176,702,2025-10-04 19:19:00,Medium,Closed,Technical,48
TKT-000177,192,2025-08-09 11:46:00,Medium,Closed,Shipping,72
TKT-000178,278,2025-01-04 17:52:00,Medium,In Progress,Billing,48
TKT-000179,544,2025-08-03 02:00:00,Low,Resolved,Shipping,24
TKT-000180,175,2025-10-15 20:40:00,Urgent,Resolved,Technical,72
TKT-000181,770,2025-01-07 10:25:00,Low,Open,Technical,48
TKT-000182,635,2025-08-09 08:45:00,High,Closed,Returns,96
TKT-000183,85,2025-03-07 17:46:00,Low,In Progress,Returns,72
TKT-000184,988,2024-08-31 12:31:00,Medium,Open,Technical,48
TKT-000185,948,2025-11-06 01:35:00,Medium,In Progress,Returns,72
TKT-000186,728,2024-10-17 00:26:00,High,Resolved,Returns,48
TKT-000187,216,2024-06-23 13:55:00,High,Resolved,Returns,24
TKT-000188,14,2025-07-22 21:05:00,High,Resolved,Technical,48
TKT-000189,37,2025-05-14 08:06:00,Medium,In Progress,Billing,48
TKT-000190,27,2025-01-23 03:59:00,Low,Resolved,Billing,24
TKT-000191,664,2024-11-30 22:07:00,Medium,Closed,Account,48
TKT-000192,576,2025-10-21 01:06:00,Medium,In Progress,Returns,48
TKT-000193,70,2024-12-15 21:44:00,Medium,Resolved,Billing,24
TKT-000194,154,2024-10-01 20:15:00,Medium,Open,Account,72
TKT-000195,438,2025-11-28 19:02:00,Medium,Open,Shipping,24
TKT-000196,765,2025-06-16 19:35:00,Medium,Resolved,Returns,48
TKT-000197,271,2025-10-28 23:35:00,High,Open,Billing,48
TKT-000198,541,2024-06-06 03:50:00,High,Resolved,Billing,24
TKT-000199,996,2025-03-31 05:50:00,Medium,Resolved,Billing,120
TKT-000200,74,2024-12-09 12:40:00,Medium,In Progress,Account,72
TKT-000201,796,2025-06-11 19:54:00,Medium,In Progress,Shipping,96
TKT-000202,571,2025-11-07 14:22:00,Low,Closed,Returns,48
TKT-000203,755,2024-07-06 19:15:00,Low,Open,Billing,72
TKT-000204,841,2024-08-09 05:56:00,Low,Resolved,Technical,120
TKT-000205,149,2025-03-16 17:45:00,Low,Closed,Returns,48
TKT-000206,506,2024-09-13 22:08:00,Low,Closed,Technical,48
TKT-000207,10,2025-04-09 17:09:00,High,Resolved,Account,48
TKT-000208,644,2024-07-25 05:28:00,Medium,In Progress,Billing,120
TKT-000209,502,2024-09-15 19:53:00,Medium,Open,Returns,48
TKT-000210,62,2025-04-03 15:10:00,Medium,Open,Returns,72
TKT-000211,388,2024-07-06 05:37:00,Medium,Resolved,Billing,24
TKT-000212,895,2024-10-11 18:12:00,Low,Open,Shipping,96
TKT-000213,774,2024-06-25 14:41:00,Low,Closed,Account,72
TKT-000214,730,2024-07-07 08:58:00,High,Resolved,Billing,96
TKT-000215,232,2024-06-19 12:16:00,Medium,Open,Returns,96
TKT-000216,848,2024-07-05 07:22:00,Medium,Open,Shipping,72
TKT-000217,584,2025-05-29 15:23:00,Medium,Resolved,Returns,72
TKT-000218,988,2025-07-23 15:19:00,Low,Open,Technical,72
TKT-000219,528,2025-08-04 00:50:00,Medium,Resolved,Returns,48
TKT-000220,550,2025-10-31 02:28:00,Medium,Closed,Account,48
TKT-000221,689,2025-09-10 18:35:00,Medium,Closed,Billing,24
TKT-000222,445,2024-12-16 06:07:00,Low,Resolved,Returns,48
TKT-000223,321,2025-11-28 09:39:00,High,Closed,Technical,120
TKT-000224,894,2025-12-20 10:55:00,Low,Resolved,Technical,48
TKT-000225,83,2024-12-28 01:15:00,Medium,In Progress,Billing,72
TKT-000226,434,2025-10-14 18:29:00,Medium,Resolved,Technical,24
TKT-000227,17,2025-01-27 03:46:00,Medium,Open,Billing,48
TKT-000228,369,2024-11-17 23:06:00,Medium,Open,Account,24
TKT-000229,668,2025-03-21 15:58:00,Low,Resolved,Billing,48
TKT-000230,684,2025-04-11 09:51:00,Medium,Closed,Shipping,24
TKT-000231,908,2024-10-05 00:23:00,Low,Resolved,Technical,72
TKT-000232,582,2025-09-11 00:27:00,Low,In Progress,Technical,72
TKT-000233,583,2025-06-02 02:00:00,Low,Resolved,Returns,72
TKT-000234,255,2024-06-21 14:12:00,Medium,In Progress,Shipping,72
TKT-000235,456,2025-04-12 10:23:00,Low,In Progress,Returns,96
TKT-000236,643,2024-08-29 14:49:00,Low,Closed,Billing,72
TKT-000237,561,2025-07-09 22:48:00,Medium,In Progress,Account,24
TKT-000238,533,2025-10-31 00:30:00,High,Open,Technical,48
TKT-000239,392,2025-08-25 20:50:00,Medium,Resolved,Account,24
TKT-000240,320,2024-10-28 14:29:00,High,In Progress,Billing,48
TKT-000241,220,2025-08-20 21:13:00,Medium,Resolved,Billing,48
TKT-000242,699,2024-08-19 00:49:00,Medium,Resolved,Shipping,96
TKT-000243,414,2024-06-17 12:05:00,Medium,Resolved,Returns,48
TKT-000244,32,2024-10-16 06:28:00,Low,Open,Technical,72
TKT-000245,715,2025-10-21 15:43:00,Low,Open,Technical,48
TKT-000246,788,2025-12-04 21:51:00,Low,In Progress,Account,24
TKT-000247,754,2024-08-13 16:54:00,Low,Resolved,Shipping,96
TKT-000248,16,2024-08-13 07:54:00,Medium,Open,Billing,48
TKT-000249,409,2024-07-20 12:35:00,Medium,In Progress,Shipping,96
TKT-000250,828,2024-06-10 10:02:00,Low,Closed,Technical,24
TKT-000251,173,2024-09-11 15:25:00,High,Open,Returns,96
TKT-000252,649,2025-06-23 17:09:00,Medium,Resolved,Account,72
TKT-000253,179,2025-06-20 13:12:00,Medium,Resolved,Billing,72
TKT-000254,871,2025-03-26 06:51:00,High,Closed,Billing,96
TKT-000255,573,2025-05-05 11:01:00,Low,Closed,Billing,48
TKT-000256,497,2025-06-24 22:27:00,Medium,Resolved,Returns,24
TKT-000257,936,2025-09-17 23:42:00,Medium,Resolved,Technical,24
TKT-000258,104,2024-10-20 21:45:00,Medium,Resolved,Technical,48
TKT-000259,317,2024-11-17 03:10:00,High,In Progress,Shipping,48
TKT-000260,707,2024-06-13 13:05:00,Medium,In Progress,Shipping,96
TKT-000261,768,2025-08-23 09:44:00,Low,In Progress,Technical,24
TKT-000262,976,2024-11-21 15:58:00,Low,Open,Billing,96
TKT-000263,588,2024-10-10 08:19:00,Low,Resolved,Returns,96
TKT-000264,783,2025-11-22 09:39:00,Medium,Closed,Technical,72
TKT-000265,181,2025-02-24 13:35:00,Low,Closed,Returns,96
TKT-000266,132,2025-02-06 18:06:00,Low,Open,Account,72
TKT-000267,663,2025-06-05 22:10:00,Medium,Open,Billing,48
TKT-000268,155,2025-11-08 12:59:00,Low,Resolved,Account,72
TKT-000269,359,2025-10-19 15:42:00,High,In Progress,Technical,72
TKT-000270,235,2024-11-25 19:09:00,Low,Resolved,Shipping,24
TKT-000271,760,2025-11-29 04:24:00,Low,Resolved,Technical,24
TKT-000272,165,2025-02-14 00:06:00,Low,Resolved,Account,48
TKT-000273,717,2025-02-15 23:56:00,High,In Progress,Returns,24
TKT-000274,427,2024-10-13 20:29:00,Medium,Open,Technical,120
TKT-000275,677,2025-09-04 20:02:00,Low,In Progress,Shipping,48
TKT-000276,488,2025-10-02 11:34:00,Medium,Resolved,Account,48
TKT-000277,213,2024-08-20 16:31:00,Medium,Closed,Technical,24
TKT-000278,925,2025-06-02 15:17:00,Low,Open,Account,48
TKT-000279,766,2024-07-29 20:51:00,Medium,Open,Account,48
TKT-000280,157,2024-08-13 12:27:00,Low,Resolved,Billing,24
TKT-000281,689,2025-01-25 02:25:00,Low,In Progress,Returns,120
TKT-000282,75,2024-10-07 21:59:00,Medium,Closed,Billing,48
TKT-000283,435,2025-07-17 04:00:00,Low,Open,Account,72
TKT-000284,178,2025-04-11 14:16:00,High,Closed,Shipping,24
TKT-000285,796,2025-06-09 04:46:00,Low,Closed,Shipping,96
TKT-000286,842,2025-08-11 15:51:00,Medium,Closed,Billing,72
TKT-000287,645,2024-10-16 00:25:00,Low,Open,Shipping,72
TKT-000288,637,2025-08-29 07:31:00,High,In Progress,Account,72
TKT-000289,312,2024-06-09 01:45:00,Low,Resolved,Technical,72
TKT-000290,832,2025-01-18 03:59:00,High,Resolved,Account,24
TKT-000291,127,2025-07-02 05:31:00,Low,Resolved,Technical,48
TKT-000292,377,2025-12-26 15:11:00,Medium,In Progress,Shipping,48
TKT-000293,345,2025-04-14 17:45:00,Medium,In Progress,Returns,48
TKT-000294,225,2025-10-20 10:44:00,Medium,Closed,Returns,48
TKT-000295,17,2025-11-04 00:34:00,Low,Open,Account,96
TKT-000296,497,2024-08-26 14:35:00,High,Open,Account,48
TKT-000297,993,2025-04-14 22:50:00,Low,Open,Shipping,48
TKT-000298,473,2025-04-29 06:23:00,Medium,Resolved,Returns,120
TKT-000299,865,2025-05-26 13:30:00,Medium,Open,Returns,96
TKT-000300,311,2025-01-27 21:51:00,Urgent,Resolved,Account,120
TKT-000301,758,2024-07-26 12:27:00,Medium,In Progress,Returns,72
TKT-000302,137,2024-09-18 15:58:00,Low,Open,Account,24
TKT-000303,475,2024-07-19 17:36:00,Medium,Resolved,Billing,96
TKT-000304,217,2024-06-16 01:34:00,Low,Open,Returns,24
TKT-000305,196,2024-08-12 16:59:00,Low,In Progress,Technical,24
TKT-000306,201,2024-12-19 03:24:00,Low,Resolved,Shipping,24
TKT-000307,366,2024-09-01 13:53:00,High,In Progress,Account,72
TKT-000308,719,2024-07-03 00:29:00,High,In Progress,Returns,24
TKT-000309,528,2025-07-24 04:25:00,Low,Closed,Returns,72
TKT-000310,400,2024-12-20 00:22:00,Medium,Closed,Account,24
TKT-000311,525,2025-12-03 10:08:00,Low,In Progress,Technical,24
TKT-000312,590,2025-04-08 00:38:00,Low,In Progress,Returns,48
TKT-000313,214,2025-09-12 02:52:00,Low,In Progress,Billing,48
TKT-000314,341,2025-06-29 12:39:00,Medium,Closed,Shipping,120
TKT-000315,329,2024-12-28 23:56:00,High,Resolved,Account,120
TKT-000316,959,2025-12-23 06:53:00,Low,Open,Returns,24
TKT-000317,119,2024-11-03 11:31:00,Low,Closed,Shipping,96
TKT-000318,425,2025-04-18 10:14:00,Low,Resolved,Account,72
TKT-000319,693,2025-08-09 03:28:00,High,In Progress,Account,48
TKT-000320,836,2025-12-26 00:21:00,Low,In Progress,Account,72
TKT-000321,842,2024-07-10 00:04:00,Medium,Open,Technical,96
TKT-000322,867,2024-07-10 10:50:00,High,Closed,Billing,24
TKT-000323,373,2025-08-27 03:33:00,Low,Resolved,Account,24
TKT-000324,649,2024-12-07 15:19:00,Medium,Open,Technical,48
TKT-000325,179,2024-06-15 15:06:00,Low,Resolved,Account,24
TKT-000326,432,2024-10-02 19:22:00,High,Resolved,Account,48
TKT-000327,720,2025-03-07 11:11:00,Low,Open,Technical,72
TKT-000328,945,2024-07-18 11:06:00,Urgent,In Progress,Billing,96
TKT-000329,402,2024-12-06 13:19:00,High,Resolved,Shipping,48
TKT-000330,394,2025-03-31 05:16:00,Medium,In Progress,Returns,48
TKT-000331,981,2025-12-11 13:12:00,Medium,In Progress,Account,72
TKT-000332,883,2024-09-13 09:35:00,Medium,Open,Billing,48
TKT-000333,566,2025-06-04 19:39:00,Low,In Progress,Returns,96
TKT-000334,79,2025-10-14 01:30:00,Low,Resolved,Account,120
TKT-000335,783,2025-09-03 17:45:00,Low,Open,Returns,120
TKT-000336,907,2025-02-02 12:40:00,Medium,Resolved,Technical,72
TKT-000337,424,2025-02-19 21:58:00,High,In Progress,Billing,48
TKT-000338,118,2024-12-23 12:49:00,High,Resolved,Billing,24
TKT-000339,368,2025-10-20 22:40:00,Medium,In Progress,Shipping,72
TKT-000340,106,2025-11-12 00:00:00,Medium,Resolved,Shipping,120
TKT-000341,105,2025-05-30 01:48:00,High,Resolved,Returns,24
TKT-000342,303,2025-05-06 15:27:00,High,Resolved,Technical,24
TKT-000343,630,2025-07-12 19:08:00,Medium,Resolved,Returns,96
TKT-000344,894,2025-08-27 18:07:00,Low,Open,Account,24
TKT-000345,741,2025-12-30 03:25:00,Medium,Closed,Billing,24
TKT-000346,148,2024-10-28 23:58:00,Medium,Resolved,Returns,96
TKT-000347,866,2024-12-10 14:09:00,Medium,Resolved,Returns,24
TKT-000348,150,2024-10-25 21:07:00,Urgent,Closed,Billing,24
TKT-000349,816,2025-07-11 09:49:00,High,In Progress,Billing,72
TKT-000350,256,2024-11-30 10:22:00,Medium,Open,Shipping,72
TKT-000351,82,2024-09-14 20:39:00,Low,Resolved,Shipping,48
TKT-000352,16,2025-01-22 16:04:00,Low,Closed,Billing,48
TKT-000353,901,2024-11-26 16:04:00,Low,Open,Returns,72
TKT-000354,193,2025-08-06 10:52:00,Medium,Resolved,Account,48
TKT-000355,723,2025-07-06 23:23:00,High,Resolved,Returns,24
TKT-000356,74,2025-11-07 01:18:00,Medium,Closed,Account,24
TKT-000357,277,2025-11-22 06:54:00,Medium,In Progress,Billing,72
TKT-000358,61,2025-04-19 19:32:00,Low,Open,Account,72
TKT-000359,973,2025-02-16 10:38:00,Medium,Open,Shipping,72
TKT-000360,951,2025-07-04 13:10:00,High,Resolved,Billing,72
TKT-000361,536,2025-05-03 17:41:00,Medium,Closed,Technical,72
TKT-000362,535,2025-03-27 19:40:00,Low,Resolved,Account,24
TKT-000363,343,2024-09-27 05:32:00,High,Closed,Account,96
TKT-000364,395,2025-12-10 04:47:00,Low,Resolved,Technical,96
TKT-000365,943,2025-07-18 18:55:00,Medium,Resolved,Technical,48
TKT-000366,258,2025-06-19 18:34:00,Low,Open,Billing,48
TKT-000367,198,2025-09-23 17:52:00,Medium,In Progress,Returns,72
TKT-000368,53,2025-04-01 02:40:00,Low,Open,Technical,72
TKT-000369,651,2024-12-13 23:45:00,Medium,In Progress,Account,48
TKT-000370,271,2025-04-29 05:19:00,Medium,Open,Technical,72
TKT-000371,201,2024-06-20 15:23:00,Low,Open,Billing,72
TKT-000372,396,2025-08-07 06:03:00,High,In Progress,Billing,96
TKT-000373,378,2025-07-31 07:54:00,Low,Resolved,Account,24
TKT-000374,891,2025-01-15 17:02:00,High,Open,Account,24
TKT-000375,676,2025-11-06 12:45:00,Medium,Resolved,Account,72
TKT-000376,604,2025-01-03 10:01:00,Medium,Resolved,Returns,96
TKT-000377,535,2025-06-10 05:11:00,Medium,Resolved,Account,48
TKT-000378,923,2024-07-06 09:48:00,Low,Resolved,Billing,72
TKT-000379,88,2024-06-28 20:43:00,Low,Resolved,Billing,24
TKT-000380,398,2025-06-07 05:42:00,Medium,Closed,Technical,72
TKT-000381,182,2024-08-25 15:05:00,High,Open,Account,120
TKT-000382,867,2024-12-05 18:37:00,High,In Progress,Returns,72
TKT-000383,283,2025-04-01 19:16:00,Low,Open,Shipping,96
TKT-000384,533,2025-07-27 02:51:00,Medium,Resolved,Technical,72
TKT-000385,561,2024-08-19 10:25:00,Medium,In Progress,Returns,96
TKT-000386,190,2024-12-03 17:12:00,Medium,In Progress,Account,24
TKT-000387,205,2024-06-05 11:21:00,High,Open,Returns,24
TKT-000388,968,2025-12-10 22:24:00,Low,Resolved,Shipping,24
TKT-000389,44,2025-10-10 18:41:00,Medium,Resolved,Returns,48
TKT-000390,300,2025-10-22 19:52:00,Medium,In Progress,Shipping,48
TKT-000391,640,2024-06-02 05:10:00,Low,In Progress,Shipping,72
TKT-000392,994,2025-01-03 15:13:00,Medium,Closed,Shipping,96
TKT-000393,701,2025-11-19 22:46:00,Low,Resolved,Returns,72
TKT-000394,682,2025-02-12 07:09:00,Medium,Open,Account,48
TKT-000395,279,2025-08-27 14:17:00,Medium,Closed,Billing,96
TKT-000396,713,2025-07-29 04:44:00,Low,Open,Billing,48
TKT-000397,385,2025-04-20 21:23:00,Low,In Progress,Returns,72
TKT-000398,637,2025-10-12 08:14:00,High,Open,Account,96
TKT-000399,804,2024-12-14 05:54:00,High,Closed,Billing,120
TKT-000400,311,2025-10-17 03:33:00,High,Open,Shipping,48
TKT-000401,878,2025-02-27 13:36:00,Urgent,Open,Returns,96
TKT-000402,528,2024-06-18 03:19:00,Low,Closed,Returns,72
TKT-000403,857,2024-09-15 20:59:00,Low,Resolved,Technical,48
TKT-000404,274,2025-11-11 14:12:00,Low,Resolved,Technical,48
TKT-000405,482,2024-10-03 02:15:00,High,Open,Technical,48
TKT-000406,806,2025-09-26 15:47:00,Medium,In Progress,Account,48
TKT-000407,451,2024-06-04 10:27:00,Medium,Closed,Returns,72
TKT-000408,532,2025-05-17 15:16:00,High,Resolved,Technical,48
TKT-000409,531,2025-05-17 22:44:00,Medium,Resolved,Returns,72
TKT-000410,525,2025-01-14 05:41:00,Low,Closed,Shipping,72
TKT-000411,17,2024-06-16 06:27:00,Low,Resolved,Technical,96
TKT-000412,718,2025-07-30 00:03:00,Low,In Progress,Returns,48
TKT-000413,30,2025-09-07 11:16:00,Low,In Progress,Account,96
TKT-000414,470,2025-02-01 06:38:00,Medium,Open,Account,96
TKT-000415,811,2024-11-24 06:50:00,Medium,In Progress,Account,72
TKT-000416,304,2025-11-25 03:32:00,Low,Closed,Technical,72
TKT-000417,555,2025-10-22 09:19:00,Medium,In Progress,Account,48
TKT-000418,93,2025-12-14 09:17:00,Medium,Closed,Billing,120
TKT-000419,882,2025-12-16 09:17:00,Urgent,Resolved,Shipping,72
TKT-000420,578,2025-01-19 17:51:00,Medium,Closed,Returns,48
TKT-000421,631,2024-07-08 20:10:00,High,Closed,Billing,48
TKT-000422,821,2025-10-04 08:21:00,Low,Resolved,Technical,72
TKT-000423,584,2025-08-18 10:43:00,Low,Closed,Returns,48
TKT-000424,846,2024-06-20 08:50:00,Medium,Resolved,Returns,72
TKT-000425,162,2025-12-08 15:52:00,Low,Resolved,Account,48
TKT-000426,973,2024-09-19 13:06:00,Medium,Resolved,Returns,72
TKT-000427,842,2025-09-30 07:54:00,Low,Resolved,Returns,72
TKT-000428,328,2024-08-28 00:41:00,Medium,In Progress,Shipping,96
TKT-000429,967,2025-04-15 10:03:00,High,In Progress,Technical,72
TKT-000430,781,2024-09-26 21:24:00,Low,In Progress,Billing,72
TKT-000431,730,2025-08-08 00:47:00,Urgent,Open,Account,96
TKT-000432,254,2025-01-25 12:07:00,Low,In Progress,Shipping,72
TKT-000433,440,2024-08-11 03:40:00,Low,Closed,Billing,96
TKT-000434,571,2025-07-04 15:39:00,Medium,Resolved,Billing,48
TKT-000435,544,2025-07-09 05:42:00,High,Open,Shipping,96
TKT-000436,851,2025-02-06 21:01:00,Medium,Resolved,Account,48
TKT-000437,120,2024-12-12 02:34:00,Medium,Closed,Technical,96
TKT-000438,975,2025-12-24 15:37:00,Low,Resolved,Shipping,48
TKT-000439,822,2025-01-08 14:00:00,Low,Resolved,Shipping,24
TKT-000440,514,2024-11-29 17:59:00,Low,Open,Shipping,24
TKT-000441,630,2025-02-11 06:26:00,Low,In Progress,Account,24
TKT-000442,549,2024-08-27 14:53:00,Urgent,Resolved,Shipping,48
TKT-000443,979,2025-10-05 22:18:00,High,Open,Shipping,48
TKT-000444,97,2025-05-02 00:37:00,Low,Open,Returns,96
TKT-000445,871,2025-11-20 22:44:00,Medium,Closed,Returns,48
TKT-000446,370,2025-07-12 14:10:00,Medium,Resolved,Returns,48
TKT-000447,417,2025-03-16 12:08:00,Low,In Progress,Returns,72
TKT-000448,257,2025-05-28 03:50:00,Medium,In Progress,Shipping,24
TKT-000449,128,2025-08-15 07:31:00,Medium,In Progress,Returns,96
TKT-000450,359,2024-06-30 22:45:00,Medium,Open,Billing,48
TKT-000451,156,2025-11-30 04:16:00,Low,Resolved,Technical,72
TKT-000452,657,2025-01-09 07:13:00,High,Open,Returns,24
TKT-000453,57,2024-10-02 03:28:00,Medium,Resolved,Account,24
TKT-000454,582,2025-01-01 20:24:00,Low,Resolved,Technical,72
TKT-000455,948,2024-09-26 02:16:00,Low,Resolved,Billing,48
TKT-000456,556,2025-01-13 09:24:00,Medium,Resolved,Technical,120
TKT-000457,724,2025-08-18 14:15:00,Medium,Open,Technical,48
TKT-000458,687,2025-12-01 23:37:00,Medium,Resolved,Billing,96
TKT-000459,653,2025-08-11 12:00:00,Low,Resolved,Returns,120
TKT-000460,76,2024-06-12 14:04:00,Low,Resolved,Billing,48
TKT-000461,158,2024-09-30 00:35:00,Medium,Open,Account,96
TKT-000462,85,2025-11-29 20:38:00,Low,In Progress,Billing,24
TKT-000463,322,2025-10-02 00:26:00,Medium,In Progress,Shipping,72
TKT-000464,309,2025-02-06 00:17:00,Low,Resolved,Shipping,72
TKT-000465,530,2025-12-31 10:29:00,Low,Resolved,Technical,48
TKT-000466,284,2025-09-25 19:20:00,Low,Resolved,Returns,24
TKT-000467,900,2025-12-02 09:38:00,Medium,Resolved,Returns,72
TKT-000468,42,2025-03-07 15:02:00,Medium,Open,Shipping,96
TKT-000469,894,2025-05-03 16:14:00,High,Closed,Account,96
TKT-000470,885,2024-11-15 17:33:00,High,Resolved,Billing,72
TKT-000471,134,2025-04-24 18:16:00,Medium,Open,Billing,48
TKT-000472,614,2025-02-01 02:02:00,Low,Resolved,Billing,96
TKT-000473,649,2025-03-28 15:56:00,Medium,Resolved,Account,96
TKT-000474,404,2024-12-17 16:40:00,Low,Open,Account,48
TKT-000475,493,2025-10-13 16:26:00,Medium,Resolved,Billing,24
TKT-000476,222,2024-06-13 20:51:00,Medium,Closed,Billing,96
TKT-000477,229,2025-06-01 05:37:00,Medium,In Progress,Account,96
TKT-000478,806,2024-09-05 16:30:00,Low,In Progress,Billing,24
TKT-000479,452,2024-08-10 04:32:00,Urgent,Open,Account,120
TKT-000480,998,2025-05-23 15:01:00,Medium,Closed,Technical,48
TKT-000481,306,2025-11-26 00:38:00,Medium,In Progress,Shipping,120
TKT-000482,828,2025-02-05 11:21:00,Low,Open,Shipping,48
TKT-000483,909,2025-02-09 07:05:00,Medium,In Progress,Account,48
TKT-000484,119,2024-11-29 05:14:00,Low,Open,Billing,48
TKT-000485,611,2024-11-13 10:13:00,Medium,In Progress,Shipping,96
TKT-000486,862,2024-06-04 12:34:00,Medium,Open,Returns,48
TKT-000487,938,2025-09-06 02:36:00,High,Open,Billing,96
TKT-000488,324,2024-10-23 14:31:00,Low,Open,Account,24
TKT-000489,921,2024-11-12 12:56:00,Medium,Closed,Returns,72
TKT-000490,159,2025-05-10 04:16:00,Low,Closed,Account,48
TKT-000491,239,2024-09-13 14:14:00,Medium,In Progress,Billing,24
TKT-000492,396,2025-11-30 10:34:00,High,Resolved,Technical,48
TKT-000493,320,2025-04-10 07:35:00,Medium,Resolved,Technical,24
TKT-000494,847,2024-11-16 00:46:00,Medium,In Progress,Technical,72
TKT-000495,189,2025-11-02 22:35:00,Low,In Progress,Billing,48
TKT-000496,309,2025-08-10 00:09:00,Medium,Resolved,Billing,24
TKT-000497,249,2025-10-25 02:23:00,Low,In Progress,Returns,48
TKT-000498,538,2025-07-14 19:35:00,Medium,Resolved,Billing,48
TKT-000499,701,2025-08-10 08:06:00,Low,Resolved,Billing,24
TKT-000500,506,2025-04-11 19:19:00,Medium,Resolved,Returns,48
TKT-000501,394,2025-11-24 17:29:00,Low,Resolved,Returns,72
TKT-000502,652,2025-12-31 17:10:00,Low,Resolved,Account,48
TKT-000503,406,2024-08-02 09:50:00,Medium,Closed,Shipping,72
TKT-000504,1000,2024-07-02 17:18:00,High,Resolved,Shipping,48
TKT-000505,181,2024-12-28 14:58:00,High,Open,Account,24
TKT-000506,21,2025-09-06 23:43:00,High,Resolved,Technical,96
TKT-000507,675,2025-12-15 03:26:00,Low,Resolved,Billing,96
TKT-000508,583,2025-12-27 15:09:00,Low,Resolved,Returns,48
TKT-000509,594,2024-08-19 20:39:00,High,In Progress,Returns,48
TKT-000510,155,2025-05-09 04:18:00,High,Open,Technical,48
TKT-000511,828,2025-01-18 22:32:00,Medium,Closed,Returns,96
TKT-000512,867,2024-10-07 07:33:00,Low,Closed,Technical,72
TKT-000513,559,2024-06-19 13:18:00,Low,In Progress,Account,96
TKT-000514,194,2025-05-23 06:14:00,High,Open,Technical,48
TKT-000515,224,2025-07-24 07:43:00,Low,Resolved,Shipping,72
TKT-000516,399,2024-08-20 01:14:00,Medium,In Progress,Technical,72
TKT-000517,749,2024-09-26 04:01:00,High,In Progress,Account,72
TKT-000518,280,2025-10-07 17:20:00,Medium,Resolved,Technical,48
TKT-000519,980,2025-10-05 21:22:00,Low,Resolved,Account,72
TKT-000520,10,2025-01-11 02:02:00,Low,Open,Shipping,96
TKT-000521,376,2025-07-24 22:14:00,Low,Resolved,Billing,96
TKT-000522,472,2024-10-15 01:50:00,Medium,Resolved,Account,24
TKT-000523,152,2025-01-12 21:19:00,Medium,Resolved,Billing,72
TKT-000524,856,2025-04-30 03:53:00,Low,In Progress,Account,96
TKT-000525,616,2025-01-15 16:07:00,Low,Open,Technical,24
TKT-000526,124,2025-04-19 08:16:00,Low,Open,Billing,48
TKT-000527,697,2024-09-16 17:43:00,Urgent,Open,Account,24
TKT-000528,802,2025-08-19 19:05:00,High,Open,Account,24
TKT-000529,553,2024-06-07 12:06:00,Medium,In Progress,Billing,96
TKT-000530,424,2024-10-06 01:31:00,High,Open,Account,48
TKT-000531,523,2025-05-19 23:04:00,Medium,In Progress,Billing,72
TKT-000532,730,2025-02-22 19:06:00,Medium,In Progress,Shipping,24
TKT-000533,513,2024-12-31 05:36:00,Medium,In Progress,Returns,24
TKT-000534,926,2025-02-02 08:32:00,Medium,Resolved,Shipping,96
TKT-000535,171,2025-06-09 10:02:00,Low,In Progress,Billing,72
TKT-000536,850,2025-07-26 07:07:00,Medium,Open,Technical,24
TKT-000537,794,2024-07-11 00:06:00,High,Open,Technical,120
TKT-000538,565,2025-05-14 01:59:00,Low,Resolved,Returns,48
TKT-000539,125,2025-12-13 06:26:00,Low,In Progress,Billing,48
TKT-000540,175,2024-10-21 22:53:00,Low,Closed,Account,72
TKT-000541,504,2024-10-19 10:40:00,Low,Resolved,Shipping,24
TKT-000542,777,2025-12-17 18:41:00,Low,In Progress,Shipping,72
TKT-000543,777,2024-09-15 17:46:00,Medium,Resolved,Returns,72
TKT-000544,385,2024-07-03 03:02:00,Low,Resolved,Returns,48
TKT-000545,711,2024-12-17 11:36:00,Low,Open,Returns,72
TKT-000546,768,2024-09-27 09:24:00,High,Open,Returns,48
TKT-000547,684,2025-01-15 20:58:00,Medium,Resolved,Returns,72
TKT-000548,571,2024-12-02 07:25:00,Low,Closed,Returns,24
TKT-000549,952,2025-01-01 03:19:00,Medium,In Progress,Account,96
TKT-000550,106,2024-10-08 15:47:00,Medium,In Progress,Account,96
TKT-000551,947,2025-02-27 08:32:00,Medium,Open,Shipping,24
TKT-000552,637,2024-06-08 16:29:00,Low,Resolved,Shipping,96
TKT-000553,528,2025-07-08 03:32:00,High,Resolved,Returns,72
TKT-000554,38,2025-12-31 23:21:00,Medium,In Progress,Shipping,72
TKT-000555,395,2025-06-04 09:05:00,High,Resolved,Returns,96
TKT-000556,755,2025-11-19 08:05:00,Low,In Progress,Account,24
TKT-000557,921,2024-07-23 23:04:00,Low,Resolved,Technical,24
TKT-000558,477,2025-02-02 02:47:00,Low,In Progress,Account,48
TKT-000559,467,2025-05-03 14:49:00,Low,Resolved,Billing,48
TKT-000560,722,2025-03-08 15:30:00,Low,Resolved,Account,48
TKT-000561,505,2024-07-03 23:47:00,Low,Resolved,Billing,48
TKT-000562,315,2025-11-30 13:47:00,Medium,Open,Shipping,24
TKT-000563,285,2025-05-09 02:16:00,Low,Resolved,Account,72
TKT-000564,464,2025-01-25 20:56:00,Low,Resolved,Technical,24
TKT-000565,680,2025-10-05 01:54:00,High,Closed,Account,48
TKT-000566,264,2024-11-24 21:15:00,Low,In Progress,Account,24
TKT-000567,610,2024-07-14 21:52:00,Medium,Resolved,Account,72
TKT-000568,646,2025-03-31 17:52:00,Medium,In Progress,Returns,96
TKT-000569,429,2025-02-24 08:35:00,High,In Progress,Account,24
TKT-000570,365,2025-07-05 11:27:00,High,Open,Account,72
TKT-000571,181,2025-08-05 16:59:00,Medium,Open,Technical,96
TKT-000572,734,2025-07-26 21:35:00,High,Open,Billing,120
TKT-000573,876,2024-10-09 17:29:00,Medium,Open,Billing,72
TKT-000574,994,2025-07-15 18:13:00,Medium,Open,Technical,48
TKT-000575,661,2025-01-11 04:52:00,Low,Resolved,Shipping,48
TKT-000576,244,2024-10-21 23:49:00,Medium,In Progress,Account,48
TKT-000577,313,2025-12-30 20:57:00,Medium,Resolved,Shipping,72
TKT-000578,76,2025-11-22 03:50:00,Medium,Resolved,Technical,48
TKT-000579,881,2024-10-03 21:26:00,Medium,Resolved,Shipping,72
TKT-000580,262,2024-12-29 15:37:00,Low,Resolved,Billing,24
TKT-000581,231,2025-08-02 19:04:00,Low,Open,Returns,24
TKT-000582,703,2025-08-11 08:37:00,Medium,Resolved,Shipping,120
TKT-000583,380,2025-01-24 17:27:00,Low,Resolved,Returns,120
TKT-000584,646,2025-04-24 11:45:00,Low,Resolved,Shipping,72
TKT-000585,309,2024-09-27 06:16:00,Medium,Resolved,Technical,48
TKT-000586,764,2024-07-16 07:16:00,High,Resolved,Returns,120
TKT-000587,388,2024-08-23 14:12:00,Low,In Progress,Shipping,48
TKT-000588,757,2025-05-18 16:09:00,Medium,Resolved,Technical,72
TKT-000589,777,2024-06-13 08:18:00,Low,Resolved,Billing,24
TKT-000590,325,2024-11-19 19:57:00,Medium,Open,Account,72
TKT-000591,842,2025-01-20 09:59:00,Low,Resolved,Technical,72
TKT-000592,879,2024-11-28 12:57:00,Medium,Resolved,Technical,96
TKT-000593,456,2024-07-21 22:13:00,Medium,Resolved,Billing,72
TKT-000594,512,2025-06-30 01:09:00,Low,Closed,Returns,96
TKT-000595,343,2025-08-03 03:24:00,Medium,Open,Shipping,48
TKT-000596,516,2025-03-01 05:40:00,Medium,Resolved,Returns,72
TKT-000597,442,2024-12-24 17:35:00,Low,Resolved,Technical,48
TKT-000598,549,2024-10-26 17:46:00,Medium,Resolved,Shipping,24
TKT-000599,583,2025-03-27 01:57:00,Medium,In Progress,Account,72
TKT-000600,262,2025-08-27 14:48:00,Low,In Progress,Account,96
TKT-000601,749,2025-12-01 00:14:00,Medium,Resolved,Shipping,24
TKT-000602,819,2025-06-18 22:25:00,Medium,In Progress,Technical,24
TKT-000603,463,2025-11-16 15:10:00,High,Closed,Billing,24
TKT-000604,867,2025-01-19 10:26:00,Medium,Open,Returns,96
TKT-000605,690,2024-10-07 22:40:00,Low,Resolved,Returns,48
TKT-000606,608,2025-12-22 11:29:00,High,Open,Billing,48
TKT-000607,910,2025-01-23 12:53:00,Low,Resolved,Billing,24
TKT-000608,227,2025-12-27 23:24:00,Medium,Resolved,Account,48
TKT-000609,523,2025-09-28 15:12:00,High,Open,Billing,72
TKT-000610,778,2025-01-27 01:59:00,Medium,Resolved,Shipping,120
TKT-000611,189,2025-01-09 00:25:00,Medium,Open,Account,48
TKT-000612,209,2024-09-07 01:03:00,High,Resolved,Technical,48
TKT-000613,13,2025-12-09 07:39:00,Medium,Resolved,Account,96
TKT-000614,889,2025-02-28 05:13:00,Medium,In Progress,Account,96
TKT-000615,162,2025-07-04 13:24:00,Medium,Open,Returns,48
TKT-000616,572,2025-10-30 20:39:00,Low,Resolved,Billing,24
TKT-000617,493,2025-08-04 16:25:00,Medium,In Progress,Shipping,120
TKT-000618,435,2025-11-05 12:15:00,High,Open,Billing,72
TKT-000619,5,2025-05-14 14:48:00,Low,Resolved,Returns,96
TKT-000620,202,2025-12-03 16:21:00,Medium,Open,Billing,48
TKT-000621,416,2025-08-25 09:38:00,Medium,Resolved,Shipping,72
TKT-000622,12,2024-07-12 23:02:00,Medium,Resolved,Billing,72
TKT-000623,948,2024-09-02 19:09:00,Medium,Open,Returns,96
TKT-000624,397,2025-09-29 16:11:00,Urgent,Open,Shipping,120
TKT-000625,341,2025-10-30 14:20:00,Low,Resolved,Billing,24
TKT-000626,752,2025-12-16 11:46:00,Medium,Open,Returns,72
TKT-000627,950,2024-10-28 18:30:00,Medium,Open,Returns,48
TKT-000628,373,2025-10-12 22:46:00,Medium,Resolved,Account,96
TKT-000629,378,2025-06-06 06:34:00,Low,Resolved,Shipping,72
TKT-000630,225,2025-09-28 08:03:00,Medium,In Progress,Shipping,96
TKT-000631,182,2025-06-18 11:05:00,High,Resolved,Billing,48
TKT-000632,297,2024-12-09 07:35:00,Low,Resolved,Account,24
TKT-000633,816,2025-01-07 03:29:00,Medium,Resolved,Shipping,24
TKT-000634,307,2024-07-17 08:44:00,High,Resolved,Returns,48
TKT-000635,431,2024-10-05 11:15:00,Medium,Closed,Shipping,48
TKT-000636,690,2024-06-07 16:41:00,Medium,In Progress,Account,96
TKT-000637,118,2024-09-24 14:55:00,Urgent,In Progress,Technical,48
TKT-000638,352,2025-12-16 16:43:00,Low,Open,Returns,72
TKT-000639,588,2025-06-01 05:06:00,Medium,Open,Shipping,96
TKT-000640,46,2024-07-16 18:19:00,Medium,Open,Returns,96
TKT-000641,227,2025-06-28 17:25:00,Medium,In Progress,Billing,48
TKT-000642,356,2024-06-23 00:59:00,Medium,Resolved,Returns,24
TKT-000643,294,2024-10-09 06:25:00,Low,Open,Shipping,48
TKT-000644,240,2024-10-05 00:55:00,Low,Resolved,Billing,48
TKT-000645,348,2025-08-19 02:47:00,Low,In Progress,Billing,72
TKT-000646,141,2025-04-05 23:55:00,Low,Closed,Billing,72
TKT-000647,204,2025-08-07 11:56:00,Low,Resolved,Technical,72
TKT-000648,662,2025-09-16 14:24:00,High,Resolved,Technical,96
TKT-000649,642,2024-07-18 20:14:00,Low,Closed,Billing,96
TKT-000650,861,2024-08-21 08:01:00,Medium,Closed,Shipping,120
TKT-000651,845,2024-09-17 23:59:00,Medium,Resolved,Billing,96
TKT-000652,995,2025-02-18 05:39:00,Low,In Progress,Billing,24
TKT-000653,269,2024-07-01 13:15:00,High,Resolved,Returns,24
TKT-000654,313,2025-05-24 14:51:00,High,In Progress,Returns,48
TKT-000655,418,2025-12-20 12:55:00,Low,Open,Returns,72
TKT-000656,915,2025-09-23 21:22:00,Urgent,In Progress,Account,72
TKT-000657,137,2024-12-06 22:53:00,Medium,Open,Returns,48
TKT-000658,628,2024-06-05 10:00:00,Low,In Progress,Returns,96
TKT-000659,351,2025-03-13 07:16:00,Medium,Open,Shipping,48
TKT-000660,161,2025-06-29 20:45:00,Medium,In Progress,Technical,96
TKT-000661,667,2025-08-29 23:56:00,Medium,Open,Technical,48
TKT-000662,173,2025-07-31 22:53:00,Medium,In Progress,Technical,24
TKT-000663,130,2024-06-27 18:02:00,Low,Resolved,Account,24
TKT-000664,79,2024-10-05 02:31:00,Urgent,In Progress,Billing,24
TKT-000665,979,2024-10-13 15:33:00,High,Closed,Returns,24
TKT-000666,569,2025-11-17 08:59:00,Medium,Open,Shipping,72
TKT-000667,863,2025-04-27 03:44:00,Low,Closed,Account,24
TKT-000668,57,2025-06-27 22:21:00,Medium,Open,Technical,96
TKT-000669,400,2024-06-08 09:22:00,Medium,Closed,Account,48
TKT-000670,363,2025-02-16 21:42:00,High,Open,Shipping,24
TKT-000671,335,2024-12-16 09:17:00,High,Resolved,Account,96
TKT-000672,134,2025-06-21 10:17:00,High,Open,Technical,48
TKT-000673,14,2025-09-15 00:23:00,Medium,Resolved,Billing,72
TKT-000674,283,2024-11-26 06:07:00,High,Open,Technical,48
TKT-000675,806,2025-08-24 16:38:00,Low,Resolved,Technical,24
TKT-000676,659,2025-01-26 05:34:00,Medium,Resolved,Technical,48
TKT-000677,421,2025-11-06 00:02:00,Low,Closed,Account,48
TKT-000678,127,2024-11-30 16:47:00,High,Resolved,Shipping,24
TKT-000679,772,2025-05-24 21:21:00,High,In Progress,Technical,72
TKT-000680,826,2025-06-11 04:22:00,Low,Open,Account,96
TKT-000681,218,2025-11-20 02:00:00,Medium,Resolved,Shipping,48
TKT-000682,905,2024-08-21 00:20:00,Urgent,Open,Billing,96
TKT-000683,745,2025-05-24 15:04:00,Medium,Resolved,Technical,24
TKT-000684,881,2024-12-02 02:19:00,Medium,Open,Returns,96
TKT-000685,680,2025-03-15 21:52:00,Medium,Resolved,Account,96
TKT-000686,655,2024-08-01 03:25:00,Medium,Resolved,Billing,48
TKT-000687,489,2025-10-20 00:42:00,High,In Progress,Billing,120
TKT-000688,997,2025-09-05 14:09:00,Medium,Resolved,Billing,48
TKT-000689,260,2024-06-30 19:01:00,Low,In Progress,Account,24
TKT-000690,218,2024-07-01 17:08:00,Low,Open,Shipping,72
TKT-000691,820,2025-03-20 03:26:00,Low,Closed,Returns,120
TKT-000692,658,2024-11-20 10:34:00,Medium,In Progress,Shipping,96
TKT-000693,489,2024-10-06 05:44:00,High,Resolved,Technical,48
TKT-000694,949,2024-08-25 19:25:00,Medium,Resolved,Returns,72
TKT-000695,443,2025-04-11 06:11:00,Urgent,Resolved,Shipping,24
TKT-000696,99,2024-06-28 20:55:00,High,Open,Technical,48
TKT-000697,182,2024-09-30 19:47:00,Medium,Resolved,Returns,48
TKT-000698,169,2025-02-06 09:06:00,Medium,In Progress,Account,48
TKT-000699,233,2025-12-25 23:07:00,Medium,In Progress,Technical,48
TKT-000700,956,2025-07-08 16:23:00,Low,Closed,Shipping,96
TKT-000701,93,2025-08-17 05:34:00,Medium,Open,Returns,48
TKT-000702,629,2025-02-27 00:10:00,Medium,Resolved,Technical,96
TKT-000703,472,2024-09-21 23:51:00,Medium,In Progress,Technical,48
TKT-000704,516,2025-06-29 01:14:00,Medium,In Progress,Account,120
TKT-000705,85,2024-06-19 22:03:00,Low,In Progress,Technical,24
TKT-000706,679,2025-09-08 15:46:00,Medium,In Progress,Returns,72
TKT-000707,519,2024-12-08 15:12:00,Medium,In Progress,Billing,72
TKT-000708,381,2025-10-06 23:24:00,Low,In Progress,Returns,96
TKT-000709,407,2024-11-10 11:49:00,Medium,Resolved,Returns,24
TKT-000710,232,2025-03-22 14:12:00,Low,Open,Account,48
TKT-000711,251,2025-12-31 12:55:00,High,In Progress,Account,72
TKT-000712,85,2024-08-12 14:45:00,Low,In Progress,Technical,48
TKT-000713,319,2025-12-14 12:15:00,Medium,Resolved,Account,72
TKT-000714,193,2025-04-05 10:33:00,Medium,Open,Technical,48
TKT-000715,635,2025-03-29 17:31:00,Low,Closed,Billing,48
TKT-000716,937,2025-04-04 06:35:00,Medium,Open,Shipping,24
TKT-000717,601,2024-10-02 11:22:00,Medium,In Progress,Account,24
TKT-000718,607,2025-02-16 23:19:00,Low,Open,Account,96
TKT-000719,887,2024-12-12 07:00:00,Low,In Progress,Billing,48
TKT-000720,300,2025-05-17 06:03:00,Medium,Resolved,Account,72
TKT-000721,358,2025-10-02 20:39:00,Low,In Progress,Billing,48
TKT-000722,557,2024-12-17 18:44:00,Medium,Open,Technical,24
TKT-000723,765,2025-10-21 01:32:00,High,Open,Account,48
TKT-000724,453,2025-08-20 04:25:00,Low,Open,Account,48
TKT-000725,885,2024-08-19 03:25:00,Medium,Closed,Technical,96
TKT-000726,991,2025-09-12 18:23:00,Medium,Resolved,Account,120
TKT-000727,563,2025-08-16 00:36:00,Medium,In Progress,Returns,96
TKT-000728,506,2025-02-27 17:14:00,Low,In Progress,Billing,48
TKT-000729,65,2025-05-09 18:33:00,Medium,Closed,Shipping,72
TKT-000730,566,2024-10-02 12:23:00,Low,Resolved,Returns,96
TKT-000731,952,2025-01-09 00:18:00,Low,Closed,Shipping,48
TKT-000732,222,2025-10-03 06:13:00,Medium,In Progress,Returns,72
TKT-000733,466,2025-03-24 01:33:00,Low,Open,Returns,72
TKT-000734,72,2024-09-27 00:31:00,Low,Resolved,Returns,72
TKT-000735,888,2024-08-15 02:19:00,Low,Resolved,Billing,72
TKT-000736,474,2025-02-13 16:12:00,Low,Resolved,Shipping,72
TKT-000737,680,2025-11-14 17:24:00,Low,Open,Technical,72
TKT-000738,698,2025-05-17 19:32:00,Low,Resolved,Technical,96
TKT-000739,655,2025-03-04 20:44:00,Low,In Progress,Account,48
TKT-000740,19,2025-02-10 12:12:00,Medium,In Progress,Billing,72
TKT-000741,522,2025-02-19 12:33:00,Low,Resolved,Billing,24
TKT-000742,984,2024-06-29 20:42:00,Medium,Resolved,Billing,96
TKT-000743,784,2025-09-10 00:57:00,Medium,Resolved,Returns,48
TKT-000744,683,2024-07-05 21:38:00,Medium,Closed,Billing,48
TKT-000745,415,2025-03-21 02:19:00,Low,Resolved,Technical,96
TKT-000746,364,2024-12-20 17:26:00,High,Resolved,Billing,72
TKT-000747,528,2024-08-07 15:00:00,Medium,Resolved,Returns,48
TKT-000748,80,2024-10-09 06:17:00,Low,In Progress,Shipping,48
TKT-000749,796,2024-09-19 15:21:00,Low,Resolved,Billing,120
TKT-000750,190,2025-11-06 06:12:00,Medium,In Progress,Shipping,24
TKT-000751,148,2025-03-15 18:06:00,High,Resolved,Account,24
TKT-000752,675,2024-07-13 12:57:00,Medium,In Progress,Returns,72
TKT-000753,443,2025-03-21 22:45:00,Medium,Open,Billing,72
TKT-000754,265,2025-03-12 02:46:00,Low,Open,Account,72
TKT-000755,872,2025-12-16 19:34:00,Medium,Resolved,Account,72
TKT-000756,650,2024-06-19 08:42:00,Low,In Progress,Shipping,96
TKT-000757,509,2025-10-20 09:43:00,Medium,In Progress,Technical,96
TKT-000758,301,2025-11-29 08:20:00,Low,Resolved,Technical,72
TKT-000759,466,2024-07-18 14:55:00,Low,Open,Technical,48
TKT-000760,365,2025-01-05 16:38:00,Medium,Open,Technical,48
TKT-000761,399,2024-12-05 09:19:00,Medium,In Progress,Returns,72
TKT-000762,493,2024-07-01 22:51:00,Low,Resolved,Billing,48
TKT-000763,542,2025-02-14 21:35:00,High,Resolved,Billing,24
TKT-000764,816,2025-05-10 16:51:00,Low,Closed,Returns,72
TKT-000765,480,2025-04-04 03:52:00,Medium,In Progress,Shipping,96
TKT-000766,168,2024-08-10 09:19:00,Medium,In Progress,Billing,48
TKT-000767,603,2025-04-03 20:31:00,Medium,Open,Account,72
TKT-000768,91,2025-12-20 15:20:00,High,Closed,Billing,72
TKT-000769,723,2024-09-07 14:20:00,Low,Resolved,Returns,48
TKT-000770,842,2024-06-21 20:42:00,Low,Resolved,Shipping,72
TKT-000771,300,2025-12-17 14:31:00,Medium,Closed,Billing,48
TKT-000772,174,2024-06-06 01:20:00,Low,In Progress,Returns,48
TKT-000773,646,2025-01-17 10:13:00,Low,In Progress,Account,72
TKT-000774,373,2024-08-21 11:42:00,Medium,Resolved,Technical,72
TKT-000775,24,2025-01-03 09:00:00,Medium,Resolved,Account,48
TKT-000776,201,2025-05-01 12:44:00,Medium,Resolved,Account,24
TKT-000777,731,2025-12-11 21:14:00,Low,Resolved,Shipping,72
TKT-000778,7,2025-12-05 12:17:00,Low,Resolved,Billing,48
TKT-000779,6,2025-09-02 10:05:00,Low,Closed,Technical,24
TKT-000780,630,2024-08-26 23:58:00,Medium,Resolved,Returns,48
TKT-000781,161,2025-10-28 18:29:00,Low,Open,Technical,72
TKT-000782,597,2025-10-26 10:21:00,High,Resolved,Billing,96
TKT-000783,878,2025-09-21 20:40:00,Low,Resolved,Shipping,120
TKT-000784,248,2025-10-11 17:01:00,High,Resolved,Billing,24
TKT-000785,166,2025-08-23 03:15:00,Medium,Open,Returns,48
TKT-000786,428,2025-02-15 16:34:00,Low,Open,Technical,72
TKT-000787,145,2025-11-19 22:00:00,Low,In Progress,Account,96
TKT-000788,511,2024-12-17 15:45:00,Low,Closed,Billing,48
TKT-000789,543,2025-09-06 00:43:00,Medium,Open,Shipping,48
TKT-000790,933,2024-09-02 06:32:00,Medium,In Progress,Shipping,48
TKT-000791,509,2025-05-18 18:33:00,Medium,Resolved,Technical,72
TKT-000792,907,2024-09-16 02:34:00,Medium,Closed,Account,48
TKT-000793,220,2025-05-21 16:17:00,Medium,Resolved,Returns,120
TKT-000794,645,2025-09-12 00:58:00,Medium,Closed,Account,48
TKT-000795,576,2024-09-03 01:49:00,Low,Resolved,Technical,48
TKT-000796,76,2024-08-30 07:58:00,High,Closed,Account,48
TKT-000797,643,2024-07-14 10:17:00,Medium,In Progress,Technical,24
TKT-000798,824,2025-08-30 13:03:00,Urgent,In Progress,Account,72
TKT-000799,319,2025-06-19 17:52:00,Low,Resolved,Billing,72
TKT-000800,873,2024-06-23 23:20:00,High,In Progress,Shipping,24
TKT-000801,38,2024-06-23 17:35:00,High,Closed,Technical,72
TKT-000802,566,2025-01-20 10:00:00,Medium,In Progress,Technical,72
TKT-000803,642,2025-04-07 15:39:00,Medium,In Progress,Shipping,48
TKT-000804,730,2025-07-22 16:31:00,High,In Progress,Returns,48
TKT-000805,514,2025-04-29 08:50:00,Urgent,Resolved,Technical,48
TKT-000806,246,2025-12-27 17:06:00,Medium,Open,Billing,48
TKT-000807,140,2024-09-11 06:17:00,Medium,Open,Account,48
TKT-000808,808,2025-10-13 09:31:00,High,Closed,Billing,24
TKT-000809,258,2025-09-26 21:05:00,Low,Closed,Technical,48
TKT-000810,617,2024-12-06 09:46:00,Low,Open,Returns,96
TKT-000811,381,2025-09-03 05:56:00,Urgent,Resolved,Technical,24
TKT-000812,848,2024-12-06 11:24:00,High,Resolved,Returns,24
TKT-000813,478,2025-05-17 20:20:00,High,In Progress,Shipping,72
TKT-000814,185,2024-09-22 14:17:00,Medium,Resolved,Account,24
TKT-000815,303,2024-09-12 10:58:00,Medium,In Progress,Billing,48
TKT-000816,494,2025-10-21 21:36:00,Urgent,In Progress,Returns,48
TKT-000817,756,2025-05-11 00:34:00,Low,Resolved,Billing,96
TKT-000818,164,2024-06-21 16:46:00,Medium,Resolved,Shipping,24
TKT-000819,644,2025-06-22 07:40:00,Medium,In Progress,Technical,96
TKT-000820,203,2024-12-26 11:57:00,Low,Resolved,Returns,72
TKT-000821,408,2025-09-26 21:16:00,Low,Resolved,Account,72
TKT-000822,210,2025-09-16 08:31:00,Medium,Resolved,Returns,72
TKT-000823,859,2025-06-28 17:51:00,Medium,Resolved,Technical,24
TKT-000824,101,2025-10-29 20:08:00,Low,Resolved,Technical,24
TKT-000825,446,2024-12-05 08:10:00,Medium,In Progress,Account,48
TKT-000826,898,2025-05-12 04:32:00,Medium,In Progress,Account,24
TKT-000827,783,2025-05-18 16:52:00,Medium,Resolved,Shipping,120
TKT-000828,971,2025-11-23 08:46:00,Low,Resolved,Billing,72
TKT-000829,987,2024-07-17 19:11:00,Medium,In Progress,Returns,48
TKT-000830,561,2024-08-16 03:29:00,Low,In Progress,Shipping,72
TKT-000831,368,2025-05-09 10:23:00,Low,Resolved,Billing,120
TKT-000832,239,2024-12-08 19:25:00,Low,Open,Shipping,120
TKT-000833,727,2025-11-25 02:52:00,Medium,Open,Account,72
TKT-000834,291,2024-07-06 07:26:00,Low,In Progress,Account,48
TKT-000835,372,2025-07-29 19:02:00,Low,Open,Technical,24
TKT-000836,862,2025-05-17 00:10:00,Low,In Progress,Returns,24
TKT-000837,431,2024-12-05 12:40:00,High,In Progress,Returns,24
TKT-000838,280,2025-11-09 22:07:00,High,Resolved,Returns,24
TKT-000839,467,2025-04-30 19:37:00,Low,In Progress,Shipping,96
TKT-000840,316,2025-09-26 05:22:00,Low,Resolved,Shipping,96
TKT-000841,989,2025-01-02 16:16:00,High,Resolved,Returns,72
TKT-000842,77,2024-11-05 07:24:00,Low,In Progress,Technical,72
TKT-000843,816,2025-01-27 05:41:00,Low,Open,Billing,48
TKT-000844,151,2025-03-23 03:40:00,Low,Resolved,Shipping,48
TKT-000845,396,2025-09-05 01:49:00,Urgent,Open,Returns,96
TKT-000846,496,2024-07-15 06:49:00,Medium,Open,Account,48
TKT-000847,297,2025-10-08 08:24:00,Low,Open,Shipping,72
TKT-000848,669,2024-11-22 00:39:00,Low,In Progress,Billing,48
TKT-000849,710,2025-05-12 04:22:00,High,Resolved,Shipping,96
TKT-000850,947,2024-07-26 19:01:00,Medium,Resolved,Billing,72
TKT-000851,896,2025-12-18 23:57:00,Medium,In Progress,Billing,72
TKT-000852,407,2025-05-07 11:47:00,Low,Closed,Shipping,24
TKT-000853,287,2024-09-16 13:42:00,Medium,Open,Billing,48
TKT-000854,493,2024-12-31 07:40:00,Low,Resolved,Shipping,48
TKT-000855,917,2025-10-12 19:01:00,Medium,Resolved,Shipping,48
TKT-000856,536,2025-07-02 03:36:00,Low,Resolved,Technical,96
TKT-000857,456,2025-12-02 01:16:00,Low,Open,Account,96
TKT-000858,492,2025-10-10 14:51:00,Medium,Resolved,Billing,48
TKT-000859,9,2024-11-20 19:55:00,High,In Progress,Shipping,48
TKT-000860,918,2024-09-13 06:29:00,Medium,In Progress,Billing,96
TKT-000861,132,2025-12-04 17:29:00,Low,In Progress,Shipping,24
TKT-000862,77,2025-09-22 19:11:00,Medium,Resolved,Shipping,24
TKT-000863,738,2025-07-04 06:13:00,Medium,Open,Shipping,24
TKT-000864,131,2025-08-08 10:53:00,Medium,Open,Account,24
TKT-000865,997,2024-12-11 15:03:00,Medium,Open,Billing,48
TKT-000866,888,2025-09-09 17:27:00,Low,Open,Account,48
TKT-000867,412,2025-05-07 12:23:00,Medium,Open,Account,72
TKT-000868,90,2024-07-29 07:02:00,Low,Closed,Account,72
TKT-000869,498,2025-11-20 20:00:00,High,In Progress,Account,48
TKT-000870,629,2025-09-21 14:12:00,Medium,Open,Technical,48
TKT-000871,622,2024-09-11 13:50:00,Medium,Resolved,Billing,96
TKT-000872,889,2025-11-15 21:29:00,Low,Resolved,Billing,72
TKT-000873,354,2025-04-18 16:12:00,Low,Resolved,Shipping,48
TKT-000874,271,2025-12-01 10:28:00,Medium,Resolved,Billing,48
TKT-000875,392,2024-06-14 09:29:00,Low,Open,Account,24
TKT-000876,432,2025-08-30 21:33:00,High,Resolved,Returns,48
TKT-000877,739,2025-01-07 22:32:00,Medium,Resolved,Billing,120
TKT-000878,472,2025-06-26 21:58:00,Low,Resolved,Returns,48
TKT-000879,756,2024-11-20 02:01:00,Low,Closed,Technical,72
TKT-000880,308,2024-08-20 02:38:00,Medium,Resolved,Shipping,48
TKT-000881,508,2025-05-02 20:01:00,Low,Resolved,Shipping,96
TKT-000882,55,2025-01-11 22:31:00,Medium,Open,Shipping,48
TKT-000883,37,2024-07-05 05:06:00,Medium,In Progress,Technical,48
TKT-000884,900,2024-12-05 18:32:00,Low,Closed,Account,72
TKT-000885,55,2025-01-10 12:30:00,Medium,Resolved,Returns,72
TKT-000886,524,2025-10-07 17:41:00,Medium,Open,Billing,72
TKT-000887,915,2025-04-07 09:50:00,Urgent,Resolved,Account,72
TKT-000888,463,2025-11-03 05:45:00,Medium,Open,Shipping,48
TKT-000889,697,2025-11-22 21:15:00,Medium,Resolved,Shipping,48
TKT-000890,478,2025-06-04 02:28:00,Low,Closed,Account,72
TKT-000891,749,2025-09-18 17:19:00,Medium,In Progress,Returns,72
TKT-000892,805,2024-07-01 23:10:00,Low,In Progress,Account,48
TKT-000893,716,2025-01-18 13:54:00,Medium,In Progress,Technical,72
TKT-000894,211,2025-10-10 13:00:00,Low,Closed,Shipping,96
TKT-000895,226,2025-12-18 01:57:00,Medium,Resolved,Returns,72
TKT-000896,7,2024-11-22 11:43:00,Low,Resolved,Billing,24
TKT-000897,732,2025-03-25 05:16:00,Medium,Resolved,Shipping,48
TKT-000898,823,2025-05-31 04:47:00,Medium,In Progress,Account,48
TKT-000899,540,2024-08-25 15:07:00,Medium,In Progress,Returns,48
TKT-000900,989,2025-12-29 22:54:00,High,Resolved,Shipping,48
TKT-000901,805,2024-08-28 04:56:00,Medium,Closed,Billing,48
TKT-000902,212,2024-07-24 20:17:00,Low,Open,Billing,24
TKT-000903,189,2025-05-27 23:35:00,Medium,Open,Account,48
TKT-000904,75,2025-09-19 07:22:00,Medium,In Progress,Technical,48
TKT-000905,754,2025-01-15 21:44:00,Medium,Resolved,Account,48
TKT-000906,114,2025-11-16 15:00:00,High,In Progress,Returns,24
TKT-000907,679,2025-06-08 05:00:00,Low,Closed,Account,24
TKT-000908,618,2025-09-12 14:57:00,High,Open,Returns,24
TKT-000909,151,2025-07-25 07:05:00,Low,Open,Technical,96
TKT-000910,436,2025-11-14 04:09:00,Medium,Open,Account,72
TKT-000911,878,2025-07-05 11:25:00,Low,Closed,Billing,48
TKT-000912,84,2024-12-01 12:31:00,Low,Open,Returns,96
TKT-000913,212,2025-12-14 16:37:00,High,In Progress,Returns,48
TKT-000914,779,2024-08-29 06:45:00,Medium,In Progress,Billing,72
TKT-000915,834,2025-06-18 13:20:00,Urgent,Resolved,Account,24
TKT-000916,781,2025-06-04 04:03:00,Low,Open,Technical,96
TKT-000917,461,2024-08-13 06:06:00,Medium,Resolved,Shipping,24
TKT-000918,937,2025-02-24 01:59:00,Medium,In Progress,Account,24
TKT-000919,177,2024-06-15 14:09:00,Low,Closed,Account,48
TKT-000920,783,2025-04-25 07:12:00,Low,Resolved,Returns,96
TKT-000921,312,2025-06-27 03:02:00,Low,In Progress,Returns,24
TKT-000922,694,2025-08-08 12:38:00,Urgent,Closed,Technical,48
TKT-000923,159,2025-05-10 19:01:00,Medium,Open,Technical,48
TKT-000924,701,2024-12-12 00:30:00,Medium,Resolved,Technical,96
TKT-000925,186,2024-07-06 16:16:00,Low,In Progress,Billing,48
TKT-000926,471,2024-12-22 19:32:00,Low,In Progress,Shipping,72
TKT-000927,956,2024-07-27 08:47:00,Medium,Open,Shipping,48
TKT-000928,309,2024-09-18 21:36:00,Urgent,Resolved,Technical,72
TKT-000929,982,2025-10-09 14:23:00,Medium,Open,Returns,24
TKT-000930,246,2025-01-11 23:28:00,Medium,Resolved,Shipping,48
TKT-000931,829,2025-06-21 01:41:00,Medium,Open,Account,96
TKT-000932,976,2024-08-03 18:15:00,Urgent,Resolved,Billing,72
TKT-000933,384,2025-05-18 10:22:00,Medium,Resolved,Returns,120
TKT-000934,42,2025-09-06 13:24:00,High,Resolved,Billing,72
TKT-000935,285,2025-04-16 06:47:00,Low,Resolved,Account,48
TKT-000936,980,2025-05-23 22:50:00,Medium,Open,Shipping,72
TKT-000937,988,2024-09-01 23:10:00,Medium,Open,Billing,72
TKT-000938,923,2025-03-27 13:49:00,Medium,In Progress,Billing,48
TKT-000939,300,2025-10-07 13:08:00,Medium,Closed,Billing,24
TKT-000940,989,2025-06-24 10:17:00,Low,Resolved,Account,48
TKT-000941,901,2025-08-08 09:08:00,Low,Resolved,Returns,24
TKT-000942,436,2024-09-10 04:50:00,High,Closed,Returns,48
TKT-000943,369,2025-06-13 07:01:00,Low,Closed,Account,96
TKT-000944,874,2025-05-04 03:00:00,Urgent,Resolved,Billing,96
TKT-000945,486,2025-10-05 10:54:00,Medium,Resolved,Billing,72
TKT-000946,949,2024-07-30 01:53:00,Medium,Closed,Technical,48
TKT-000947,436,2025-10-22 21:01:00,High,Resolved,Shipping,48
TKT-000948,806,2025-06-27 18:37:00,Medium,Resolved,Shipping,72
TKT-000949,428,2024-09-27 04:19:00,Medium,Resolved,Returns,48
TKT-000950,181,2025-09-14 18:50:00,Low,Resolved,Account,72
TKT-000951,883,2025-04-24 04:03:00,High,In Progress,Billing,96
TKT-000952,898,2024-06-21 07:02:00,Medium,Resolved,Shipping,48
TKT-000953,877,2024-09-05 05:34:00,Medium,Resolved,Account,48
TKT-000954,694,2025-10-26 17:26:00,Medium,Open,Account,48
TKT-000955,340,2025-05-16 04:30:00,Low,Open,Billing,48
TKT-000956,491,2024-10-10 19:23:00,High,Closed,Account,24
TKT-000957,495,2025-11-28 07:33:00,Low,Resolved,Shipping,96
TKT-000958,973,2024-07-02 23:27:00,Low,In Progress,Technical,120
TKT-000959,730,2025-02-14 09:53:00,Low,Open,Shipping,96
TKT-000960,163,2025-09-19 23:20:00,Low,Resolved,Technical,96
TKT-000961,558,2024-07-03 16:49:00,Medium,Open,Account,120
TKT-000962,456,2025-06-23 14:15:00,Low,In Progress,Shipping,96
TKT-000963,92,2025-12-13 19:39:00,Low,Resolved,Billing,72
TKT-000964,105,2025-08-30 22:38:00,Low,Resolved,Account,24
TKT-000965,719,2024-10-22 02:11:00,Medium,Closed,Billing,24
TKT-000966,439,2025-01-10 12:47:00,Medium,Open,Technical,24
TKT-000967,498,2025-01-03 08:20:00,Medium,In Progress,Returns,48
TKT-000968,328,2024-11-03 19:23:00,Medium,Open,Returns,96
TKT-000969,651,2025-11-02 02:14:00,Medium,Open,Technical,48
TKT-000970,541,2024-07-06 12:46:00,Low,Open,Returns,48
TKT-000971,509,2024-06-09 13:31:00,High,Resolved,Account,24
TKT-000972,251,2024-07-10 23:50:00,Low,In Progress,Account,24
TKT-000973,965,2025-09-12 12:49:00,Low,Closed,Shipping,48
TKT-000974,191,2024-11-26 01:33:00,Medium,Open,Account,24
TKT-000975,47,2025-10-14 21:04:00,Medium,Resolved,Returns,24
TKT-000976,879,2025-06-08 02:44:00,High,Closed,Billing,48
TKT-000977,251,2024-08-07 05:24:00,Low,Open,Shipping,48
TKT-000978,775,2025-07-29 20:41:00,Medium,In Progress,Billing,24
TKT-000979,885,2025-10-28 15:39:00,Medium,Resolved,Returns,72
TKT-000980,64,2025-05-30 10:19:00,Low,Resolved,Billing,48
TKT-000981,850,2025-08-25 03:50:00,Low,Resolved,Returns,24
TKT-000982,320,2025-10-29 09:41:00,Medium,In Progress,Account,72
TKT-000983,860,2025-04-25 12:12:00,Low,Resolved,Shipping,48
TKT-000984,780,2025-06-05 20:02:00,Low,Resolved,Technical,24
TKT-000985,524,2025-06-22 18:23:00,Low,Open,Returns,96
TKT-000986,292,2025-11-29 22:57:00,Low,Closed,Account,72
TKT-000987,29,2024-09-22 11:10:00,Low,Resolved,Billing,48
TKT-000988,651,2025-12-23 19:44:00,Low,Resolved,Account,96
TKT-000989,437,2024-07-08 06:42:00,Low,Resolved,Billing,96
TKT-000990,966,2025-11-27 17:35:00,High,Resolved,Billing,48
TKT-000991,597,2025-06-12 02:00:00,Low,Open,Billing,96
TKT-000992,586,2025-07-04 12:06:00,Medium,Resolved,Billing,96
TKT-000993,763,2024-12-20 06:24:00,High,Resolved,Shipping,24
TKT-000994,736,2024-12-19 07:55:00,High,Resolved,Billing,72
TKT-000995,47,2024-09-08 09:19:00,Low,Closed,Shipping,24
TKT-000996,417,2025-07-03 19:50:00,Low,Open,Technical,72
TKT-000997,593,2025-08-24 06:28:00,Medium,In Progress,Shipping,72
TKT-000998,451,2024-09-26 22:36:00,High,Resolved,Billing,48
TKT-000999,633,2025-07-26 13:09:00,Low,Resolved,Technical,96
TKT-001000,555,2025-01-29 12:32:00,Medium,In Progress,Account,96
